Generate the report at 2026-08-20T16:25:40, GitVersion: aa25008b3778a76ae1975c839d4cc459f7f7b3b7.
+------------------------------------------------------------------------------------+--------------------------+------------+------------+---------------+-------+--------+-----------+
| Endpoint                                                                           | Clock Group              | Delay Type | Path Delay | Path Required | CPPR  | Slack  | Freq(MHz) |
+------------------------------------------------------------------------------------+--------------------------+------------+------------+---------------+-------+--------+-----------+
| u_core.u_regfile.rf[18]_15__reg_p:D                                                | core_clock               | max        | 4.149r     | 1.817         | 0.000 | -2.332 | 230.841   |
| u_core.u_regfile.rf[31]_14__reg_p:D                                                | core_clock               | max        | 4.149r     | 1.817         | 0.000 | -2.332 | 230.841   |
| u_core.u_regfile.rf[14]_11__reg_p:D                                                | core_clock               | max        | 4.149r     | 1.817         | 0.000 | -2.332 | 230.841   |
| u_core.u_regfile.rf[28]_14__reg_p:D                                                | core_clock               | max        | 4.149r     | 1.817         | 0.000 | -2.332 | 230.841   |
| u_core.u_regfile.rf[6]_15__reg_p:D                                                 | core_clock               | max        | 4.149r     | 1.817         | 0.000 | -2.332 | 230.841   |
| pc[0]_reg_p_CK_ICGX0P5H7L_ECK:E                                                    | **clock_gating_default** | max        | 3.506r     | 1.898         | 0.000 | -1.608 | NA        |
| pc[0]_reg_p_CK_ICGX0P5H7L_ECK:E                                                    | **clock_gating_default** | max        | 3.459f     | 1.938         | 0.000 | -1.520 | NA        |
| u_core.u_pmem.aw_word_lat_2__NAND2BX0P5H7L_AN_1_Y_NOR2X0P5H7L_A_1_Y_ICGX0P5H7L_E:E | **clock_gating_default** | max        | 3.074r     | 1.881         | 0.000 | -1.193 | NA        |
| u_core.u_pmem.aw_word_lat_2__NAND2X0P5H7L_A_Y_NOR2X0P5H7L_B_1_Y_ICGX0P5H7L_E:E     | **clock_gating_default** | max        | 3.078r     | 1.886         | 0.000 | -1.192 | NA        |
| u_core.u_pmem.aw_word_lat_2__NAND2X0P5H7L_A_1_Y_NOR2X0P5H7L_B_1_Y_ICGX0P5H7L_E:E   | **clock_gating_default** | max        | 3.078r     | 1.886         | 0.000 | -1.192 | NA        |
| u_core.dmem_rdata_15__reg_p:D                                                      | core_clock               | min        | 0.104f     | -0.014        | 0.000 | 0.118  | NA        |
| u_core.dmem_rdata_16__reg_p:D                                                      | core_clock               | min        | 0.104f     | -0.014        | 0.000 | 0.118  | NA        |
| u_core.dmem_rdata_27__reg_p:D                                                      | core_clock               | min        | 0.104f     | -0.014        | 0.000 | 0.118  | NA        |
| u_core.dmem_rdata_7__reg_p:D                                                       | core_clock               | min        | 0.104f     | -0.014        | 0.000 | 0.118  | NA        |
| u_core.dmem_rdata_12__reg_p:D                                                      | core_clock               | min        | 0.104f     | -0.014        | 0.000 | 0.118  | NA        |
| u_core.u_uart.bvalid_reg_p_CK_ICGX0P5H7L_ECK:E                                     | **clock_gating_default** | min        | 0.170f     | -0.004        | 0.000 | 0.175  | NA        |
| u_core.u_uart.rvalid_reg_p_CK_ICGX0P5H7L_ECK:E                                     | **clock_gating_default** | min        | 0.172f     | -0.004        | 0.000 | 0.176  | NA        |
| u_core.rtc_rvalid_reg_p_CK_ICGX0P5H7L_ECK:E                                        | **clock_gating_default** | min        | 0.173f     | -0.004        | 0.000 | 0.177  | NA        |
| u_core.dmem_wready_reg_p_CK_ICGX0P5H7L_ECK:E                                       | **clock_gating_default** | min        | 0.190f     | -0.008        | 0.000 | 0.198  | NA        |
| u_core.dmem_bvalid_reg_p_CK_ICGX0P5H7L_ECK:E                                       | **clock_gating_default** | min        | 0.193f     | -0.007        | 0.000 | 0.200  | NA        |
+------------------------------------------------------------------------------------+--------------------------+------------+------------+---------------+-------+--------+-----------+
+------------+------------+-----------+
| Clock      | Delay Type | TNS       |
+------------+------------+-----------+
| core_clock | max        | -6763.003 |
| core_clock | min        | 0.000     |
+------------+------------+-----------+
+----------------------------------------------------------------------------------------------------------------------------------------------------------------------------------+--------+-------------+------------+------------+-------------+--------+----------------+
| Point                                                                                                                                                                            | Fanout | Capacitance | Resistance | Transition | Delta Delay | Incr   | Path           |
+----------------------------------------------------------------------------------------------------------------------------------------------------------------------------------+--------+-------------+------------+------------+-------------+--------+----------------+
| clk (port)                                                                                                                                                                       |        | 1.060       | 0.000      | 0.000      |             | 0.000  | 0.000f         |
| clk (clock net)                                                                                                                                                                  | 1225   |             |            |            | NA          |        |                |
| u_core.u_regfile.rf_read[15]_9__reg_n:CKN (DFFNQX2H7L)                                                                                                                           |        | 0.001       | 0.000      | 0.000      |             | 0.000  | 0.000f         |
| clock core_clock (fall edge)                                                                                                                                                     |        |             |            |            |             | 1      | 1              |
| clock network delay (ideal)                                                                                                                                                      |        |             |            |            |             | 0.000  | 1.000          |
| u_core.u_regfile.rf_read[15]_9__reg_n:CKN (DFFNQX2H7L)                                                                                                                           |        | 0.001       | 0.000      | 0.000      |             | 0.000  | 1.000f         |
| u_core.u_regfile.rf_read[15]_9__reg_n:Q (DFFNQX2H7L)                                                                                                                             |        | 0.001       | 0.000      | 0.058      |             | 0.208  | 1.208f         |
| u_core.u_regfile.rf_read[15]_9_ (net)                                                                                                                                            | 2      |             |            |            | 0.000       |        |                |
| u_core.u_regfile.rf_read[7]_9__MUX2X0P5H7L_A:B (MUX2X0P5H7L)                                                                                                                     |        | 0.001       | 0.000      | 0.058      |             | 0.000  | 1.208f         |
| u_core.u_regfile.rf_read[7]_9__MUX2X0P5H7L_A:Y (MUX2X0P5H7L)                                                                                                                     |        | 0.001       | 0.000      | 0.039      |             | 0.111  | 1.319f         |
| u_core.u_regfile.rf_read[7]_9__MUX2X0P5H7L_A_Y (net)                                                                                                                             | 1      |             |            |            | 0.000       |        |                |
| u_core.u_regfile.rf_read[7]_9__MUX2X0P5H7L_A_Y_AOAI211X0P5H7L_A1:A1 (AOAI211X0P5H7L)                                                                                             |        | 0.001       | 0.000      | 0.039      |             | 0.000  | 1.319f         |
| u_core.u_regfile.rf_read[7]_9__MUX2X0P5H7L_A_Y_AOAI211X0P5H7L_A1:Y (AOAI211X0P5H7L)                                                                                              |        | 0.001       | 0.000      | 0.098      |             | 0.091  | 1.410r         |
| u_core.u_regfile.rf_read[31]_9__AND3X1P4H7L_A_Y_NOR4BX0P5H7L_D_AN (net)                                                                                                          | 1      |             |            |            | 0.000       |        |                |
| u_core.u_regfile.rf_read[31]_9__AND3X1P4H7L_A_Y_NOR4BX0P5H7L_D:AN (NOR4BX0P5H7L)                                                                                                 |        | 0.001       | 0.000      | 0.098      |             | 0.000  | 1.410r         |
| u_core.u_regfile.rf_read[31]_9__AND3X1P4H7L_A_Y_NOR4BX0P5H7L_D:Y (NOR4BX0P5H7L)                                                                                                  |        | 0.001       | 0.000      | 0.166      |             | 0.177  | 1.587r         |
| u_core.u_regfile.rf_read[31]_9__AND3X1P4H7L_A_Y_NOR4BX0P5H7L_D_Y (net)                                                                                                           | 1      |             |            |            | 0.000       |        |                |
| u_core.u_regfile.rf_read[27]_9__AOI22X0P5H7L_A0_Y_NAND4X0P5H7L_A:B (NAND4X0P5H7L)                                                                                                |        | 0.001       | 0.000      | 0.166      |             | 0.000  | 1.587r         |
| u_core.u_regfile.rf_read[27]_9__AOI22X0P5H7L_A0_Y_NAND4X0P5H7L_A:Y (NAND4X0P5H7L)                                                                                                |        | 0.001       | 0.000      | 0.112      |             | 0.117  | 1.703f         |
| u_core.u_regfile.rf_read[1]_9__OA221X0P5H7L_A0_B1 (net)                                                                                                                          | 1      |             |            |            | 0.000       |        |                |
| u_core.u_regfile.rf_read[1]_9__OA221X0P5H7L_A0:B1 (OA221X0P5H7L)                                                                                                                 |        | 0.001       | 0.000      | 0.112      |             | 0.000  | 1.703f         |
| u_core.u_regfile.rf_read[1]_9__OA221X0P5H7L_A0:Y (OA221X0P5H7L)                                                                                                                  |        | 0.001       | 0.000      | 0.052      |             | 0.151  | 1.855f         |
| u_core.u_regfile.rf_read[1]_9__OA221X0P5H7L_A0_Y (net)                                                                                                                           | 1      |             |            |            | 0.000       |        |                |
| u_core.u_regfile.rf_read[1]_9__OA221X0P5H7L_A0_Y_BUFX3P5H7L_A:A (BUFX3P5H7L)                                                                                                     |        | 0.001       | 0.000      | 0.052      |             | 0.000  | 1.855f         |
| u_core.u_regfile.rf_read[1]_9__OA221X0P5H7L_A0_Y_BUFX3P5H7L_A:Y (BUFX3P5H7L)                                                                                                     |        | 0.007       | 0.000      | 0.049      |             | 0.086  | 1.941f         |
| u_core.u_CSRFile.mcause_9__AOA211X1P4H7L_A0_B0 (net)                                                                                                                             | 8      |             |            |            | 0.000       |        |                |
| u_core.alu_result_9__AND2X1H7L_Y_B_OAI221X0P5H7L_Y_B0_XNOR2X0P5H7L_Y_B_OA21X0P7H7L_Y_B0_OAOI211X0P5H7L_B0_C0_NAND2BX0P5H7L_Y_B_NAND4X0P5H7L_Y_D_OAI21X1P4H7L_Y:B0 (OAI21X1P4H7L) |        | 0.001       | 0.000      | 0.049      |             | 0.000  | 1.941f         |
| u_core.alu_result_9__AND2X1H7L_Y_B_OAI221X0P5H7L_Y_B0_XNOR2X0P5H7L_Y_B_OA21X0P7H7L_Y_B0_OAOI211X0P5H7L_B0_C0_NAND2BX0P5H7L_Y_B_NAND4X0P5H7L_Y_D_OAI21X1P4H7L_Y:Y (OAI21X1P4H7L)  |        | 0.003       | 0.000      | 0.139      |             | 0.055  | 1.996r         |
| u_core.alu_result_9__AND2X1H7L_Y_B_OAI221X0P5H7L_Y_B0_XNOR2X0P5H7L_Y_B_OA21X0P7H7L_Y_B0_OAOI211X0P5H7L_B0_C0_NAND2BX0P5H7L_Y_B_NAND4X0P5H7L_Y_D (net)                            | 4      |             |            |            | 0.000       |        |                |
| u_core.alu_result_9__AND2X1H7L_Y_B_OAI221X0P5H7L_Y_B0_XNOR2X0P5H7L_Y_B_OA21X0P7H7L_Y_B0_OAOI211X0P5H7L_B0_C0_NAND2BX0P5H7L_Y_B_NAND4X0P5H7L_Y_C_NAND2X0P5H7L_A:B (NAND2X0P5H7L)  |        | 0.001       | 0.000      | 0.139      |             | 0.000  | 1.996r         |
| u_core.alu_result_9__AND2X1H7L_Y_B_OAI221X0P5H7L_Y_B0_XNOR2X0P5H7L_Y_B_OA21X0P7H7L_Y_B0_OAOI211X0P5H7L_B0_C0_NAND2BX0P5H7L_Y_B_NAND4X0P5H7L_Y_C_NAND2X0P5H7L_A:Y (NAND2X0P5H7L)  |        | 0.005       | 0.000      | 0.181      |             | 0.154  | 2.149f         |
| u_core.alu_result_9__AND2X1H7L_Y_B_OAI221X0P5H7L_Y_B0_XNOR2X0P5H7L_Y_A_XNOR2X0P5H7L_Y_B (net)                                                                                    | 7      |             |            |            | 0.000       |        |                |
| u_core.alu_result_9__AND2X1H7L_Y_B_OAI221X0P5H7L_Y_B0_XNOR2X0P5H7L_Y_A_XNOR2X0P5H7L_Y:B (XNOR2X0P5H7L)                                                                           |        | 0.001       | 0.000      | 0.181      |             | 0.000  | 2.149f         |
| u_core.alu_result_9__AND2X1H7L_Y_B_OAI221X0P5H7L_Y_B0_XNOR2X0P5H7L_Y_A_XNOR2X0P5H7L_Y:Y (XNOR2X0P5H7L)                                                                           |        | 0.003       | 0.000      | 0.074      |             | 0.194  | 2.344f         |
| u_core.alu_result_9__AND2X1H7L_Y_B_OAI221X0P5H7L_Y_B0_XNOR2X0P5H7L_Y_A (net)                                                                                                     | 2      |             |            |            | 0.000       |        |                |
| u_core.alu_result_9__AND2X1H7L_Y_B_OAI221X0P5H7L_Y_B0_XNOR2X0P5H7L_Y_A_NOR4X2H7L_D:D (NOR4X2H7L)                                                                                 |        | 0.001       | 0.000      | 0.074      |             | 0.000  | 2.344f         |
| u_core.alu_result_9__AND2X1H7L_Y_B_OAI221X0P5H7L_Y_B0_XNOR2X0P5H7L_Y_A_NOR4X2H7L_D:Y (NOR4X2H7L)                                                                                 |        | 0.002       | 0.000      | 0.172      |             | 0.124  | 2.467r         |
| u_core.alu_result_9__AND2X1H7L_Y_B_OAI221X0P5H7L_Y_B0_XNOR2X0P5H7L_Y_A_NOR4X2H7L_D_Y (net)                                                                                       | 2      |             |            |            | 0.000       |        |                |
| u_core.alu_result_9__AND2X1H7L_Y_B_OAI221X0P5H7L_Y_B0_XNOR2X0P5H7L_Y_A_NOR4X2H7L_D_Y_NAND4X0P5H7L_D:D (NAND4X0P5H7L)                                                             |        | 0.001       | 0.000      | 0.172      |             | 0.000  | 2.467r         |
| u_core.alu_result_9__AND2X1H7L_Y_B_OAI221X0P5H7L_Y_B0_XNOR2X0P5H7L_Y_A_NOR4X2H7L_D_Y_NAND4X0P5H7L_D:Y (NAND4X0P5H7L)                                                             |        | 0.002       | 0.000      | 0.171      |             | 0.147  | 2.614f         |
| u_core.alu_result_16__OAI22X0P5H7L_Y_A1_AOI221X0P5H7L_Y_B0_XNOR2X0P5H7L_Y_A_OAI211X2H7L_Y_B0 (net)                                                                               | 2      |             |            |            | 0.000       |        |                |
| u_core.alu_result_16__OAI22X0P5H7L_Y_A1_AOI221X0P5H7L_Y_B0_XNOR2X0P5H7L_Y_A_OAI211X2H7L_Y:B0 (OAI211X2H7L)                                                                       |        | 0.001       | 0.000      | 0.171      |             | 0.000  | 2.614f         |
| u_core.alu_result_16__OAI22X0P5H7L_Y_A1_AOI221X0P5H7L_Y_B0_XNOR2X0P5H7L_Y_A_OAI211X2H7L_Y:Y (OAI211X2H7L)                                                                        |        | 0.002       | 0.000      | 0.123      |             | 0.090  | 2.704r         |
| u_core.alu_result_16__OAI22X0P5H7L_Y_A1_AOI221X0P5H7L_Y_B0_XNOR2X0P5H7L_Y_A (net)                                                                                                | 2      |             |            |            | 0.000       |        |                |
| u_core.alu_result_16__OAI22X0P5H7L_Y_A1_AOI221X0P5H7L_Y_B0_XNOR2X0P5H7L_Y_A_AO31X4H7L_A2:A2 (AO31X4H7L)                                                                          |        | 0.001       | 0.000      | 0.123      |             | 0.000  | 2.704r         |
| u_core.alu_result_16__OAI22X0P5H7L_Y_A1_AOI221X0P5H7L_Y_B0_XNOR2X0P5H7L_Y_A_AO31X4H7L_A2:Y (AO31X4H7L)                                                                           |        | 0.005       | 0.000      | 0.069      |             | 0.147  | 2.851r         |
| u_core.alu_result_24__NOR2X0P5H7L_Y_B_AOI221X0P5H7L_Y_B0_XNOR2X0P5H7L_Y_A (net)                                                                                                  | 5      |             |            |            | 0.000       |        |                |
| u_core.alu_result_25__OAI22X0P5H7L_Y_A1_XNOR2X0P5H7L_Y_A_OR2X0P5H7L_A_Y_NOR3X0P5H7L_A_Y_AOI31X4H7L_A2:A0 (AOI31X4H7L)                                                            |        | 0.002       | 0.000      | 0.069      |             | 0.000  | 2.851r         |
| u_core.alu_result_25__OAI22X0P5H7L_Y_A1_XNOR2X0P5H7L_Y_A_OR2X0P5H7L_A_Y_NOR3X0P5H7L_A_Y_AOI31X4H7L_A2:Y (AOI31X4H7L)                                                             |        | 0.004       | 0.000      | 0.133      |             | 0.086  | 2.937f         |
| halt_NOR3BX0P5H7L_C_Y_OAI211X0P7H7L_A0_Y_OA31X3H7L_A2_A1 (net)                                                                                                                   | 4      |             |            |            | 0.000       |        |                |
| halt_NOR3BX0P5H7L_C_Y_OAI211X0P7H7L_A0_Y_OAI31X4H7L_A2:A1 (OAI31X4H7L)                                                                                                           |        | 0.002       | 0.000      | 0.133      |             | 0.000  | 2.937f         |
| halt_NOR3BX0P5H7L_C_Y_OAI211X0P7H7L_A0_Y_OAI31X4H7L_A2:Y (OAI31X4H7L)                                                                                                            |        | 0.009       | 0.000      | 0.258      |             | 0.208  | 3.145r         |
| halt_NOR3BX0P5H7L_C_Y_OAI211X0P7H7L_A0_Y_OAI31X4H7L_A2_Y (net)                                                                                                                   | 7      |             |            |            | 0.000       |        |                |
| u_core.alu_out_18__NAND2X0P5H7L_A_Y_OA221X0P5H7L_C0_A1_NAND2X3H7L_Y:B (NAND2X3H7L)                                                                                               |        | 0.002       | 0.000      | 0.258      |             | 0.000  | 3.145r         |
| u_core.alu_out_18__NAND2X0P5H7L_A_Y_OA221X0P5H7L_C0_A1_NAND2X3H7L_Y:Y (NAND2X3H7L)                                                                                               |        | 0.004       | 0.000      | 0.111      |             | 0.094  | 3.239f         |
| u_core.alu_out_18__NAND2X0P5H7L_A_Y_OA221X0P5H7L_C0_A1 (net)                                                                                                                     | 5      |             |            |            | 0.000       |        |                |
| u_core.alu_out_18__NAND2X0P5H7L_A_Y_OA221X0P5H7L_C0_A1_BUFX7H7L_A:A (BUFX7H7L)                                                                                                   |        | 0.002       | 0.000      | 0.111      |             | 0.000  | 3.239f         |
| u_core.alu_out_18__NAND2X0P5H7L_A_Y_OA221X0P5H7L_C0_A1_BUFX7H7L_A:Y (BUFX7H7L)                                                                                                   |        | 0.018       | 0.000      | 0.061      |             | 0.114  | 3.353f         |
| u_core.alu_out_16__NAND2X0P5H7L_A_Y_OA221X1P4H7L_C0_A1 (net)                                                                                                                     | 24     |             |            |            | 0.000       |        |                |
| u_core.alu_out_15__AOI221X1P4H7L_A0_Y_OAI221X0P5H7L_C0:A1 (OAI221X0P5H7L)                                                                                                        |        | 0.001       | 0.000      | 0.061      |             | 0.000  | 3.353f         |
| u_core.alu_out_15__AOI221X1P4H7L_A0_Y_OAI221X0P5H7L_C0:Y (OAI221X0P5H7L)                                                                                                         |        | 0.023       | 0.000      | 1.369      |             | 0.797  | 4.149r         |
| u_core.u_regfile.w_data_15_ (net)                                                                                                                                                | 31     |             |            |            | 0.000       |        |                |
| u_core.u_regfile.rf[18]_15__reg_p:D (DFFQX1H7L)                                                                                                                                  |        | 0.001       | 0.000      | 1.369      |             | 0.000  | 4.149r         |
|                                                                                                                                                                                  |        |             |            |            |             |        |                |
| clk (port)                                                                                                                                                                       |        | 0.782       | 0.000      | 0.000      |             | 0.000  | 0.000r         |
| clk (clock net)                                                                                                                                                                  | 1225   |             |            |            | NA          |        |                |
| halt_NOR3BX0P5H7L_C_Y_OAI211X0P7H7L_A0_1_Y_NOR4X1H7L_D_A_NOR2X0P5H7L_B_Y_NAND2X0P5H7L_A_Y_NOR2X0P5H7L_B_1_Y_ICGX0P5H7L_E:CK (ICGX0P5H7L)                                         |        | 0.002       | 0.000      | 0.000      |             | 0.000  | 0.000r         |
| halt_NOR3BX0P5H7L_C_Y_OAI211X0P7H7L_A0_1_Y_NOR4X1H7L_D_A_NOR2X0P5H7L_B_Y_NAND2X0P5H7L_A_Y_NOR2X0P5H7L_B_1_Y_ICGX0P5H7L_E:ECK (ICGX0P5H7L)                                        |        | 0.022       | 0.000      | 0.000      |             | 0.000  | 0.000r         |
| u_core.u_regfile.rf[18]_0__reg_p_CK (clock net)                                                                                                                                  | 32     |             |            |            | NA          |        |                |
| u_core.u_regfile.rf[18]_15__reg_p:CK (DFFQX1H7L)                                                                                                                                 |        | 0.001       | 0.000      | 0.000      |             | 0.000  | 0.000r         |
| clock core_clock (rise edge)                                                                                                                                                     |        |             |            |            |             | 2      | 2              |
| clock network delay (ideal)                                                                                                                                                      |        |             |            |            |             | 0.000  | 2.000          |
| u_core.u_regfile.rf[18]_15__reg_p:CK (DFFQX1H7L)                                                                                                                                 |        |             |            |            |             |        | 2.000r         |
| library setup time                                                                                                                                                               |        |             |            |            |             | -0.183 | 1.817          |
| clock reconvergence pessimism                                                                                                                                                    |        |             |            |            |             | 0.000  | 1.817          |
|                                                                                                                                                                                  |        |             |            |            |             |        |                |
| path cell delay                                                                                                                                                                  |        |             |            |            |             |        | 3.149(75.900%) |
| path net delay                                                                                                                                                                   |        |             |            |            |             |        | 0.000(0.000%)  |
|                                                                                                                                                                                  |        |             |            |            |             |        |                |
| data require time                                                                                                                                                                |        |             |            |            |             |        | 1.817          |
| data arrival time                                                                                                                                                                |        |             |            |            |             |        | 4.149          |
| slack (VIOLATED)                                                                                                                                                                 |        |             |            |            |             |        | -2.332         |
+----------------------------------------------------------------------------------------------------------------------------------------------------------------------------------+--------+-------------+------------+------------+-------------+--------+----------------+
+----------------------------------------------------------------------------------------------------------------------------------------------------------------------------------+--------+-------------+------------+------------+-------------+--------+----------------+
| Point                                                                                                                                                                            | Fanout | Capacitance | Resistance | Transition | Delta Delay | Incr   | Path           |
+----------------------------------------------------------------------------------------------------------------------------------------------------------------------------------+--------+-------------+------------+------------+-------------+--------+----------------+
| clk (port)                                                                                                                                                                       |        | 1.060       | 0.000      | 0.000      |             | 0.000  | 0.000f         |
| clk (clock net)                                                                                                                                                                  | 1225   |             |            |            | NA          |        |                |
| u_core.u_regfile.rf_read[15]_9__reg_n:CKN (DFFNQX2H7L)                                                                                                                           |        | 0.001       | 0.000      | 0.000      |             | 0.000  | 0.000f         |
| clock core_clock (fall edge)                                                                                                                                                     |        |             |            |            |             | 1      | 1              |
| clock network delay (ideal)                                                                                                                                                      |        |             |            |            |             | 0.000  | 1.000          |
| u_core.u_regfile.rf_read[15]_9__reg_n:CKN (DFFNQX2H7L)                                                                                                                           |        | 0.001       | 0.000      | 0.000      |             | 0.000  | 1.000f         |
| u_core.u_regfile.rf_read[15]_9__reg_n:Q (DFFNQX2H7L)                                                                                                                             |        | 0.001       | 0.000      | 0.058      |             | 0.208  | 1.208f         |
| u_core.u_regfile.rf_read[15]_9_ (net)                                                                                                                                            | 2      |             |            |            | 0.000       |        |                |
| u_core.u_regfile.rf_read[7]_9__MUX2X0P5H7L_A:B (MUX2X0P5H7L)                                                                                                                     |        | 0.001       | 0.000      | 0.058      |             | 0.000  | 1.208f         |
| u_core.u_regfile.rf_read[7]_9__MUX2X0P5H7L_A:Y (MUX2X0P5H7L)                                                                                                                     |        | 0.001       | 0.000      | 0.039      |             | 0.111  | 1.319f         |
| u_core.u_regfile.rf_read[7]_9__MUX2X0P5H7L_A_Y (net)                                                                                                                             | 1      |             |            |            | 0.000       |        |                |
| u_core.u_regfile.rf_read[7]_9__MUX2X0P5H7L_A_Y_AOAI211X0P5H7L_A1:A1 (AOAI211X0P5H7L)                                                                                             |        | 0.001       | 0.000      | 0.039      |             | 0.000  | 1.319f         |
| u_core.u_regfile.rf_read[7]_9__MUX2X0P5H7L_A_Y_AOAI211X0P5H7L_A1:Y (AOAI211X0P5H7L)                                                                                              |        | 0.001       | 0.000      | 0.098      |             | 0.091  | 1.410r         |
| u_core.u_regfile.rf_read[31]_9__AND3X1P4H7L_A_Y_NOR4BX0P5H7L_D_AN (net)                                                                                                          | 1      |             |            |            | 0.000       |        |                |
| u_core.u_regfile.rf_read[31]_9__AND3X1P4H7L_A_Y_NOR4BX0P5H7L_D:AN (NOR4BX0P5H7L)                                                                                                 |        | 0.001       | 0.000      | 0.098      |             | 0.000  | 1.410r         |
| u_core.u_regfile.rf_read[31]_9__AND3X1P4H7L_A_Y_NOR4BX0P5H7L_D:Y (NOR4BX0P5H7L)                                                                                                  |        | 0.001       | 0.000      | 0.166      |             | 0.177  | 1.587r         |
| u_core.u_regfile.rf_read[31]_9__AND3X1P4H7L_A_Y_NOR4BX0P5H7L_D_Y (net)                                                                                                           | 1      |             |            |            | 0.000       |        |                |
| u_core.u_regfile.rf_read[27]_9__AOI22X0P5H7L_A0_Y_NAND4X0P5H7L_A:B (NAND4X0P5H7L)                                                                                                |        | 0.001       | 0.000      | 0.166      |             | 0.000  | 1.587r         |
| u_core.u_regfile.rf_read[27]_9__AOI22X0P5H7L_A0_Y_NAND4X0P5H7L_A:Y (NAND4X0P5H7L)                                                                                                |        | 0.001       | 0.000      | 0.112      |             | 0.117  | 1.703f         |
| u_core.u_regfile.rf_read[1]_9__OA221X0P5H7L_A0_B1 (net)                                                                                                                          | 1      |             |            |            | 0.000       |        |                |
| u_core.u_regfile.rf_read[1]_9__OA221X0P5H7L_A0:B1 (OA221X0P5H7L)                                                                                                                 |        | 0.001       | 0.000      | 0.112      |             | 0.000  | 1.703f         |
| u_core.u_regfile.rf_read[1]_9__OA221X0P5H7L_A0:Y (OA221X0P5H7L)                                                                                                                  |        | 0.001       | 0.000      | 0.052      |             | 0.151  | 1.855f         |
| u_core.u_regfile.rf_read[1]_9__OA221X0P5H7L_A0_Y (net)                                                                                                                           | 1      |             |            |            | 0.000       |        |                |
| u_core.u_regfile.rf_read[1]_9__OA221X0P5H7L_A0_Y_BUFX3P5H7L_A:A (BUFX3P5H7L)                                                                                                     |        | 0.001       | 0.000      | 0.052      |             | 0.000  | 1.855f         |
| u_core.u_regfile.rf_read[1]_9__OA221X0P5H7L_A0_Y_BUFX3P5H7L_A:Y (BUFX3P5H7L)                                                                                                     |        | 0.007       | 0.000      | 0.049      |             | 0.086  | 1.941f         |
| u_core.u_CSRFile.mcause_9__AOA211X1P4H7L_A0_B0 (net)                                                                                                                             | 8      |             |            |            | 0.000       |        |                |
| u_core.alu_result_9__AND2X1H7L_Y_B_OAI221X0P5H7L_Y_B0_XNOR2X0P5H7L_Y_B_OA21X0P7H7L_Y_B0_OAOI211X0P5H7L_B0_C0_NAND2BX0P5H7L_Y_B_NAND4X0P5H7L_Y_D_OAI21X1P4H7L_Y:B0 (OAI21X1P4H7L) |        | 0.001       | 0.000      | 0.049      |             | 0.000  | 1.941f         |
| u_core.alu_result_9__AND2X1H7L_Y_B_OAI221X0P5H7L_Y_B0_XNOR2X0P5H7L_Y_B_OA21X0P7H7L_Y_B0_OAOI211X0P5H7L_B0_C0_NAND2BX0P5H7L_Y_B_NAND4X0P5H7L_Y_D_OAI21X1P4H7L_Y:Y (OAI21X1P4H7L)  |        | 0.003       | 0.000      | 0.139      |             | 0.055  | 1.996r         |
| u_core.alu_result_9__AND2X1H7L_Y_B_OAI221X0P5H7L_Y_B0_XNOR2X0P5H7L_Y_B_OA21X0P7H7L_Y_B0_OAOI211X0P5H7L_B0_C0_NAND2BX0P5H7L_Y_B_NAND4X0P5H7L_Y_D (net)                            | 4      |             |            |            | 0.000       |        |                |
| u_core.alu_result_9__AND2X1H7L_Y_B_OAI221X0P5H7L_Y_B0_XNOR2X0P5H7L_Y_B_OA21X0P7H7L_Y_B0_OAOI211X0P5H7L_B0_C0_NAND2BX0P5H7L_Y_B_NAND4X0P5H7L_Y_C_NAND2X0P5H7L_A:B (NAND2X0P5H7L)  |        | 0.001       | 0.000      | 0.139      |             | 0.000  | 1.996r         |
| u_core.alu_result_9__AND2X1H7L_Y_B_OAI221X0P5H7L_Y_B0_XNOR2X0P5H7L_Y_B_OA21X0P7H7L_Y_B0_OAOI211X0P5H7L_B0_C0_NAND2BX0P5H7L_Y_B_NAND4X0P5H7L_Y_C_NAND2X0P5H7L_A:Y (NAND2X0P5H7L)  |        | 0.005       | 0.000      | 0.181      |             | 0.154  | 2.149f         |
| u_core.alu_result_9__AND2X1H7L_Y_B_OAI221X0P5H7L_Y_B0_XNOR2X0P5H7L_Y_A_XNOR2X0P5H7L_Y_B (net)                                                                                    | 7      |             |            |            | 0.000       |        |                |
| u_core.alu_result_9__AND2X1H7L_Y_B_OAI221X0P5H7L_Y_B0_XNOR2X0P5H7L_Y_A_XNOR2X0P5H7L_Y:B (XNOR2X0P5H7L)                                                                           |        | 0.001       | 0.000      | 0.181      |             | 0.000  | 2.149f         |
| u_core.alu_result_9__AND2X1H7L_Y_B_OAI221X0P5H7L_Y_B0_XNOR2X0P5H7L_Y_A_XNOR2X0P5H7L_Y:Y (XNOR2X0P5H7L)                                                                           |        | 0.003       | 0.000      | 0.074      |             | 0.194  | 2.344f         |
| u_core.alu_result_9__AND2X1H7L_Y_B_OAI221X0P5H7L_Y_B0_XNOR2X0P5H7L_Y_A (net)                                                                                                     | 2      |             |            |            | 0.000       |        |                |
| u_core.alu_result_9__AND2X1H7L_Y_B_OAI221X0P5H7L_Y_B0_XNOR2X0P5H7L_Y_A_NOR4X2H7L_D:D (NOR4X2H7L)                                                                                 |        | 0.001       | 0.000      | 0.074      |             | 0.000  | 2.344f         |
| u_core.alu_result_9__AND2X1H7L_Y_B_OAI221X0P5H7L_Y_B0_XNOR2X0P5H7L_Y_A_NOR4X2H7L_D:Y (NOR4X2H7L)                                                                                 |        | 0.002       | 0.000      | 0.172      |             | 0.124  | 2.467r         |
| u_core.alu_result_9__AND2X1H7L_Y_B_OAI221X0P5H7L_Y_B0_XNOR2X0P5H7L_Y_A_NOR4X2H7L_D_Y (net)                                                                                       | 2      |             |            |            | 0.000       |        |                |
| u_core.alu_result_9__AND2X1H7L_Y_B_OAI221X0P5H7L_Y_B0_XNOR2X0P5H7L_Y_A_NOR4X2H7L_D_Y_NAND4X0P5H7L_D:D (NAND4X0P5H7L)                                                             |        | 0.001       | 0.000      | 0.172      |             | 0.000  | 2.467r         |
| u_core.alu_result_9__AND2X1H7L_Y_B_OAI221X0P5H7L_Y_B0_XNOR2X0P5H7L_Y_A_NOR4X2H7L_D_Y_NAND4X0P5H7L_D:Y (NAND4X0P5H7L)                                                             |        | 0.002       | 0.000      | 0.171      |             | 0.147  | 2.614f         |
| u_core.alu_result_16__OAI22X0P5H7L_Y_A1_AOI221X0P5H7L_Y_B0_XNOR2X0P5H7L_Y_A_OAI211X2H7L_Y_B0 (net)                                                                               | 2      |             |            |            | 0.000       |        |                |
| u_core.alu_result_16__OAI22X0P5H7L_Y_A1_AOI221X0P5H7L_Y_B0_XNOR2X0P5H7L_Y_A_OAI211X2H7L_Y:B0 (OAI211X2H7L)                                                                       |        | 0.001       | 0.000      | 0.171      |             | 0.000  | 2.614f         |
| u_core.alu_result_16__OAI22X0P5H7L_Y_A1_AOI221X0P5H7L_Y_B0_XNOR2X0P5H7L_Y_A_OAI211X2H7L_Y:Y (OAI211X2H7L)                                                                        |        | 0.002       | 0.000      | 0.123      |             | 0.090  | 2.704r         |
| u_core.alu_result_16__OAI22X0P5H7L_Y_A1_AOI221X0P5H7L_Y_B0_XNOR2X0P5H7L_Y_A (net)                                                                                                | 2      |             |            |            | 0.000       |        |                |
| u_core.alu_result_16__OAI22X0P5H7L_Y_A1_AOI221X0P5H7L_Y_B0_XNOR2X0P5H7L_Y_A_AO31X4H7L_A2:A2 (AO31X4H7L)                                                                          |        | 0.001       | 0.000      | 0.123      |             | 0.000  | 2.704r         |
| u_core.alu_result_16__OAI22X0P5H7L_Y_A1_AOI221X0P5H7L_Y_B0_XNOR2X0P5H7L_Y_A_AO31X4H7L_A2:Y (AO31X4H7L)                                                                           |        | 0.005       | 0.000      | 0.069      |             | 0.147  | 2.851r         |
| u_core.alu_result_24__NOR2X0P5H7L_Y_B_AOI221X0P5H7L_Y_B0_XNOR2X0P5H7L_Y_A (net)                                                                                                  | 5      |             |            |            | 0.000       |        |                |
| u_core.alu_result_25__OAI22X0P5H7L_Y_A1_XNOR2X0P5H7L_Y_A_OR2X0P5H7L_A_Y_NOR3X0P5H7L_A_Y_AOI31X4H7L_A2:A0 (AOI31X4H7L)                                                            |        | 0.002       | 0.000      | 0.069      |             | 0.000  | 2.851r         |
| u_core.alu_result_25__OAI22X0P5H7L_Y_A1_XNOR2X0P5H7L_Y_A_OR2X0P5H7L_A_Y_NOR3X0P5H7L_A_Y_AOI31X4H7L_A2:Y (AOI31X4H7L)                                                             |        | 0.004       | 0.000      | 0.133      |             | 0.086  | 2.937f         |
| halt_NOR3BX0P5H7L_C_Y_OAI211X0P7H7L_A0_Y_OA31X3H7L_A2_A1 (net)                                                                                                                   | 4      |             |            |            | 0.000       |        |                |
| halt_NOR3BX0P5H7L_C_Y_OAI211X0P7H7L_A0_Y_OAI31X4H7L_A2:A1 (OAI31X4H7L)                                                                                                           |        | 0.002       | 0.000      | 0.133      |             | 0.000  | 2.937f         |
| halt_NOR3BX0P5H7L_C_Y_OAI211X0P7H7L_A0_Y_OAI31X4H7L_A2:Y (OAI31X4H7L)                                                                                                            |        | 0.009       | 0.000      | 0.258      |             | 0.208  | 3.145r         |
| halt_NOR3BX0P5H7L_C_Y_OAI211X0P7H7L_A0_Y_OAI31X4H7L_A2_Y (net)                                                                                                                   | 7      |             |            |            | 0.000       |        |                |
| u_core.alu_out_18__NAND2X0P5H7L_A_Y_OA221X0P5H7L_C0_A1_NAND2X3H7L_Y:B (NAND2X3H7L)                                                                                               |        | 0.002       | 0.000      | 0.258      |             | 0.000  | 3.145r         |
| u_core.alu_out_18__NAND2X0P5H7L_A_Y_OA221X0P5H7L_C0_A1_NAND2X3H7L_Y:Y (NAND2X3H7L)                                                                                               |        | 0.004       | 0.000      | 0.111      |             | 0.094  | 3.239f         |
| u_core.alu_out_18__NAND2X0P5H7L_A_Y_OA221X0P5H7L_C0_A1 (net)                                                                                                                     | 5      |             |            |            | 0.000       |        |                |
| u_core.alu_out_18__NAND2X0P5H7L_A_Y_OA221X0P5H7L_C0_A1_BUFX7H7L_A:A (BUFX7H7L)                                                                                                   |        | 0.002       | 0.000      | 0.111      |             | 0.000  | 3.239f         |
| u_core.alu_out_18__NAND2X0P5H7L_A_Y_OA221X0P5H7L_C0_A1_BUFX7H7L_A:Y (BUFX7H7L)                                                                                                   |        | 0.018       | 0.000      | 0.061      |             | 0.114  | 3.353f         |
| u_core.alu_out_16__NAND2X0P5H7L_A_Y_OA221X1P4H7L_C0_A1 (net)                                                                                                                     | 24     |             |            |            | 0.000       |        |                |
| u_core.alu_out_14__AOI221X1P4H7L_A0_Y_OAI221X0P5H7L_C0:A1 (OAI221X0P5H7L)                                                                                                        |        | 0.001       | 0.000      | 0.061      |             | 0.000  | 3.353f         |
| u_core.alu_out_14__AOI221X1P4H7L_A0_Y_OAI221X0P5H7L_C0:Y (OAI221X0P5H7L)                                                                                                         |        | 0.023       | 0.000      | 1.369      |             | 0.797  | 4.149r         |
| u_core.u_regfile.w_data_14_ (net)                                                                                                                                                | 31     |             |            |            | 0.000       |        |                |
| u_core.u_regfile.rf[31]_14__reg_p:D (DFFQX1H7L)                                                                                                                                  |        | 0.001       | 0.000      | 1.369      |             | 0.000  | 4.149r         |
|                                                                                                                                                                                  |        |             |            |            |             |        |                |
| clk (port)                                                                                                                                                                       |        | 0.782       | 0.000      | 0.000      |             | 0.000  | 0.000r         |
| clk (clock net)                                                                                                                                                                  | 1225   |             |            |            | NA          |        |                |
| halt_NOR3BX0P5H7L_C_Y_NAND3BX0P5H7L_B_AN_OA31X1H7L_A1_Y_NAND2X0P5H7L_B_Y_NOR2X0P5H7L_A_B_NOR2X0P5H7L_A_Y_ICGX0P5H7L_E:CK (ICGX0P5H7L)                                            |        | 0.002       | 0.000      | 0.000      |             | 0.000  | 0.000r         |
| halt_NOR3BX0P5H7L_C_Y_NAND3BX0P5H7L_B_AN_OA31X1H7L_A1_Y_NAND2X0P5H7L_B_Y_NOR2X0P5H7L_A_B_NOR2X0P5H7L_A_Y_ICGX0P5H7L_E:ECK (ICGX0P5H7L)                                           |        | 0.022       | 0.000      | 0.000      |             | 0.000  | 0.000r         |
| u_core.u_regfile.rf[31]_0__reg_p_CK (clock net)                                                                                                                                  | 32     |             |            |            | NA          |        |                |
| u_core.u_regfile.rf[31]_14__reg_p:CK (DFFQX1H7L)                                                                                                                                 |        | 0.001       | 0.000      | 0.000      |             | 0.000  | 0.000r         |
| clock core_clock (rise edge)                                                                                                                                                     |        |             |            |            |             | 2      | 2              |
| clock network delay (ideal)                                                                                                                                                      |        |             |            |            |             | 0.000  | 2.000          |
| u_core.u_regfile.rf[31]_14__reg_p:CK (DFFQX1H7L)                                                                                                                                 |        |             |            |            |             |        | 2.000r         |
| library setup time                                                                                                                                                               |        |             |            |            |             | -0.183 | 1.817          |
| clock reconvergence pessimism                                                                                                                                                    |        |             |            |            |             | 0.000  | 1.817          |
|                                                                                                                                                                                  |        |             |            |            |             |        |                |
| path cell delay                                                                                                                                                                  |        |             |            |            |             |        | 3.149(75.900%) |
| path net delay                                                                                                                                                                   |        |             |            |            |             |        | 0.000(0.000%)  |
|                                                                                                                                                                                  |        |             |            |            |             |        |                |
| data require time                                                                                                                                                                |        |             |            |            |             |        | 1.817          |
| data arrival time                                                                                                                                                                |        |             |            |            |             |        | 4.149          |
| slack (VIOLATED)                                                                                                                                                                 |        |             |            |            |             |        | -2.332         |
+----------------------------------------------------------------------------------------------------------------------------------------------------------------------------------+--------+-------------+------------+------------+-------------+--------+----------------+
+----------------------------------------------------------------------------------------------------------------------------------------------------------------------------------+--------+-------------+------------+------------+-------------+--------+----------------+
| Point                                                                                                                                                                            | Fanout | Capacitance | Resistance | Transition | Delta Delay | Incr   | Path           |
+----------------------------------------------------------------------------------------------------------------------------------------------------------------------------------+--------+-------------+------------+------------+-------------+--------+----------------+
| clk (port)                                                                                                                                                                       |        | 1.060       | 0.000      | 0.000      |             | 0.000  | 0.000f         |
| clk (clock net)                                                                                                                                                                  | 1225   |             |            |            | NA          |        |                |
| u_core.u_regfile.rf_read[15]_9__reg_n:CKN (DFFNQX2H7L)                                                                                                                           |        | 0.001       | 0.000      | 0.000      |             | 0.000  | 0.000f         |
| clock core_clock (fall edge)                                                                                                                                                     |        |             |            |            |             | 1      | 1              |
| clock network delay (ideal)                                                                                                                                                      |        |             |            |            |             | 0.000  | 1.000          |
| u_core.u_regfile.rf_read[15]_9__reg_n:CKN (DFFNQX2H7L)                                                                                                                           |        | 0.001       | 0.000      | 0.000      |             | 0.000  | 1.000f         |
| u_core.u_regfile.rf_read[15]_9__reg_n:Q (DFFNQX2H7L)                                                                                                                             |        | 0.001       | 0.000      | 0.058      |             | 0.208  | 1.208f         |
| u_core.u_regfile.rf_read[15]_9_ (net)                                                                                                                                            | 2      |             |            |            | 0.000       |        |                |
| u_core.u_regfile.rf_read[7]_9__MUX2X0P5H7L_A:B (MUX2X0P5H7L)                                                                                                                     |        | 0.001       | 0.000      | 0.058      |             | 0.000  | 1.208f         |
| u_core.u_regfile.rf_read[7]_9__MUX2X0P5H7L_A:Y (MUX2X0P5H7L)                                                                                                                     |        | 0.001       | 0.000      | 0.039      |             | 0.111  | 1.319f         |
| u_core.u_regfile.rf_read[7]_9__MUX2X0P5H7L_A_Y (net)                                                                                                                             | 1      |             |            |            | 0.000       |        |                |
| u_core.u_regfile.rf_read[7]_9__MUX2X0P5H7L_A_Y_AOAI211X0P5H7L_A1:A1 (AOAI211X0P5H7L)                                                                                             |        | 0.001       | 0.000      | 0.039      |             | 0.000  | 1.319f         |
| u_core.u_regfile.rf_read[7]_9__MUX2X0P5H7L_A_Y_AOAI211X0P5H7L_A1:Y (AOAI211X0P5H7L)                                                                                              |        | 0.001       | 0.000      | 0.098      |             | 0.091  | 1.410r         |
| u_core.u_regfile.rf_read[31]_9__AND3X1P4H7L_A_Y_NOR4BX0P5H7L_D_AN (net)                                                                                                          | 1      |             |            |            | 0.000       |        |                |
| u_core.u_regfile.rf_read[31]_9__AND3X1P4H7L_A_Y_NOR4BX0P5H7L_D:AN (NOR4BX0P5H7L)                                                                                                 |        | 0.001       | 0.000      | 0.098      |             | 0.000  | 1.410r         |
| u_core.u_regfile.rf_read[31]_9__AND3X1P4H7L_A_Y_NOR4BX0P5H7L_D:Y (NOR4BX0P5H7L)                                                                                                  |        | 0.001       | 0.000      | 0.166      |             | 0.177  | 1.587r         |
| u_core.u_regfile.rf_read[31]_9__AND3X1P4H7L_A_Y_NOR4BX0P5H7L_D_Y (net)                                                                                                           | 1      |             |            |            | 0.000       |        |                |
| u_core.u_regfile.rf_read[27]_9__AOI22X0P5H7L_A0_Y_NAND4X0P5H7L_A:B (NAND4X0P5H7L)                                                                                                |        | 0.001       | 0.000      | 0.166      |             | 0.000  | 1.587r         |
| u_core.u_regfile.rf_read[27]_9__AOI22X0P5H7L_A0_Y_NAND4X0P5H7L_A:Y (NAND4X0P5H7L)                                                                                                |        | 0.001       | 0.000      | 0.112      |             | 0.117  | 1.703f         |
| u_core.u_regfile.rf_read[1]_9__OA221X0P5H7L_A0_B1 (net)                                                                                                                          | 1      |             |            |            | 0.000       |        |                |
| u_core.u_regfile.rf_read[1]_9__OA221X0P5H7L_A0:B1 (OA221X0P5H7L)                                                                                                                 |        | 0.001       | 0.000      | 0.112      |             | 0.000  | 1.703f         |
| u_core.u_regfile.rf_read[1]_9__OA221X0P5H7L_A0:Y (OA221X0P5H7L)                                                                                                                  |        | 0.001       | 0.000      | 0.052      |             | 0.151  | 1.855f         |
| u_core.u_regfile.rf_read[1]_9__OA221X0P5H7L_A0_Y (net)                                                                                                                           | 1      |             |            |            | 0.000       |        |                |
| u_core.u_regfile.rf_read[1]_9__OA221X0P5H7L_A0_Y_BUFX3P5H7L_A:A (BUFX3P5H7L)                                                                                                     |        | 0.001       | 0.000      | 0.052      |             | 0.000  | 1.855f         |
| u_core.u_regfile.rf_read[1]_9__OA221X0P5H7L_A0_Y_BUFX3P5H7L_A:Y (BUFX3P5H7L)                                                                                                     |        | 0.007       | 0.000      | 0.049      |             | 0.086  | 1.941f         |
| u_core.u_CSRFile.mcause_9__AOA211X1P4H7L_A0_B0 (net)                                                                                                                             | 8      |             |            |            | 0.000       |        |                |
| u_core.alu_result_9__AND2X1H7L_Y_B_OAI221X0P5H7L_Y_B0_XNOR2X0P5H7L_Y_B_OA21X0P7H7L_Y_B0_OAOI211X0P5H7L_B0_C0_NAND2BX0P5H7L_Y_B_NAND4X0P5H7L_Y_D_OAI21X1P4H7L_Y:B0 (OAI21X1P4H7L) |        | 0.001       | 0.000      | 0.049      |             | 0.000  | 1.941f         |
| u_core.alu_result_9__AND2X1H7L_Y_B_OAI221X0P5H7L_Y_B0_XNOR2X0P5H7L_Y_B_OA21X0P7H7L_Y_B0_OAOI211X0P5H7L_B0_C0_NAND2BX0P5H7L_Y_B_NAND4X0P5H7L_Y_D_OAI21X1P4H7L_Y:Y (OAI21X1P4H7L)  |        | 0.003       | 0.000      | 0.139      |             | 0.055  | 1.996r         |
| u_core.alu_result_9__AND2X1H7L_Y_B_OAI221X0P5H7L_Y_B0_XNOR2X0P5H7L_Y_B_OA21X0P7H7L_Y_B0_OAOI211X0P5H7L_B0_C0_NAND2BX0P5H7L_Y_B_NAND4X0P5H7L_Y_D (net)                            | 4      |             |            |            | 0.000       |        |                |
| u_core.alu_result_9__AND2X1H7L_Y_B_OAI221X0P5H7L_Y_B0_XNOR2X0P5H7L_Y_B_OA21X0P7H7L_Y_B0_OAOI211X0P5H7L_B0_C0_NAND2BX0P5H7L_Y_B_NAND4X0P5H7L_Y_C_NAND2X0P5H7L_A:B (NAND2X0P5H7L)  |        | 0.001       | 0.000      | 0.139      |             | 0.000  | 1.996r         |
| u_core.alu_result_9__AND2X1H7L_Y_B_OAI221X0P5H7L_Y_B0_XNOR2X0P5H7L_Y_B_OA21X0P7H7L_Y_B0_OAOI211X0P5H7L_B0_C0_NAND2BX0P5H7L_Y_B_NAND4X0P5H7L_Y_C_NAND2X0P5H7L_A:Y (NAND2X0P5H7L)  |        | 0.005       | 0.000      | 0.181      |             | 0.154  | 2.149f         |
| u_core.alu_result_9__AND2X1H7L_Y_B_OAI221X0P5H7L_Y_B0_XNOR2X0P5H7L_Y_A_XNOR2X0P5H7L_Y_B (net)                                                                                    | 7      |             |            |            | 0.000       |        |                |
| u_core.alu_result_9__AND2X1H7L_Y_B_OAI221X0P5H7L_Y_B0_XNOR2X0P5H7L_Y_A_XNOR2X0P5H7L_Y:B (XNOR2X0P5H7L)                                                                           |        | 0.001       | 0.000      | 0.181      |             | 0.000  | 2.149f         |
| u_core.alu_result_9__AND2X1H7L_Y_B_OAI221X0P5H7L_Y_B0_XNOR2X0P5H7L_Y_A_XNOR2X0P5H7L_Y:Y (XNOR2X0P5H7L)                                                                           |        | 0.003       | 0.000      | 0.074      |             | 0.194  | 2.344f         |
| u_core.alu_result_9__AND2X1H7L_Y_B_OAI221X0P5H7L_Y_B0_XNOR2X0P5H7L_Y_A (net)                                                                                                     | 2      |             |            |            | 0.000       |        |                |
| u_core.alu_result_9__AND2X1H7L_Y_B_OAI221X0P5H7L_Y_B0_XNOR2X0P5H7L_Y_A_NOR4X2H7L_D:D (NOR4X2H7L)                                                                                 |        | 0.001       | 0.000      | 0.074      |             | 0.000  | 2.344f         |
| u_core.alu_result_9__AND2X1H7L_Y_B_OAI221X0P5H7L_Y_B0_XNOR2X0P5H7L_Y_A_NOR4X2H7L_D:Y (NOR4X2H7L)                                                                                 |        | 0.002       | 0.000      | 0.172      |             | 0.124  | 2.467r         |
| u_core.alu_result_9__AND2X1H7L_Y_B_OAI221X0P5H7L_Y_B0_XNOR2X0P5H7L_Y_A_NOR4X2H7L_D_Y (net)                                                                                       | 2      |             |            |            | 0.000       |        |                |
| u_core.alu_result_9__AND2X1H7L_Y_B_OAI221X0P5H7L_Y_B0_XNOR2X0P5H7L_Y_A_NOR4X2H7L_D_Y_NAND4X0P5H7L_D:D (NAND4X0P5H7L)                                                             |        | 0.001       | 0.000      | 0.172      |             | 0.000  | 2.467r         |
| u_core.alu_result_9__AND2X1H7L_Y_B_OAI221X0P5H7L_Y_B0_XNOR2X0P5H7L_Y_A_NOR4X2H7L_D_Y_NAND4X0P5H7L_D:Y (NAND4X0P5H7L)                                                             |        | 0.002       | 0.000      | 0.171      |             | 0.147  | 2.614f         |
| u_core.alu_result_16__OAI22X0P5H7L_Y_A1_AOI221X0P5H7L_Y_B0_XNOR2X0P5H7L_Y_A_OAI211X2H7L_Y_B0 (net)                                                                               | 2      |             |            |            | 0.000       |        |                |
| u_core.alu_result_16__OAI22X0P5H7L_Y_A1_AOI221X0P5H7L_Y_B0_XNOR2X0P5H7L_Y_A_OAI211X2H7L_Y:B0 (OAI211X2H7L)                                                                       |        | 0.001       | 0.000      | 0.171      |             | 0.000  | 2.614f         |
| u_core.alu_result_16__OAI22X0P5H7L_Y_A1_AOI221X0P5H7L_Y_B0_XNOR2X0P5H7L_Y_A_OAI211X2H7L_Y:Y (OAI211X2H7L)                                                                        |        | 0.002       | 0.000      | 0.123      |             | 0.090  | 2.704r         |
| u_core.alu_result_16__OAI22X0P5H7L_Y_A1_AOI221X0P5H7L_Y_B0_XNOR2X0P5H7L_Y_A (net)                                                                                                | 2      |             |            |            | 0.000       |        |                |
| u_core.alu_result_16__OAI22X0P5H7L_Y_A1_AOI221X0P5H7L_Y_B0_XNOR2X0P5H7L_Y_A_AO31X4H7L_A2:A2 (AO31X4H7L)                                                                          |        | 0.001       | 0.000      | 0.123      |             | 0.000  | 2.704r         |
| u_core.alu_result_16__OAI22X0P5H7L_Y_A1_AOI221X0P5H7L_Y_B0_XNOR2X0P5H7L_Y_A_AO31X4H7L_A2:Y (AO31X4H7L)                                                                           |        | 0.005       | 0.000      | 0.069      |             | 0.147  | 2.851r         |
| u_core.alu_result_24__NOR2X0P5H7L_Y_B_AOI221X0P5H7L_Y_B0_XNOR2X0P5H7L_Y_A (net)                                                                                                  | 5      |             |            |            | 0.000       |        |                |
| u_core.alu_result_25__OAI22X0P5H7L_Y_A1_XNOR2X0P5H7L_Y_A_OR2X0P5H7L_A_Y_NOR3X0P5H7L_A_Y_AOI31X4H7L_A2:A0 (AOI31X4H7L)                                                            |        | 0.002       | 0.000      | 0.069      |             | 0.000  | 2.851r         |
| u_core.alu_result_25__OAI22X0P5H7L_Y_A1_XNOR2X0P5H7L_Y_A_OR2X0P5H7L_A_Y_NOR3X0P5H7L_A_Y_AOI31X4H7L_A2:Y (AOI31X4H7L)                                                             |        | 0.004       | 0.000      | 0.133      |             | 0.086  | 2.937f         |
| halt_NOR3BX0P5H7L_C_Y_OAI211X0P7H7L_A0_Y_OA31X3H7L_A2_A1 (net)                                                                                                                   | 4      |             |            |            | 0.000       |        |                |
| halt_NOR3BX0P5H7L_C_Y_OAI211X0P7H7L_A0_Y_OAI31X4H7L_A2:A1 (OAI31X4H7L)                                                                                                           |        | 0.002       | 0.000      | 0.133      |             | 0.000  | 2.937f         |
| halt_NOR3BX0P5H7L_C_Y_OAI211X0P7H7L_A0_Y_OAI31X4H7L_A2:Y (OAI31X4H7L)                                                                                                            |        | 0.009       | 0.000      | 0.258      |             | 0.208  | 3.145r         |
| halt_NOR3BX0P5H7L_C_Y_OAI211X0P7H7L_A0_Y_OAI31X4H7L_A2_Y (net)                                                                                                                   | 7      |             |            |            | 0.000       |        |                |
| u_core.alu_out_18__NAND2X0P5H7L_A_Y_OA221X0P5H7L_C0_A1_NAND2X3H7L_Y:B (NAND2X3H7L)                                                                                               |        | 0.002       | 0.000      | 0.258      |             | 0.000  | 3.145r         |
| u_core.alu_out_18__NAND2X0P5H7L_A_Y_OA221X0P5H7L_C0_A1_NAND2X3H7L_Y:Y (NAND2X3H7L)                                                                                               |        | 0.004       | 0.000      | 0.111      |             | 0.094  | 3.239f         |
| u_core.alu_out_18__NAND2X0P5H7L_A_Y_OA221X0P5H7L_C0_A1 (net)                                                                                                                     | 5      |             |            |            | 0.000       |        |                |
| u_core.alu_out_18__NAND2X0P5H7L_A_Y_OA221X0P5H7L_C0_A1_BUFX7H7L_A:A (BUFX7H7L)                                                                                                   |        | 0.002       | 0.000      | 0.111      |             | 0.000  | 3.239f         |
| u_core.alu_out_18__NAND2X0P5H7L_A_Y_OA221X0P5H7L_C0_A1_BUFX7H7L_A:Y (BUFX7H7L)                                                                                                   |        | 0.018       | 0.000      | 0.061      |             | 0.114  | 3.353f         |
| u_core.alu_out_16__NAND2X0P5H7L_A_Y_OA221X1P4H7L_C0_A1 (net)                                                                                                                     | 24     |             |            |            | 0.000       |        |                |
| u_core.alu_out_11__AOI2BB2X0P5H7L_B1_Y_OAI221X0P5H7L_C0:A1 (OAI221X0P5H7L)                                                                                                       |        | 0.001       | 0.000      | 0.061      |             | 0.000  | 3.353f         |
| u_core.alu_out_11__AOI2BB2X0P5H7L_B1_Y_OAI221X0P5H7L_C0:Y (OAI221X0P5H7L)                                                                                                        |        | 0.023       | 0.000      | 1.369      |             | 0.797  | 4.149r         |
| u_core.u_regfile.w_data_11_ (net)                                                                                                                                                | 31     |             |            |            | 0.000       |        |                |
| u_core.u_regfile.rf[14]_11__reg_p:D (DFFQX1H7L)                                                                                                                                  |        | 0.001       | 0.000      | 1.369      |             | 0.000  | 4.149r         |
|                                                                                                                                                                                  |        |             |            |            |             |        |                |
| clk (port)                                                                                                                                                                       |        | 0.782       | 0.000      | 0.000      |             | 0.000  | 0.000r         |
| clk (clock net)                                                                                                                                                                  | 1225   |             |            |            | NA          |        |                |
| halt_NOR3BX0P5H7L_C_Y_NAND3BX0P5H7L_B_AN_OA31X1H7L_A1_Y_NAND2X0P5H7L_B_Y_NOR2X0P5H7L_A_1_B_NOR2X0P5H7L_A_2_Y_ICGX0P5H7L_E:CK (ICGX0P5H7L)                                        |        | 0.002       | 0.000      | 0.000      |             | 0.000  | 0.000r         |
| halt_NOR3BX0P5H7L_C_Y_NAND3BX0P5H7L_B_AN_OA31X1H7L_A1_Y_NAND2X0P5H7L_B_Y_NOR2X0P5H7L_A_1_B_NOR2X0P5H7L_A_2_Y_ICGX0P5H7L_E:ECK (ICGX0P5H7L)                                       |        | 0.022       | 0.000      | 0.000      |             | 0.000  | 0.000r         |
| u_core.u_regfile.rf[14]_0__reg_p_CK (clock net)                                                                                                                                  | 32     |             |            |            | NA          |        |                |
| u_core.u_regfile.rf[14]_11__reg_p:CK (DFFQX1H7L)                                                                                                                                 |        | 0.001       | 0.000      | 0.000      |             | 0.000  | 0.000r         |
| clock core_clock (rise edge)                                                                                                                                                     |        |             |            |            |             | 2      | 2              |
| clock network delay (ideal)                                                                                                                                                      |        |             |            |            |             | 0.000  | 2.000          |
| u_core.u_regfile.rf[14]_11__reg_p:CK (DFFQX1H7L)                                                                                                                                 |        |             |            |            |             |        | 2.000r         |
| library setup time                                                                                                                                                               |        |             |            |            |             | -0.183 | 1.817          |
| clock reconvergence pessimism                                                                                                                                                    |        |             |            |            |             | 0.000  | 1.817          |
|                                                                                                                                                                                  |        |             |            |            |             |        |                |
| path cell delay                                                                                                                                                                  |        |             |            |            |             |        | 3.149(75.900%) |
| path net delay                                                                                                                                                                   |        |             |            |            |             |        | 0.000(0.000%)  |
|                                                                                                                                                                                  |        |             |            |            |             |        |                |
| data require time                                                                                                                                                                |        |             |            |            |             |        | 1.817          |
| data arrival time                                                                                                                                                                |        |             |            |            |             |        | 4.149          |
| slack (VIOLATED)                                                                                                                                                                 |        |             |            |            |             |        | -2.332         |
+----------------------------------------------------------------------------------------------------------------------------------------------------------------------------------+--------+-------------+------------+------------+-------------+--------+----------------+
+----------------------------------------------------------------------------------------------------------------------------------------------------------------------------------+--------+-------------+------------+------------+-------------+--------+----------------+
| Point                                                                                                                                                                            | Fanout | Capacitance | Resistance | Transition | Delta Delay | Incr   | Path           |
+----------------------------------------------------------------------------------------------------------------------------------------------------------------------------------+--------+-------------+------------+------------+-------------+--------+----------------+
| clk (port)                                                                                                                                                                       |        | 1.060       | 0.000      | 0.000      |             | 0.000  | 0.000f         |
| clk (clock net)                                                                                                                                                                  | 1225   |             |            |            | NA          |        |                |
| u_core.u_regfile.rf_read[15]_9__reg_n:CKN (DFFNQX2H7L)                                                                                                                           |        | 0.001       | 0.000      | 0.000      |             | 0.000  | 0.000f         |
| clock core_clock (fall edge)                                                                                                                                                     |        |             |            |            |             | 1      | 1              |
| clock network delay (ideal)                                                                                                                                                      |        |             |            |            |             | 0.000  | 1.000          |
| u_core.u_regfile.rf_read[15]_9__reg_n:CKN (DFFNQX2H7L)                                                                                                                           |        | 0.001       | 0.000      | 0.000      |             | 0.000  | 1.000f         |
| u_core.u_regfile.rf_read[15]_9__reg_n:Q (DFFNQX2H7L)                                                                                                                             |        | 0.001       | 0.000      | 0.058      |             | 0.208  | 1.208f         |
| u_core.u_regfile.rf_read[15]_9_ (net)                                                                                                                                            | 2      |             |            |            | 0.000       |        |                |
| u_core.u_regfile.rf_read[7]_9__MUX2X0P5H7L_A:B (MUX2X0P5H7L)                                                                                                                     |        | 0.001       | 0.000      | 0.058      |             | 0.000  | 1.208f         |
| u_core.u_regfile.rf_read[7]_9__MUX2X0P5H7L_A:Y (MUX2X0P5H7L)                                                                                                                     |        | 0.001       | 0.000      | 0.039      |             | 0.111  | 1.319f         |
| u_core.u_regfile.rf_read[7]_9__MUX2X0P5H7L_A_Y (net)                                                                                                                             | 1      |             |            |            | 0.000       |        |                |
| u_core.u_regfile.rf_read[7]_9__MUX2X0P5H7L_A_Y_AOAI211X0P5H7L_A1:A1 (AOAI211X0P5H7L)                                                                                             |        | 0.001       | 0.000      | 0.039      |             | 0.000  | 1.319f         |
| u_core.u_regfile.rf_read[7]_9__MUX2X0P5H7L_A_Y_AOAI211X0P5H7L_A1:Y (AOAI211X0P5H7L)                                                                                              |        | 0.001       | 0.000      | 0.098      |             | 0.091  | 1.410r         |
| u_core.u_regfile.rf_read[31]_9__AND3X1P4H7L_A_Y_NOR4BX0P5H7L_D_AN (net)                                                                                                          | 1      |             |            |            | 0.000       |        |                |
| u_core.u_regfile.rf_read[31]_9__AND3X1P4H7L_A_Y_NOR4BX0P5H7L_D:AN (NOR4BX0P5H7L)                                                                                                 |        | 0.001       | 0.000      | 0.098      |             | 0.000  | 1.410r         |
| u_core.u_regfile.rf_read[31]_9__AND3X1P4H7L_A_Y_NOR4BX0P5H7L_D:Y (NOR4BX0P5H7L)                                                                                                  |        | 0.001       | 0.000      | 0.166      |             | 0.177  | 1.587r         |
| u_core.u_regfile.rf_read[31]_9__AND3X1P4H7L_A_Y_NOR4BX0P5H7L_D_Y (net)                                                                                                           | 1      |             |            |            | 0.000       |        |                |
| u_core.u_regfile.rf_read[27]_9__AOI22X0P5H7L_A0_Y_NAND4X0P5H7L_A:B (NAND4X0P5H7L)                                                                                                |        | 0.001       | 0.000      | 0.166      |             | 0.000  | 1.587r         |
| u_core.u_regfile.rf_read[27]_9__AOI22X0P5H7L_A0_Y_NAND4X0P5H7L_A:Y (NAND4X0P5H7L)                                                                                                |        | 0.001       | 0.000      | 0.112      |             | 0.117  | 1.703f         |
| u_core.u_regfile.rf_read[1]_9__OA221X0P5H7L_A0_B1 (net)                                                                                                                          | 1      |             |            |            | 0.000       |        |                |
| u_core.u_regfile.rf_read[1]_9__OA221X0P5H7L_A0:B1 (OA221X0P5H7L)                                                                                                                 |        | 0.001       | 0.000      | 0.112      |             | 0.000  | 1.703f         |
| u_core.u_regfile.rf_read[1]_9__OA221X0P5H7L_A0:Y (OA221X0P5H7L)                                                                                                                  |        | 0.001       | 0.000      | 0.052      |             | 0.151  | 1.855f         |
| u_core.u_regfile.rf_read[1]_9__OA221X0P5H7L_A0_Y (net)                                                                                                                           | 1      |             |            |            | 0.000       |        |                |
| u_core.u_regfile.rf_read[1]_9__OA221X0P5H7L_A0_Y_BUFX3P5H7L_A:A (BUFX3P5H7L)                                                                                                     |        | 0.001       | 0.000      | 0.052      |             | 0.000  | 1.855f         |
| u_core.u_regfile.rf_read[1]_9__OA221X0P5H7L_A0_Y_BUFX3P5H7L_A:Y (BUFX3P5H7L)                                                                                                     |        | 0.007       | 0.000      | 0.049      |             | 0.086  | 1.941f         |
| u_core.u_CSRFile.mcause_9__AOA211X1P4H7L_A0_B0 (net)                                                                                                                             | 8      |             |            |            | 0.000       |        |                |
| u_core.alu_result_9__AND2X1H7L_Y_B_OAI221X0P5H7L_Y_B0_XNOR2X0P5H7L_Y_B_OA21X0P7H7L_Y_B0_OAOI211X0P5H7L_B0_C0_NAND2BX0P5H7L_Y_B_NAND4X0P5H7L_Y_D_OAI21X1P4H7L_Y:B0 (OAI21X1P4H7L) |        | 0.001       | 0.000      | 0.049      |             | 0.000  | 1.941f         |
| u_core.alu_result_9__AND2X1H7L_Y_B_OAI221X0P5H7L_Y_B0_XNOR2X0P5H7L_Y_B_OA21X0P7H7L_Y_B0_OAOI211X0P5H7L_B0_C0_NAND2BX0P5H7L_Y_B_NAND4X0P5H7L_Y_D_OAI21X1P4H7L_Y:Y (OAI21X1P4H7L)  |        | 0.003       | 0.000      | 0.139      |             | 0.055  | 1.996r         |
| u_core.alu_result_9__AND2X1H7L_Y_B_OAI221X0P5H7L_Y_B0_XNOR2X0P5H7L_Y_B_OA21X0P7H7L_Y_B0_OAOI211X0P5H7L_B0_C0_NAND2BX0P5H7L_Y_B_NAND4X0P5H7L_Y_D (net)                            | 4      |             |            |            | 0.000       |        |                |
| u_core.alu_result_9__AND2X1H7L_Y_B_OAI221X0P5H7L_Y_B0_XNOR2X0P5H7L_Y_B_OA21X0P7H7L_Y_B0_OAOI211X0P5H7L_B0_C0_NAND2BX0P5H7L_Y_B_NAND4X0P5H7L_Y_C_NAND2X0P5H7L_A:B (NAND2X0P5H7L)  |        | 0.001       | 0.000      | 0.139      |             | 0.000  | 1.996r         |
| u_core.alu_result_9__AND2X1H7L_Y_B_OAI221X0P5H7L_Y_B0_XNOR2X0P5H7L_Y_B_OA21X0P7H7L_Y_B0_OAOI211X0P5H7L_B0_C0_NAND2BX0P5H7L_Y_B_NAND4X0P5H7L_Y_C_NAND2X0P5H7L_A:Y (NAND2X0P5H7L)  |        | 0.005       | 0.000      | 0.181      |             | 0.154  | 2.149f         |
| u_core.alu_result_9__AND2X1H7L_Y_B_OAI221X0P5H7L_Y_B0_XNOR2X0P5H7L_Y_A_XNOR2X0P5H7L_Y_B (net)                                                                                    | 7      |             |            |            | 0.000       |        |                |
| u_core.alu_result_9__AND2X1H7L_Y_B_OAI221X0P5H7L_Y_B0_XNOR2X0P5H7L_Y_A_XNOR2X0P5H7L_Y:B (XNOR2X0P5H7L)                                                                           |        | 0.001       | 0.000      | 0.181      |             | 0.000  | 2.149f         |
| u_core.alu_result_9__AND2X1H7L_Y_B_OAI221X0P5H7L_Y_B0_XNOR2X0P5H7L_Y_A_XNOR2X0P5H7L_Y:Y (XNOR2X0P5H7L)                                                                           |        | 0.003       | 0.000      | 0.074      |             | 0.194  | 2.344f         |
| u_core.alu_result_9__AND2X1H7L_Y_B_OAI221X0P5H7L_Y_B0_XNOR2X0P5H7L_Y_A (net)                                                                                                     | 2      |             |            |            | 0.000       |        |                |
| u_core.alu_result_9__AND2X1H7L_Y_B_OAI221X0P5H7L_Y_B0_XNOR2X0P5H7L_Y_A_NOR4X2H7L_D:D (NOR4X2H7L)                                                                                 |        | 0.001       | 0.000      | 0.074      |             | 0.000  | 2.344f         |
| u_core.alu_result_9__AND2X1H7L_Y_B_OAI221X0P5H7L_Y_B0_XNOR2X0P5H7L_Y_A_NOR4X2H7L_D:Y (NOR4X2H7L)                                                                                 |        | 0.002       | 0.000      | 0.172      |             | 0.124  | 2.467r         |
| u_core.alu_result_9__AND2X1H7L_Y_B_OAI221X0P5H7L_Y_B0_XNOR2X0P5H7L_Y_A_NOR4X2H7L_D_Y (net)                                                                                       | 2      |             |            |            | 0.000       |        |                |
| u_core.alu_result_9__AND2X1H7L_Y_B_OAI221X0P5H7L_Y_B0_XNOR2X0P5H7L_Y_A_NOR4X2H7L_D_Y_NAND4X0P5H7L_D:D (NAND4X0P5H7L)                                                             |        | 0.001       | 0.000      | 0.172      |             | 0.000  | 2.467r         |
| u_core.alu_result_9__AND2X1H7L_Y_B_OAI221X0P5H7L_Y_B0_XNOR2X0P5H7L_Y_A_NOR4X2H7L_D_Y_NAND4X0P5H7L_D:Y (NAND4X0P5H7L)                                                             |        | 0.002       | 0.000      | 0.171      |             | 0.147  | 2.614f         |
| u_core.alu_result_16__OAI22X0P5H7L_Y_A1_AOI221X0P5H7L_Y_B0_XNOR2X0P5H7L_Y_A_OAI211X2H7L_Y_B0 (net)                                                                               | 2      |             |            |            | 0.000       |        |                |
| u_core.alu_result_16__OAI22X0P5H7L_Y_A1_AOI221X0P5H7L_Y_B0_XNOR2X0P5H7L_Y_A_OAI211X2H7L_Y:B0 (OAI211X2H7L)                                                                       |        | 0.001       | 0.000      | 0.171      |             | 0.000  | 2.614f         |
| u_core.alu_result_16__OAI22X0P5H7L_Y_A1_AOI221X0P5H7L_Y_B0_XNOR2X0P5H7L_Y_A_OAI211X2H7L_Y:Y (OAI211X2H7L)                                                                        |        | 0.002       | 0.000      | 0.123      |             | 0.090  | 2.704r         |
| u_core.alu_result_16__OAI22X0P5H7L_Y_A1_AOI221X0P5H7L_Y_B0_XNOR2X0P5H7L_Y_A (net)                                                                                                | 2      |             |            |            | 0.000       |        |                |
| u_core.alu_result_16__OAI22X0P5H7L_Y_A1_AOI221X0P5H7L_Y_B0_XNOR2X0P5H7L_Y_A_AO31X4H7L_A2:A2 (AO31X4H7L)                                                                          |        | 0.001       | 0.000      | 0.123      |             | 0.000  | 2.704r         |
| u_core.alu_result_16__OAI22X0P5H7L_Y_A1_AOI221X0P5H7L_Y_B0_XNOR2X0P5H7L_Y_A_AO31X4H7L_A2:Y (AO31X4H7L)                                                                           |        | 0.005       | 0.000      | 0.069      |             | 0.147  | 2.851r         |
| u_core.alu_result_24__NOR2X0P5H7L_Y_B_AOI221X0P5H7L_Y_B0_XNOR2X0P5H7L_Y_A (net)                                                                                                  | 5      |             |            |            | 0.000       |        |                |
| u_core.alu_result_25__OAI22X0P5H7L_Y_A1_XNOR2X0P5H7L_Y_A_OR2X0P5H7L_A_Y_NOR3X0P5H7L_A_Y_AOI31X4H7L_A2:A0 (AOI31X4H7L)                                                            |        | 0.002       | 0.000      | 0.069      |             | 0.000  | 2.851r         |
| u_core.alu_result_25__OAI22X0P5H7L_Y_A1_XNOR2X0P5H7L_Y_A_OR2X0P5H7L_A_Y_NOR3X0P5H7L_A_Y_AOI31X4H7L_A2:Y (AOI31X4H7L)                                                             |        | 0.004       | 0.000      | 0.133      |             | 0.086  | 2.937f         |
| halt_NOR3BX0P5H7L_C_Y_OAI211X0P7H7L_A0_Y_OA31X3H7L_A2_A1 (net)                                                                                                                   | 4      |             |            |            | 0.000       |        |                |
| halt_NOR3BX0P5H7L_C_Y_OAI211X0P7H7L_A0_Y_OAI31X4H7L_A2:A1 (OAI31X4H7L)                                                                                                           |        | 0.002       | 0.000      | 0.133      |             | 0.000  | 2.937f         |
| halt_NOR3BX0P5H7L_C_Y_OAI211X0P7H7L_A0_Y_OAI31X4H7L_A2:Y (OAI31X4H7L)                                                                                                            |        | 0.009       | 0.000      | 0.258      |             | 0.208  | 3.145r         |
| halt_NOR3BX0P5H7L_C_Y_OAI211X0P7H7L_A0_Y_OAI31X4H7L_A2_Y (net)                                                                                                                   | 7      |             |            |            | 0.000       |        |                |
| u_core.alu_out_18__NAND2X0P5H7L_A_Y_OA221X0P5H7L_C0_A1_NAND2X3H7L_Y:B (NAND2X3H7L)                                                                                               |        | 0.002       | 0.000      | 0.258      |             | 0.000  | 3.145r         |
| u_core.alu_out_18__NAND2X0P5H7L_A_Y_OA221X0P5H7L_C0_A1_NAND2X3H7L_Y:Y (NAND2X3H7L)                                                                                               |        | 0.004       | 0.000      | 0.111      |             | 0.094  | 3.239f         |
| u_core.alu_out_18__NAND2X0P5H7L_A_Y_OA221X0P5H7L_C0_A1 (net)                                                                                                                     | 5      |             |            |            | 0.000       |        |                |
| u_core.alu_out_18__NAND2X0P5H7L_A_Y_OA221X0P5H7L_C0_A1_BUFX7H7L_A:A (BUFX7H7L)                                                                                                   |        | 0.002       | 0.000      | 0.111      |             | 0.000  | 3.239f         |
| u_core.alu_out_18__NAND2X0P5H7L_A_Y_OA221X0P5H7L_C0_A1_BUFX7H7L_A:Y (BUFX7H7L)                                                                                                   |        | 0.018       | 0.000      | 0.061      |             | 0.114  | 3.353f         |
| u_core.alu_out_16__NAND2X0P5H7L_A_Y_OA221X1P4H7L_C0_A1 (net)                                                                                                                     | 24     |             |            |            | 0.000       |        |                |
| u_core.alu_out_14__AOI221X1P4H7L_A0_Y_OAI221X0P5H7L_C0:A1 (OAI221X0P5H7L)                                                                                                        |        | 0.001       | 0.000      | 0.061      |             | 0.000  | 3.353f         |
| u_core.alu_out_14__AOI221X1P4H7L_A0_Y_OAI221X0P5H7L_C0:Y (OAI221X0P5H7L)                                                                                                         |        | 0.023       | 0.000      | 1.369      |             | 0.797  | 4.149r         |
| u_core.u_regfile.w_data_14_ (net)                                                                                                                                                | 31     |             |            |            | 0.000       |        |                |
| u_core.u_regfile.rf[28]_14__reg_p:D (DFFQX1H7L)                                                                                                                                  |        | 0.001       | 0.000      | 1.369      |             | 0.000  | 4.149r         |
|                                                                                                                                                                                  |        |             |            |            |             |        |                |
| clk (port)                                                                                                                                                                       |        | 0.782       | 0.000      | 0.000      |             | 0.000  | 0.000r         |
| clk (clock net)                                                                                                                                                                  | 1225   |             |            |            | NA          |        |                |
| halt_NOR3BX0P5H7L_C_Y_NAND3BX0P5H7L_B_AN_OA31X1H7L_A1_Y_NAND2X0P5H7L_B_A_NOR2BX1H7L_AN_B_NOR2X0P5H7L_A_Y_ICGX0P5H7L_E:CK (ICGX0P5H7L)                                            |        | 0.002       | 0.000      | 0.000      |             | 0.000  | 0.000r         |
| halt_NOR3BX0P5H7L_C_Y_NAND3BX0P5H7L_B_AN_OA31X1H7L_A1_Y_NAND2X0P5H7L_B_A_NOR2BX1H7L_AN_B_NOR2X0P5H7L_A_Y_ICGX0P5H7L_E:ECK (ICGX0P5H7L)                                           |        | 0.022       | 0.000      | 0.000      |             | 0.000  | 0.000r         |
| u_core.u_regfile.rf[28]_0__reg_p_CK (clock net)                                                                                                                                  | 32     |             |            |            | NA          |        |                |
| u_core.u_regfile.rf[28]_14__reg_p:CK (DFFQX1H7L)                                                                                                                                 |        | 0.001       | 0.000      | 0.000      |             | 0.000  | 0.000r         |
| clock core_clock (rise edge)                                                                                                                                                     |        |             |            |            |             | 2      | 2              |
| clock network delay (ideal)                                                                                                                                                      |        |             |            |            |             | 0.000  | 2.000          |
| u_core.u_regfile.rf[28]_14__reg_p:CK (DFFQX1H7L)                                                                                                                                 |        |             |            |            |             |        | 2.000r         |
| library setup time                                                                                                                                                               |        |             |            |            |             | -0.183 | 1.817          |
| clock reconvergence pessimism                                                                                                                                                    |        |             |            |            |             | 0.000  | 1.817          |
|                                                                                                                                                                                  |        |             |            |            |             |        |                |
| path cell delay                                                                                                                                                                  |        |             |            |            |             |        | 3.149(75.900%) |
| path net delay                                                                                                                                                                   |        |             |            |            |             |        | 0.000(0.000%)  |
|                                                                                                                                                                                  |        |             |            |            |             |        |                |
| data require time                                                                                                                                                                |        |             |            |            |             |        | 1.817          |
| data arrival time                                                                                                                                                                |        |             |            |            |             |        | 4.149          |
| slack (VIOLATED)                                                                                                                                                                 |        |             |            |            |             |        | -2.332         |
+----------------------------------------------------------------------------------------------------------------------------------------------------------------------------------+--------+-------------+------------+------------+-------------+--------+----------------+
+----------------------------------------------------------------------------------------------------------------------------------------------------------------------------------+--------+-------------+------------+------------+-------------+--------+----------------+
| Point                                                                                                                                                                            | Fanout | Capacitance | Resistance | Transition | Delta Delay | Incr   | Path           |
+----------------------------------------------------------------------------------------------------------------------------------------------------------------------------------+--------+-------------+------------+------------+-------------+--------+----------------+
| clk (port)                                                                                                                                                                       |        | 1.060       | 0.000      | 0.000      |             | 0.000  | 0.000f         |
| clk (clock net)                                                                                                                                                                  | 1225   |             |            |            | NA          |        |                |
| u_core.u_regfile.rf_read[15]_9__reg_n:CKN (DFFNQX2H7L)                                                                                                                           |        | 0.001       | 0.000      | 0.000      |             | 0.000  | 0.000f         |
| clock core_clock (fall edge)                                                                                                                                                     |        |             |            |            |             | 1      | 1              |
| clock network delay (ideal)                                                                                                                                                      |        |             |            |            |             | 0.000  | 1.000          |
| u_core.u_regfile.rf_read[15]_9__reg_n:CKN (DFFNQX2H7L)                                                                                                                           |        | 0.001       | 0.000      | 0.000      |             | 0.000  | 1.000f         |
| u_core.u_regfile.rf_read[15]_9__reg_n:Q (DFFNQX2H7L)                                                                                                                             |        | 0.001       | 0.000      | 0.058      |             | 0.208  | 1.208f         |
| u_core.u_regfile.rf_read[15]_9_ (net)                                                                                                                                            | 2      |             |            |            | 0.000       |        |                |
| u_core.u_regfile.rf_read[7]_9__MUX2X0P5H7L_A:B (MUX2X0P5H7L)                                                                                                                     |        | 0.001       | 0.000      | 0.058      |             | 0.000  | 1.208f         |
| u_core.u_regfile.rf_read[7]_9__MUX2X0P5H7L_A:Y (MUX2X0P5H7L)                                                                                                                     |        | 0.001       | 0.000      | 0.039      |             | 0.111  | 1.319f         |
| u_core.u_regfile.rf_read[7]_9__MUX2X0P5H7L_A_Y (net)                                                                                                                             | 1      |             |            |            | 0.000       |        |                |
| u_core.u_regfile.rf_read[7]_9__MUX2X0P5H7L_A_Y_AOAI211X0P5H7L_A1:A1 (AOAI211X0P5H7L)                                                                                             |        | 0.001       | 0.000      | 0.039      |             | 0.000  | 1.319f         |
| u_core.u_regfile.rf_read[7]_9__MUX2X0P5H7L_A_Y_AOAI211X0P5H7L_A1:Y (AOAI211X0P5H7L)                                                                                              |        | 0.001       | 0.000      | 0.098      |             | 0.091  | 1.410r         |
| u_core.u_regfile.rf_read[31]_9__AND3X1P4H7L_A_Y_NOR4BX0P5H7L_D_AN (net)                                                                                                          | 1      |             |            |            | 0.000       |        |                |
| u_core.u_regfile.rf_read[31]_9__AND3X1P4H7L_A_Y_NOR4BX0P5H7L_D:AN (NOR4BX0P5H7L)                                                                                                 |        | 0.001       | 0.000      | 0.098      |             | 0.000  | 1.410r         |
| u_core.u_regfile.rf_read[31]_9__AND3X1P4H7L_A_Y_NOR4BX0P5H7L_D:Y (NOR4BX0P5H7L)                                                                                                  |        | 0.001       | 0.000      | 0.166      |             | 0.177  | 1.587r         |
| u_core.u_regfile.rf_read[31]_9__AND3X1P4H7L_A_Y_NOR4BX0P5H7L_D_Y (net)                                                                                                           | 1      |             |            |            | 0.000       |        |                |
| u_core.u_regfile.rf_read[27]_9__AOI22X0P5H7L_A0_Y_NAND4X0P5H7L_A:B (NAND4X0P5H7L)                                                                                                |        | 0.001       | 0.000      | 0.166      |             | 0.000  | 1.587r         |
| u_core.u_regfile.rf_read[27]_9__AOI22X0P5H7L_A0_Y_NAND4X0P5H7L_A:Y (NAND4X0P5H7L)                                                                                                |        | 0.001       | 0.000      | 0.112      |             | 0.117  | 1.703f         |
| u_core.u_regfile.rf_read[1]_9__OA221X0P5H7L_A0_B1 (net)                                                                                                                          | 1      |             |            |            | 0.000       |        |                |
| u_core.u_regfile.rf_read[1]_9__OA221X0P5H7L_A0:B1 (OA221X0P5H7L)                                                                                                                 |        | 0.001       | 0.000      | 0.112      |             | 0.000  | 1.703f         |
| u_core.u_regfile.rf_read[1]_9__OA221X0P5H7L_A0:Y (OA221X0P5H7L)                                                                                                                  |        | 0.001       | 0.000      | 0.052      |             | 0.151  | 1.855f         |
| u_core.u_regfile.rf_read[1]_9__OA221X0P5H7L_A0_Y (net)                                                                                                                           | 1      |             |            |            | 0.000       |        |                |
| u_core.u_regfile.rf_read[1]_9__OA221X0P5H7L_A0_Y_BUFX3P5H7L_A:A (BUFX3P5H7L)                                                                                                     |        | 0.001       | 0.000      | 0.052      |             | 0.000  | 1.855f         |
| u_core.u_regfile.rf_read[1]_9__OA221X0P5H7L_A0_Y_BUFX3P5H7L_A:Y (BUFX3P5H7L)                                                                                                     |        | 0.007       | 0.000      | 0.049      |             | 0.086  | 1.941f         |
| u_core.u_CSRFile.mcause_9__AOA211X1P4H7L_A0_B0 (net)                                                                                                                             | 8      |             |            |            | 0.000       |        |                |
| u_core.alu_result_9__AND2X1H7L_Y_B_OAI221X0P5H7L_Y_B0_XNOR2X0P5H7L_Y_B_OA21X0P7H7L_Y_B0_OAOI211X0P5H7L_B0_C0_NAND2BX0P5H7L_Y_B_NAND4X0P5H7L_Y_D_OAI21X1P4H7L_Y:B0 (OAI21X1P4H7L) |        | 0.001       | 0.000      | 0.049      |             | 0.000  | 1.941f         |
| u_core.alu_result_9__AND2X1H7L_Y_B_OAI221X0P5H7L_Y_B0_XNOR2X0P5H7L_Y_B_OA21X0P7H7L_Y_B0_OAOI211X0P5H7L_B0_C0_NAND2BX0P5H7L_Y_B_NAND4X0P5H7L_Y_D_OAI21X1P4H7L_Y:Y (OAI21X1P4H7L)  |        | 0.003       | 0.000      | 0.139      |             | 0.055  | 1.996r         |
| u_core.alu_result_9__AND2X1H7L_Y_B_OAI221X0P5H7L_Y_B0_XNOR2X0P5H7L_Y_B_OA21X0P7H7L_Y_B0_OAOI211X0P5H7L_B0_C0_NAND2BX0P5H7L_Y_B_NAND4X0P5H7L_Y_D (net)                            | 4      |             |            |            | 0.000       |        |                |
| u_core.alu_result_9__AND2X1H7L_Y_B_OAI221X0P5H7L_Y_B0_XNOR2X0P5H7L_Y_B_OA21X0P7H7L_Y_B0_OAOI211X0P5H7L_B0_C0_NAND2BX0P5H7L_Y_B_NAND4X0P5H7L_Y_C_NAND2X0P5H7L_A:B (NAND2X0P5H7L)  |        | 0.001       | 0.000      | 0.139      |             | 0.000  | 1.996r         |
| u_core.alu_result_9__AND2X1H7L_Y_B_OAI221X0P5H7L_Y_B0_XNOR2X0P5H7L_Y_B_OA21X0P7H7L_Y_B0_OAOI211X0P5H7L_B0_C0_NAND2BX0P5H7L_Y_B_NAND4X0P5H7L_Y_C_NAND2X0P5H7L_A:Y (NAND2X0P5H7L)  |        | 0.005       | 0.000      | 0.181      |             | 0.154  | 2.149f         |
| u_core.alu_result_9__AND2X1H7L_Y_B_OAI221X0P5H7L_Y_B0_XNOR2X0P5H7L_Y_A_XNOR2X0P5H7L_Y_B (net)                                                                                    | 7      |             |            |            | 0.000       |        |                |
| u_core.alu_result_9__AND2X1H7L_Y_B_OAI221X0P5H7L_Y_B0_XNOR2X0P5H7L_Y_A_XNOR2X0P5H7L_Y:B (XNOR2X0P5H7L)                                                                           |        | 0.001       | 0.000      | 0.181      |             | 0.000  | 2.149f         |
| u_core.alu_result_9__AND2X1H7L_Y_B_OAI221X0P5H7L_Y_B0_XNOR2X0P5H7L_Y_A_XNOR2X0P5H7L_Y:Y (XNOR2X0P5H7L)                                                                           |        | 0.003       | 0.000      | 0.074      |             | 0.194  | 2.344f         |
| u_core.alu_result_9__AND2X1H7L_Y_B_OAI221X0P5H7L_Y_B0_XNOR2X0P5H7L_Y_A (net)                                                                                                     | 2      |             |            |            | 0.000       |        |                |
| u_core.alu_result_9__AND2X1H7L_Y_B_OAI221X0P5H7L_Y_B0_XNOR2X0P5H7L_Y_A_NOR4X2H7L_D:D (NOR4X2H7L)                                                                                 |        | 0.001       | 0.000      | 0.074      |             | 0.000  | 2.344f         |
| u_core.alu_result_9__AND2X1H7L_Y_B_OAI221X0P5H7L_Y_B0_XNOR2X0P5H7L_Y_A_NOR4X2H7L_D:Y (NOR4X2H7L)                                                                                 |        | 0.002       | 0.000      | 0.172      |             | 0.124  | 2.467r         |
| u_core.alu_result_9__AND2X1H7L_Y_B_OAI221X0P5H7L_Y_B0_XNOR2X0P5H7L_Y_A_NOR4X2H7L_D_Y (net)                                                                                       | 2      |             |            |            | 0.000       |        |                |
| u_core.alu_result_9__AND2X1H7L_Y_B_OAI221X0P5H7L_Y_B0_XNOR2X0P5H7L_Y_A_NOR4X2H7L_D_Y_NAND4X0P5H7L_D:D (NAND4X0P5H7L)                                                             |        | 0.001       | 0.000      | 0.172      |             | 0.000  | 2.467r         |
| u_core.alu_result_9__AND2X1H7L_Y_B_OAI221X0P5H7L_Y_B0_XNOR2X0P5H7L_Y_A_NOR4X2H7L_D_Y_NAND4X0P5H7L_D:Y (NAND4X0P5H7L)                                                             |        | 0.002       | 0.000      | 0.171      |             | 0.147  | 2.614f         |
| u_core.alu_result_16__OAI22X0P5H7L_Y_A1_AOI221X0P5H7L_Y_B0_XNOR2X0P5H7L_Y_A_OAI211X2H7L_Y_B0 (net)                                                                               | 2      |             |            |            | 0.000       |        |                |
| u_core.alu_result_16__OAI22X0P5H7L_Y_A1_AOI221X0P5H7L_Y_B0_XNOR2X0P5H7L_Y_A_OAI211X2H7L_Y:B0 (OAI211X2H7L)                                                                       |        | 0.001       | 0.000      | 0.171      |             | 0.000  | 2.614f         |
| u_core.alu_result_16__OAI22X0P5H7L_Y_A1_AOI221X0P5H7L_Y_B0_XNOR2X0P5H7L_Y_A_OAI211X2H7L_Y:Y (OAI211X2H7L)                                                                        |        | 0.002       | 0.000      | 0.123      |             | 0.090  | 2.704r         |
| u_core.alu_result_16__OAI22X0P5H7L_Y_A1_AOI221X0P5H7L_Y_B0_XNOR2X0P5H7L_Y_A (net)                                                                                                | 2      |             |            |            | 0.000       |        |                |
| u_core.alu_result_16__OAI22X0P5H7L_Y_A1_AOI221X0P5H7L_Y_B0_XNOR2X0P5H7L_Y_A_AO31X4H7L_A2:A2 (AO31X4H7L)                                                                          |        | 0.001       | 0.000      | 0.123      |             | 0.000  | 2.704r         |
| u_core.alu_result_16__OAI22X0P5H7L_Y_A1_AOI221X0P5H7L_Y_B0_XNOR2X0P5H7L_Y_A_AO31X4H7L_A2:Y (AO31X4H7L)                                                                           |        | 0.005       | 0.000      | 0.069      |             | 0.147  | 2.851r         |
| u_core.alu_result_24__NOR2X0P5H7L_Y_B_AOI221X0P5H7L_Y_B0_XNOR2X0P5H7L_Y_A (net)                                                                                                  | 5      |             |            |            | 0.000       |        |                |
| u_core.alu_result_25__OAI22X0P5H7L_Y_A1_XNOR2X0P5H7L_Y_A_OR2X0P5H7L_A_Y_NOR3X0P5H7L_A_Y_AOI31X4H7L_A2:A0 (AOI31X4H7L)                                                            |        | 0.002       | 0.000      | 0.069      |             | 0.000  | 2.851r         |
| u_core.alu_result_25__OAI22X0P5H7L_Y_A1_XNOR2X0P5H7L_Y_A_OR2X0P5H7L_A_Y_NOR3X0P5H7L_A_Y_AOI31X4H7L_A2:Y (AOI31X4H7L)                                                             |        | 0.004       | 0.000      | 0.133      |             | 0.086  | 2.937f         |
| halt_NOR3BX0P5H7L_C_Y_OAI211X0P7H7L_A0_Y_OA31X3H7L_A2_A1 (net)                                                                                                                   | 4      |             |            |            | 0.000       |        |                |
| halt_NOR3BX0P5H7L_C_Y_OAI211X0P7H7L_A0_Y_OAI31X4H7L_A2:A1 (OAI31X4H7L)                                                                                                           |        | 0.002       | 0.000      | 0.133      |             | 0.000  | 2.937f         |
| halt_NOR3BX0P5H7L_C_Y_OAI211X0P7H7L_A0_Y_OAI31X4H7L_A2:Y (OAI31X4H7L)                                                                                                            |        | 0.009       | 0.000      | 0.258      |             | 0.208  | 3.145r         |
| halt_NOR3BX0P5H7L_C_Y_OAI211X0P7H7L_A0_Y_OAI31X4H7L_A2_Y (net)                                                                                                                   | 7      |             |            |            | 0.000       |        |                |
| u_core.alu_out_18__NAND2X0P5H7L_A_Y_OA221X0P5H7L_C0_A1_NAND2X3H7L_Y:B (NAND2X3H7L)                                                                                               |        | 0.002       | 0.000      | 0.258      |             | 0.000  | 3.145r         |
| u_core.alu_out_18__NAND2X0P5H7L_A_Y_OA221X0P5H7L_C0_A1_NAND2X3H7L_Y:Y (NAND2X3H7L)                                                                                               |        | 0.004       | 0.000      | 0.111      |             | 0.094  | 3.239f         |
| u_core.alu_out_18__NAND2X0P5H7L_A_Y_OA221X0P5H7L_C0_A1 (net)                                                                                                                     | 5      |             |            |            | 0.000       |        |                |
| u_core.alu_out_18__NAND2X0P5H7L_A_Y_OA221X0P5H7L_C0_A1_BUFX7H7L_A:A (BUFX7H7L)                                                                                                   |        | 0.002       | 0.000      | 0.111      |             | 0.000  | 3.239f         |
| u_core.alu_out_18__NAND2X0P5H7L_A_Y_OA221X0P5H7L_C0_A1_BUFX7H7L_A:Y (BUFX7H7L)                                                                                                   |        | 0.018       | 0.000      | 0.061      |             | 0.114  | 3.353f         |
| u_core.alu_out_16__NAND2X0P5H7L_A_Y_OA221X1P4H7L_C0_A1 (net)                                                                                                                     | 24     |             |            |            | 0.000       |        |                |
| u_core.alu_out_15__AOI221X1P4H7L_A0_Y_OAI221X0P5H7L_C0:A1 (OAI221X0P5H7L)                                                                                                        |        | 0.001       | 0.000      | 0.061      |             | 0.000  | 3.353f         |
| u_core.alu_out_15__AOI221X1P4H7L_A0_Y_OAI221X0P5H7L_C0:Y (OAI221X0P5H7L)                                                                                                         |        | 0.023       | 0.000      | 1.369      |             | 0.797  | 4.149r         |
| u_core.u_regfile.w_data_15_ (net)                                                                                                                                                | 31     |             |            |            | 0.000       |        |                |
| u_core.u_regfile.rf[6]_15__reg_p:D (DFFQX1H7L)                                                                                                                                   |        | 0.001       | 0.000      | 1.369      |             | 0.000  | 4.149r         |
|                                                                                                                                                                                  |        |             |            |            |             |        |                |
| clk (port)                                                                                                                                                                       |        | 0.782       | 0.000      | 0.000      |             | 0.000  | 0.000r         |
| clk (clock net)                                                                                                                                                                  | 1225   |             |            |            | NA          |        |                |
| halt_NOR3BX0P5H7L_C_Y_NAND3BX0P5H7L_B_AN_OA31X1H7L_A1_Y_NAND2X0P5H7L_B_Y_NOR2X0P5H7L_A_1_B_NOR2X0P5H7L_A_3_Y_ICGX0P5H7L_E:CK (ICGX0P5H7L)                                        |        | 0.002       | 0.000      | 0.000      |             | 0.000  | 0.000r         |
| halt_NOR3BX0P5H7L_C_Y_NAND3BX0P5H7L_B_AN_OA31X1H7L_A1_Y_NAND2X0P5H7L_B_Y_NOR2X0P5H7L_A_1_B_NOR2X0P5H7L_A_3_Y_ICGX0P5H7L_E:ECK (ICGX0P5H7L)                                       |        | 0.022       | 0.000      | 0.000      |             | 0.000  | 0.000r         |
| u_core.u_regfile.rf[6]_0__reg_p_CK (clock net)                                                                                                                                   | 32     |             |            |            | NA          |        |                |
| u_core.u_regfile.rf[6]_15__reg_p:CK (DFFQX1H7L)                                                                                                                                  |        | 0.001       | 0.000      | 0.000      |             | 0.000  | 0.000r         |
| clock core_clock (rise edge)                                                                                                                                                     |        |             |            |            |             | 2      | 2              |
| clock network delay (ideal)                                                                                                                                                      |        |             |            |            |             | 0.000  | 2.000          |
| u_core.u_regfile.rf[6]_15__reg_p:CK (DFFQX1H7L)                                                                                                                                  |        |             |            |            |             |        | 2.000r         |
| library setup time                                                                                                                                                               |        |             |            |            |             | -0.183 | 1.817          |
| clock reconvergence pessimism                                                                                                                                                    |        |             |            |            |             | 0.000  | 1.817          |
|                                                                                                                                                                                  |        |             |            |            |             |        |                |
| path cell delay                                                                                                                                                                  |        |             |            |            |             |        | 3.149(75.900%) |
| path net delay                                                                                                                                                                   |        |             |            |            |             |        | 0.000(0.000%)  |
|                                                                                                                                                                                  |        |             |            |            |             |        |                |
| data require time                                                                                                                                                                |        |             |            |            |             |        | 1.817          |
| data arrival time                                                                                                                                                                |        |             |            |            |             |        | 4.149          |
| slack (VIOLATED)                                                                                                                                                                 |        |             |            |            |             |        | -2.332         |
+----------------------------------------------------------------------------------------------------------------------------------------------------------------------------------+--------+-------------+------------+------------+-------------+--------+----------------+
+----------------------------------------------------------------------------------------------------------------------------------------------------------------------------------+--------+-------------+------------+------------+-------------+--------+----------------+
| Point                                                                                                                                                                            | Fanout | Capacitance | Resistance | Transition | Delta Delay | Incr   | Path           |
+----------------------------------------------------------------------------------------------------------------------------------------------------------------------------------+--------+-------------+------------+------------+-------------+--------+----------------+
| clk (port)                                                                                                                                                                       |        | 1.060       | 0.000      | 0.000      |             | 0.000  | 0.000f         |
| clk (clock net)                                                                                                                                                                  | 1225   |             |            |            | NA          |        |                |
| u_core.u_regfile.rf_read[15]_9__reg_n:CKN (DFFNQX2H7L)                                                                                                                           |        | 0.001       | 0.000      | 0.000      |             | 0.000  | 0.000f         |
| clock core_clock (fall edge)                                                                                                                                                     |        |             |            |            |             | 1      | 1              |
| clock network delay (ideal)                                                                                                                                                      |        |             |            |            |             | 0.000  | 1.000          |
| u_core.u_regfile.rf_read[15]_9__reg_n:CKN (DFFNQX2H7L)                                                                                                                           |        | 0.001       | 0.000      | 0.000      |             | 0.000  | 1.000f         |
| u_core.u_regfile.rf_read[15]_9__reg_n:Q (DFFNQX2H7L)                                                                                                                             |        | 0.001       | 0.000      | 0.058      |             | 0.208  | 1.208f         |
| u_core.u_regfile.rf_read[15]_9_ (net)                                                                                                                                            | 2      |             |            |            | 0.000       |        |                |
| u_core.u_regfile.rf_read[7]_9__MUX2X0P5H7L_A:B (MUX2X0P5H7L)                                                                                                                     |        | 0.001       | 0.000      | 0.058      |             | 0.000  | 1.208f         |
| u_core.u_regfile.rf_read[7]_9__MUX2X0P5H7L_A:Y (MUX2X0P5H7L)                                                                                                                     |        | 0.001       | 0.000      | 0.039      |             | 0.111  | 1.319f         |
| u_core.u_regfile.rf_read[7]_9__MUX2X0P5H7L_A_Y (net)                                                                                                                             | 1      |             |            |            | 0.000       |        |                |
| u_core.u_regfile.rf_read[7]_9__MUX2X0P5H7L_A_Y_AOAI211X0P5H7L_A1:A1 (AOAI211X0P5H7L)                                                                                             |        | 0.001       | 0.000      | 0.039      |             | 0.000  | 1.319f         |
| u_core.u_regfile.rf_read[7]_9__MUX2X0P5H7L_A_Y_AOAI211X0P5H7L_A1:Y (AOAI211X0P5H7L)                                                                                              |        | 0.001       | 0.000      | 0.098      |             | 0.091  | 1.410r         |
| u_core.u_regfile.rf_read[31]_9__AND3X1P4H7L_A_Y_NOR4BX0P5H7L_D_AN (net)                                                                                                          | 1      |             |            |            | 0.000       |        |                |
| u_core.u_regfile.rf_read[31]_9__AND3X1P4H7L_A_Y_NOR4BX0P5H7L_D:AN (NOR4BX0P5H7L)                                                                                                 |        | 0.001       | 0.000      | 0.098      |             | 0.000  | 1.410r         |
| u_core.u_regfile.rf_read[31]_9__AND3X1P4H7L_A_Y_NOR4BX0P5H7L_D:Y (NOR4BX0P5H7L)                                                                                                  |        | 0.001       | 0.000      | 0.166      |             | 0.177  | 1.587r         |
| u_core.u_regfile.rf_read[31]_9__AND3X1P4H7L_A_Y_NOR4BX0P5H7L_D_Y (net)                                                                                                           | 1      |             |            |            | 0.000       |        |                |
| u_core.u_regfile.rf_read[27]_9__AOI22X0P5H7L_A0_Y_NAND4X0P5H7L_A:B (NAND4X0P5H7L)                                                                                                |        | 0.001       | 0.000      | 0.166      |             | 0.000  | 1.587r         |
| u_core.u_regfile.rf_read[27]_9__AOI22X0P5H7L_A0_Y_NAND4X0P5H7L_A:Y (NAND4X0P5H7L)                                                                                                |        | 0.001       | 0.000      | 0.112      |             | 0.117  | 1.703f         |
| u_core.u_regfile.rf_read[1]_9__OA221X0P5H7L_A0_B1 (net)                                                                                                                          | 1      |             |            |            | 0.000       |        |                |
| u_core.u_regfile.rf_read[1]_9__OA221X0P5H7L_A0:B1 (OA221X0P5H7L)                                                                                                                 |        | 0.001       | 0.000      | 0.112      |             | 0.000  | 1.703f         |
| u_core.u_regfile.rf_read[1]_9__OA221X0P5H7L_A0:Y (OA221X0P5H7L)                                                                                                                  |        | 0.001       | 0.000      | 0.052      |             | 0.151  | 1.855f         |
| u_core.u_regfile.rf_read[1]_9__OA221X0P5H7L_A0_Y (net)                                                                                                                           | 1      |             |            |            | 0.000       |        |                |
| u_core.u_regfile.rf_read[1]_9__OA221X0P5H7L_A0_Y_BUFX3P5H7L_A:A (BUFX3P5H7L)                                                                                                     |        | 0.001       | 0.000      | 0.052      |             | 0.000  | 1.855f         |
| u_core.u_regfile.rf_read[1]_9__OA221X0P5H7L_A0_Y_BUFX3P5H7L_A:Y (BUFX3P5H7L)                                                                                                     |        | 0.007       | 0.000      | 0.049      |             | 0.086  | 1.941f         |
| u_core.u_CSRFile.mcause_9__AOA211X1P4H7L_A0_B0 (net)                                                                                                                             | 8      |             |            |            | 0.000       |        |                |
| u_core.alu_result_9__AND2X1H7L_Y_B_OAI221X0P5H7L_Y_B0_XNOR2X0P5H7L_Y_B_OA21X0P7H7L_Y_B0_OAOI211X0P5H7L_B0_C0_NAND2BX0P5H7L_Y_B_NAND4X0P5H7L_Y_D_OAI21X1P4H7L_Y:B0 (OAI21X1P4H7L) |        | 0.001       | 0.000      | 0.049      |             | 0.000  | 1.941f         |
| u_core.alu_result_9__AND2X1H7L_Y_B_OAI221X0P5H7L_Y_B0_XNOR2X0P5H7L_Y_B_OA21X0P7H7L_Y_B0_OAOI211X0P5H7L_B0_C0_NAND2BX0P5H7L_Y_B_NAND4X0P5H7L_Y_D_OAI21X1P4H7L_Y:Y (OAI21X1P4H7L)  |        | 0.003       | 0.000      | 0.139      |             | 0.055  | 1.996r         |
| u_core.alu_result_9__AND2X1H7L_Y_B_OAI221X0P5H7L_Y_B0_XNOR2X0P5H7L_Y_B_OA21X0P7H7L_Y_B0_OAOI211X0P5H7L_B0_C0_NAND2BX0P5H7L_Y_B_NAND4X0P5H7L_Y_D (net)                            | 4      |             |            |            | 0.000       |        |                |
| u_core.alu_result_9__AND2X1H7L_Y_B_OAI221X0P5H7L_Y_B0_XNOR2X0P5H7L_Y_B_OA21X0P7H7L_Y_B0_OAOI211X0P5H7L_B0_C0_NAND2BX0P5H7L_Y_B_NAND4X0P5H7L_Y_C_NAND2X0P5H7L_A:B (NAND2X0P5H7L)  |        | 0.001       | 0.000      | 0.139      |             | 0.000  | 1.996r         |
| u_core.alu_result_9__AND2X1H7L_Y_B_OAI221X0P5H7L_Y_B0_XNOR2X0P5H7L_Y_B_OA21X0P7H7L_Y_B0_OAOI211X0P5H7L_B0_C0_NAND2BX0P5H7L_Y_B_NAND4X0P5H7L_Y_C_NAND2X0P5H7L_A:Y (NAND2X0P5H7L)  |        | 0.005       | 0.000      | 0.181      |             | 0.154  | 2.149f         |
| u_core.alu_result_9__AND2X1H7L_Y_B_OAI221X0P5H7L_Y_B0_XNOR2X0P5H7L_Y_A_XNOR2X0P5H7L_Y_B (net)                                                                                    | 7      |             |            |            | 0.000       |        |                |
| u_core.alu_result_9__AND2X1H7L_Y_B_OAI221X0P5H7L_Y_B0_XNOR2X0P5H7L_Y_A_XNOR2X0P5H7L_Y:B (XNOR2X0P5H7L)                                                                           |        | 0.001       | 0.000      | 0.181      |             | 0.000  | 2.149f         |
| u_core.alu_result_9__AND2X1H7L_Y_B_OAI221X0P5H7L_Y_B0_XNOR2X0P5H7L_Y_A_XNOR2X0P5H7L_Y:Y (XNOR2X0P5H7L)                                                                           |        | 0.003       | 0.000      | 0.074      |             | 0.194  | 2.344f         |
| u_core.alu_result_9__AND2X1H7L_Y_B_OAI221X0P5H7L_Y_B0_XNOR2X0P5H7L_Y_A (net)                                                                                                     | 2      |             |            |            | 0.000       |        |                |
| u_core.alu_result_9__AND2X1H7L_Y_B_OAI221X0P5H7L_Y_B0_XNOR2X0P5H7L_Y_A_NOR4X2H7L_D:D (NOR4X2H7L)                                                                                 |        | 0.001       | 0.000      | 0.074      |             | 0.000  | 2.344f         |
| u_core.alu_result_9__AND2X1H7L_Y_B_OAI221X0P5H7L_Y_B0_XNOR2X0P5H7L_Y_A_NOR4X2H7L_D:Y (NOR4X2H7L)                                                                                 |        | 0.002       | 0.000      | 0.172      |             | 0.124  | 2.467r         |
| u_core.alu_result_9__AND2X1H7L_Y_B_OAI221X0P5H7L_Y_B0_XNOR2X0P5H7L_Y_A_NOR4X2H7L_D_Y (net)                                                                                       | 2      |             |            |            | 0.000       |        |                |
| u_core.alu_result_9__AND2X1H7L_Y_B_OAI221X0P5H7L_Y_B0_XNOR2X0P5H7L_Y_A_NOR4X2H7L_D_Y_NAND4X0P5H7L_D:D (NAND4X0P5H7L)                                                             |        | 0.001       | 0.000      | 0.172      |             | 0.000  | 2.467r         |
| u_core.alu_result_9__AND2X1H7L_Y_B_OAI221X0P5H7L_Y_B0_XNOR2X0P5H7L_Y_A_NOR4X2H7L_D_Y_NAND4X0P5H7L_D:Y (NAND4X0P5H7L)                                                             |        | 0.002       | 0.000      | 0.171      |             | 0.147  | 2.614f         |
| u_core.alu_result_16__OAI22X0P5H7L_Y_A1_AOI221X0P5H7L_Y_B0_XNOR2X0P5H7L_Y_A_OAI211X2H7L_Y_B0 (net)                                                                               | 2      |             |            |            | 0.000       |        |                |
| u_core.alu_result_16__OAI22X0P5H7L_Y_A1_AOI221X0P5H7L_Y_B0_XNOR2X0P5H7L_Y_A_OAI211X2H7L_Y:B0 (OAI211X2H7L)                                                                       |        | 0.001       | 0.000      | 0.171      |             | 0.000  | 2.614f         |
| u_core.alu_result_16__OAI22X0P5H7L_Y_A1_AOI221X0P5H7L_Y_B0_XNOR2X0P5H7L_Y_A_OAI211X2H7L_Y:Y (OAI211X2H7L)                                                                        |        | 0.002       | 0.000      | 0.123      |             | 0.090  | 2.704r         |
| u_core.alu_result_16__OAI22X0P5H7L_Y_A1_AOI221X0P5H7L_Y_B0_XNOR2X0P5H7L_Y_A (net)                                                                                                | 2      |             |            |            | 0.000       |        |                |
| u_core.alu_result_16__OAI22X0P5H7L_Y_A1_AOI221X0P5H7L_Y_B0_XNOR2X0P5H7L_Y_A_AO31X4H7L_A2:A2 (AO31X4H7L)                                                                          |        | 0.001       | 0.000      | 0.123      |             | 0.000  | 2.704r         |
| u_core.alu_result_16__OAI22X0P5H7L_Y_A1_AOI221X0P5H7L_Y_B0_XNOR2X0P5H7L_Y_A_AO31X4H7L_A2:Y (AO31X4H7L)                                                                           |        | 0.005       | 0.000      | 0.069      |             | 0.147  | 2.851r         |
| u_core.alu_result_24__NOR2X0P5H7L_Y_B_AOI221X0P5H7L_Y_B0_XNOR2X0P5H7L_Y_A (net)                                                                                                  | 5      |             |            |            | 0.000       |        |                |
| u_core.alu_result_25__OAI22X0P5H7L_Y_A1_XNOR2X0P5H7L_Y_A_OR2X0P5H7L_A_Y_NOR3X0P5H7L_A_Y_AOI31X4H7L_A2:A0 (AOI31X4H7L)                                                            |        | 0.002       | 0.000      | 0.069      |             | 0.000  | 2.851r         |
| u_core.alu_result_25__OAI22X0P5H7L_Y_A1_XNOR2X0P5H7L_Y_A_OR2X0P5H7L_A_Y_NOR3X0P5H7L_A_Y_AOI31X4H7L_A2:Y (AOI31X4H7L)                                                             |        | 0.004       | 0.000      | 0.133      |             | 0.086  | 2.937f         |
| halt_NOR3BX0P5H7L_C_Y_OAI211X0P7H7L_A0_Y_OA31X3H7L_A2_A1 (net)                                                                                                                   | 4      |             |            |            | 0.000       |        |                |
| pc[0]_reg_p_D_OAOI211X0P5H7L_Y_A1_OAI21X0P5H7L_Y_A1_MUX2X0P5H7L_Y_A_NOR2X0P5H7L_Y_B_OR4X1P4H7L_D_Y_OAI211X1P4H7L_A1_B0_OR4X1P4H7L_Y:B (OR4X1P4H7L)                               |        | 0.001       | 0.000      | 0.133      |             | 0.000  | 2.937f         |
| pc[0]_reg_p_D_OAOI211X0P5H7L_Y_A1_OAI21X0P5H7L_Y_A1_MUX2X0P5H7L_Y_A_NOR2X0P5H7L_Y_B_OR4X1P4H7L_D_Y_OAI211X1P4H7L_A1_B0_OR4X1P4H7L_Y:Y (OR4X1P4H7L)                               |        | 0.001       | 0.000      | 0.068      |             | 0.222  | 3.159f         |
| pc[0]_reg_p_D_OAOI211X0P5H7L_Y_A1_OAI21X0P5H7L_Y_A1_MUX2X0P5H7L_Y_A_NOR2X0P5H7L_Y_B_OR4X1P4H7L_D_Y_OAI211X1P4H7L_A1_B0 (net)                                                     | 1      |             |            |            | 0.000       |        |                |
| pc[0]_reg_p_D_OAOI211X0P5H7L_Y_A1_OAI21X0P5H7L_Y_A1_MUX2X0P5H7L_Y_A_NOR2X0P5H7L_Y_B_OR4X1P4H7L_D_Y_OAI211X1P4H7L_A1:B0 (OAI211X1P4H7L)                                           |        | 0.001       | 0.000      | 0.068      |             | 0.000  | 3.159f         |
| pc[0]_reg_p_D_OAOI211X0P5H7L_Y_A1_OAI21X0P5H7L_Y_A1_MUX2X0P5H7L_Y_A_NOR2X0P5H7L_Y_B_OR4X1P4H7L_D_Y_OAI211X1P4H7L_A1:Y (OAI211X1P4H7L)                                            |        | 0.001       | 0.000      | 0.089      |             | 0.049  | 3.208r         |
| pc[0]_reg_p_D_OAOI211X0P5H7L_Y_A1_OAI21X0P5H7L_Y_A1_MUX2X0P5H7L_Y_A_NOR2X0P5H7L_Y_B_OR4X1P4H7L_D_Y_OAI211X1P4H7L_A1_Y (net)                                                      | 1      |             |            |            | 0.000       |        |                |
| pc[0]_reg_p_D_OAOI211X0P5H7L_Y_A1_OAI21X0P5H7L_Y_A1_MUX2X0P5H7L_Y_A_NOR2X0P5H7L_Y_B_OR4X1P4H7L_D_Y_OAI211X1P4H7L_A1_Y_BUFX5H7L_A:A (BUFX5H7L)                                    |        | 0.001       | 0.000      | 0.089      |             | 0.000  | 3.208r         |
| pc[0]_reg_p_D_OAOI211X0P5H7L_Y_A1_OAI21X0P5H7L_Y_A1_MUX2X0P5H7L_Y_A_NOR2X0P5H7L_Y_B_OR4X1P4H7L_D_Y_OAI211X1P4H7L_A1_Y_BUFX5H7L_A:Y (BUFX5H7L)                                    |        | 0.015       | 0.000      | 0.099      |             | 0.114  | 3.321r         |
| pc[31]_reg_p_D_AO211X1P4H7L_Y_B0_OAOI211X0P5H7L_Y_C0 (net)                                                                                                                       | 15     |             |            |            | 0.000       |        |                |
| pc[31]_reg_p_D_AO211X1P4H7L_Y_B0_OAOI211X0P5H7L_Y_C0_BUFX10H7L_A:A (BUFX10H7L)                                                                                                   |        | 0.002       | 0.000      | 0.099      |             | 0.000  | 3.321r         |
| pc[31]_reg_p_D_AO211X1P4H7L_Y_B0_OAOI211X0P5H7L_Y_C0_BUFX10H7L_A:Y (BUFX10H7L)                                                                                                   |        | 0.018       | 0.000      | 0.067      |             | 0.096  | 3.418r         |
| pc[2]_reg_p_D_AOI211X1P4H7L_Y_A0 (net)                                                                                                                                           | 24     |             |            |            | 0.000       |        |                |
| pc[0]_reg_p_CK_ICGX0P5H7L_ECK_E_OA21X0P7H7L_Y:A1 (OA21X0P7H7L)                                                                                                                   |        | 0.001       | 0.000      | 0.067      |             | 0.000  | 3.418r         |
| pc[0]_reg_p_CK_ICGX0P5H7L_ECK_E_OA21X0P7H7L_Y:Y (OA21X0P7H7L)                                                                                                                    |        | 0.001       | 0.000      | 0.045      |             | 0.088  | 3.506r         |
| pc[0]_reg_p_CK_ICGX0P5H7L_ECK_E (net)                                                                                                                                            | 1      |             |            |            | 0.000       |        |                |
| pc[0]_reg_p_CK_ICGX0P5H7L_ECK:E (ICGX0P5H7L)                                                                                                                                     |        | 0.001       | 0.000      | 0.045      |             | 0.000  | 3.506r         |
|                                                                                                                                                                                  |        |             |            |            |             |        |                |
| clk (port)                                                                                                                                                                       |        | 0.782       | 0.000      | 0.000      |             | 0.000  | 0.000r         |
| clk (clock net)                                                                                                                                                                  | 1225   |             |            |            | NA          |        |                |
| pc[0]_reg_p_CK_ICGX0P5H7L_ECK:CK (ICGX0P5H7L)                                                                                                                                    |        | 0.002       | 0.000      | 0.000      |             | 0.000  | 0.000r         |
| clock core_clock (rise edge)                                                                                                                                                     |        |             |            |            |             | 2      | 2              |
| clock network delay (ideal)                                                                                                                                                      |        |             |            |            |             | 0.000  | 2.000          |
| pc[0]_reg_p_CK_ICGX0P5H7L_ECK:CK (ICGX0P5H7L)                                                                                                                                    |        |             |            |            |             |        | 2.000r         |
| library setup time                                                                                                                                                               |        |             |            |            |             | -0.102 | 1.898          |
| clock reconvergence pessimism                                                                                                                                                    |        |             |            |            |             | 0.000  | 1.898          |
|                                                                                                                                                                                  |        |             |            |            |             |        |                |
| path cell delay                                                                                                                                                                  |        |             |            |            |             |        | 2.506(71.478%) |
| path net delay                                                                                                                                                                   |        |             |            |            |             |        | 0.000(0.000%)  |
|                                                                                                                                                                                  |        |             |            |            |             |        |                |
| data require time                                                                                                                                                                |        |             |            |            |             |        | 1.898          |
| data arrival time                                                                                                                                                                |        |             |            |            |             |        | 3.506          |
| slack (VIOLATED)                                                                                                                                                                 |        |             |            |            |             |        | -1.608         |
+----------------------------------------------------------------------------------------------------------------------------------------------------------------------------------+--------+-------------+------------+------------+-------------+--------+----------------+
+----------------------------------------------------------------------------------------------------------------------------------------------------------------------------------+--------+-------------+------------+------------+-------------+--------+----------------+
| Point                                                                                                                                                                            | Fanout | Capacitance | Resistance | Transition | Delta Delay | Incr   | Path           |
+----------------------------------------------------------------------------------------------------------------------------------------------------------------------------------+--------+-------------+------------+------------+-------------+--------+----------------+
| clk (port)                                                                                                                                                                       |        | 1.060       | 0.000      | 0.000      |             | 0.000  | 0.000f         |
| clk (clock net)                                                                                                                                                                  | 1225   |             |            |            | NA          |        |                |
| u_core.u_regfile.rf_read[15]_9__reg_n:CKN (DFFNQX2H7L)                                                                                                                           |        | 0.001       | 0.000      | 0.000      |             | 0.000  | 0.000f         |
| clock core_clock (fall edge)                                                                                                                                                     |        |             |            |            |             | 1      | 1              |
| clock network delay (ideal)                                                                                                                                                      |        |             |            |            |             | 0.000  | 1.000          |
| u_core.u_regfile.rf_read[15]_9__reg_n:CKN (DFFNQX2H7L)                                                                                                                           |        | 0.001       | 0.000      | 0.000      |             | 0.000  | 1.000f         |
| u_core.u_regfile.rf_read[15]_9__reg_n:Q (DFFNQX2H7L)                                                                                                                             |        | 0.001       | 0.000      | 0.058      |             | 0.208  | 1.208f         |
| u_core.u_regfile.rf_read[15]_9_ (net)                                                                                                                                            | 2      |             |            |            | 0.000       |        |                |
| u_core.u_regfile.rf_read[7]_9__MUX2X0P5H7L_A:B (MUX2X0P5H7L)                                                                                                                     |        | 0.001       | 0.000      | 0.058      |             | 0.000  | 1.208f         |
| u_core.u_regfile.rf_read[7]_9__MUX2X0P5H7L_A:Y (MUX2X0P5H7L)                                                                                                                     |        | 0.001       | 0.000      | 0.039      |             | 0.111  | 1.319f         |
| u_core.u_regfile.rf_read[7]_9__MUX2X0P5H7L_A_Y (net)                                                                                                                             | 1      |             |            |            | 0.000       |        |                |
| u_core.u_regfile.rf_read[7]_9__MUX2X0P5H7L_A_Y_AOAI211X0P5H7L_A1:A1 (AOAI211X0P5H7L)                                                                                             |        | 0.001       | 0.000      | 0.039      |             | 0.000  | 1.319f         |
| u_core.u_regfile.rf_read[7]_9__MUX2X0P5H7L_A_Y_AOAI211X0P5H7L_A1:Y (AOAI211X0P5H7L)                                                                                              |        | 0.001       | 0.000      | 0.098      |             | 0.091  | 1.410r         |
| u_core.u_regfile.rf_read[31]_9__AND3X1P4H7L_A_Y_NOR4BX0P5H7L_D_AN (net)                                                                                                          | 1      |             |            |            | 0.000       |        |                |
| u_core.u_regfile.rf_read[31]_9__AND3X1P4H7L_A_Y_NOR4BX0P5H7L_D:AN (NOR4BX0P5H7L)                                                                                                 |        | 0.001       | 0.000      | 0.098      |             | 0.000  | 1.410r         |
| u_core.u_regfile.rf_read[31]_9__AND3X1P4H7L_A_Y_NOR4BX0P5H7L_D:Y (NOR4BX0P5H7L)                                                                                                  |        | 0.001       | 0.000      | 0.166      |             | 0.177  | 1.587r         |
| u_core.u_regfile.rf_read[31]_9__AND3X1P4H7L_A_Y_NOR4BX0P5H7L_D_Y (net)                                                                                                           | 1      |             |            |            | 0.000       |        |                |
| u_core.u_regfile.rf_read[27]_9__AOI22X0P5H7L_A0_Y_NAND4X0P5H7L_A:B (NAND4X0P5H7L)                                                                                                |        | 0.001       | 0.000      | 0.166      |             | 0.000  | 1.587r         |
| u_core.u_regfile.rf_read[27]_9__AOI22X0P5H7L_A0_Y_NAND4X0P5H7L_A:Y (NAND4X0P5H7L)                                                                                                |        | 0.001       | 0.000      | 0.112      |             | 0.117  | 1.703f         |
| u_core.u_regfile.rf_read[1]_9__OA221X0P5H7L_A0_B1 (net)                                                                                                                          | 1      |             |            |            | 0.000       |        |                |
| u_core.u_regfile.rf_read[1]_9__OA221X0P5H7L_A0:B1 (OA221X0P5H7L)                                                                                                                 |        | 0.001       | 0.000      | 0.112      |             | 0.000  | 1.703f         |
| u_core.u_regfile.rf_read[1]_9__OA221X0P5H7L_A0:Y (OA221X0P5H7L)                                                                                                                  |        | 0.001       | 0.000      | 0.052      |             | 0.151  | 1.855f         |
| u_core.u_regfile.rf_read[1]_9__OA221X0P5H7L_A0_Y (net)                                                                                                                           | 1      |             |            |            | 0.000       |        |                |
| u_core.u_regfile.rf_read[1]_9__OA221X0P5H7L_A0_Y_BUFX3P5H7L_A:A (BUFX3P5H7L)                                                                                                     |        | 0.001       | 0.000      | 0.052      |             | 0.000  | 1.855f         |
| u_core.u_regfile.rf_read[1]_9__OA221X0P5H7L_A0_Y_BUFX3P5H7L_A:Y (BUFX3P5H7L)                                                                                                     |        | 0.007       | 0.000      | 0.049      |             | 0.086  | 1.941f         |
| u_core.u_CSRFile.mcause_9__AOA211X1P4H7L_A0_B0 (net)                                                                                                                             | 8      |             |            |            | 0.000       |        |                |
| u_core.alu_result_9__AND2X1H7L_Y_B_OAI221X0P5H7L_Y_B0_XNOR2X0P5H7L_Y_B_OA21X0P7H7L_Y_B0_OAOI211X0P5H7L_B0_C0_NAND2BX0P5H7L_Y_B_NAND4X0P5H7L_Y_D_OAI21X1P4H7L_Y:B0 (OAI21X1P4H7L) |        | 0.001       | 0.000      | 0.049      |             | 0.000  | 1.941f         |
| u_core.alu_result_9__AND2X1H7L_Y_B_OAI221X0P5H7L_Y_B0_XNOR2X0P5H7L_Y_B_OA21X0P7H7L_Y_B0_OAOI211X0P5H7L_B0_C0_NAND2BX0P5H7L_Y_B_NAND4X0P5H7L_Y_D_OAI21X1P4H7L_Y:Y (OAI21X1P4H7L)  |        | 0.003       | 0.000      | 0.139      |             | 0.055  | 1.996r         |
| u_core.alu_result_9__AND2X1H7L_Y_B_OAI221X0P5H7L_Y_B0_XNOR2X0P5H7L_Y_B_OA21X0P7H7L_Y_B0_OAOI211X0P5H7L_B0_C0_NAND2BX0P5H7L_Y_B_NAND4X0P5H7L_Y_D (net)                            | 4      |             |            |            | 0.000       |        |                |
| u_core.alu_result_9__AND2X1H7L_Y_B_OAI221X0P5H7L_Y_B0_XNOR2X0P5H7L_Y_B_OA21X0P7H7L_Y_B0_OAOI211X0P5H7L_B0_C0_NAND2BX0P5H7L_Y_B_NAND4X0P5H7L_Y_C_NAND2X0P5H7L_A:B (NAND2X0P5H7L)  |        | 0.001       | 0.000      | 0.139      |             | 0.000  | 1.996r         |
| u_core.alu_result_9__AND2X1H7L_Y_B_OAI221X0P5H7L_Y_B0_XNOR2X0P5H7L_Y_B_OA21X0P7H7L_Y_B0_OAOI211X0P5H7L_B0_C0_NAND2BX0P5H7L_Y_B_NAND4X0P5H7L_Y_C_NAND2X0P5H7L_A:Y (NAND2X0P5H7L)  |        | 0.005       | 0.000      | 0.181      |             | 0.154  | 2.149f         |
| u_core.alu_result_9__AND2X1H7L_Y_B_OAI221X0P5H7L_Y_B0_XNOR2X0P5H7L_Y_A_XNOR2X0P5H7L_Y_B (net)                                                                                    | 7      |             |            |            | 0.000       |        |                |
| u_core.alu_result_9__AND2X1H7L_Y_B_OAI221X0P5H7L_Y_B0_XNOR2X0P5H7L_Y_A_XNOR2X0P5H7L_Y:B (XNOR2X0P5H7L)                                                                           |        | 0.001       | 0.000      | 0.181      |             | 0.000  | 2.149f         |
| u_core.alu_result_9__AND2X1H7L_Y_B_OAI221X0P5H7L_Y_B0_XNOR2X0P5H7L_Y_A_XNOR2X0P5H7L_Y:Y (XNOR2X0P5H7L)                                                                           |        | 0.003       | 0.000      | 0.074      |             | 0.194  | 2.344f         |
| u_core.alu_result_9__AND2X1H7L_Y_B_OAI221X0P5H7L_Y_B0_XNOR2X0P5H7L_Y_A (net)                                                                                                     | 2      |             |            |            | 0.000       |        |                |
| u_core.alu_result_9__AND2X1H7L_Y_B_OAI221X0P5H7L_Y_B0_XNOR2X0P5H7L_Y_A_NOR4X2H7L_D:D (NOR4X2H7L)                                                                                 |        | 0.001       | 0.000      | 0.074      |             | 0.000  | 2.344f         |
| u_core.alu_result_9__AND2X1H7L_Y_B_OAI221X0P5H7L_Y_B0_XNOR2X0P5H7L_Y_A_NOR4X2H7L_D:Y (NOR4X2H7L)                                                                                 |        | 0.002       | 0.000      | 0.172      |             | 0.124  | 2.467r         |
| u_core.alu_result_9__AND2X1H7L_Y_B_OAI221X0P5H7L_Y_B0_XNOR2X0P5H7L_Y_A_NOR4X2H7L_D_Y (net)                                                                                       | 2      |             |            |            | 0.000       |        |                |
| u_core.alu_result_9__AND2X1H7L_Y_B_OAI221X0P5H7L_Y_B0_XNOR2X0P5H7L_Y_A_NOR4X2H7L_D_Y_NAND4X0P5H7L_D:D (NAND4X0P5H7L)                                                             |        | 0.001       | 0.000      | 0.172      |             | 0.000  | 2.467r         |
| u_core.alu_result_9__AND2X1H7L_Y_B_OAI221X0P5H7L_Y_B0_XNOR2X0P5H7L_Y_A_NOR4X2H7L_D_Y_NAND4X0P5H7L_D:Y (NAND4X0P5H7L)                                                             |        | 0.002       | 0.000      | 0.171      |             | 0.147  | 2.614f         |
| u_core.alu_result_16__OAI22X0P5H7L_Y_A1_AOI221X0P5H7L_Y_B0_XNOR2X0P5H7L_Y_A_OAI211X2H7L_Y_B0 (net)                                                                               | 2      |             |            |            | 0.000       |        |                |
| u_core.alu_result_16__OAI22X0P5H7L_Y_A1_AOI221X0P5H7L_Y_B0_XNOR2X0P5H7L_Y_A_OAI211X2H7L_Y:B0 (OAI211X2H7L)                                                                       |        | 0.001       | 0.000      | 0.171      |             | 0.000  | 2.614f         |
| u_core.alu_result_16__OAI22X0P5H7L_Y_A1_AOI221X0P5H7L_Y_B0_XNOR2X0P5H7L_Y_A_OAI211X2H7L_Y:Y (OAI211X2H7L)                                                                        |        | 0.002       | 0.000      | 0.123      |             | 0.090  | 2.704r         |
| u_core.alu_result_16__OAI22X0P5H7L_Y_A1_AOI221X0P5H7L_Y_B0_XNOR2X0P5H7L_Y_A (net)                                                                                                | 2      |             |            |            | 0.000       |        |                |
| u_core.alu_result_16__OAI22X0P5H7L_Y_A1_AOI221X0P5H7L_Y_B0_XNOR2X0P5H7L_Y_A_AO31X4H7L_A2:A2 (AO31X4H7L)                                                                          |        | 0.001       | 0.000      | 0.123      |             | 0.000  | 2.704r         |
| u_core.alu_result_16__OAI22X0P5H7L_Y_A1_AOI221X0P5H7L_Y_B0_XNOR2X0P5H7L_Y_A_AO31X4H7L_A2:Y (AO31X4H7L)                                                                           |        | 0.005       | 0.000      | 0.069      |             | 0.147  | 2.851r         |
| u_core.alu_result_24__NOR2X0P5H7L_Y_B_AOI221X0P5H7L_Y_B0_XNOR2X0P5H7L_Y_A (net)                                                                                                  | 5      |             |            |            | 0.000       |        |                |
| u_core.alu_result_25__OAI22X0P5H7L_Y_A1_XNOR2X0P5H7L_Y_A_OR2X0P5H7L_A_Y_NOR3X0P5H7L_A_Y_AOI31X4H7L_A2:A0 (AOI31X4H7L)                                                            |        | 0.002       | 0.000      | 0.069      |             | 0.000  | 2.851r         |
| u_core.alu_result_25__OAI22X0P5H7L_Y_A1_XNOR2X0P5H7L_Y_A_OR2X0P5H7L_A_Y_NOR3X0P5H7L_A_Y_AOI31X4H7L_A2:Y (AOI31X4H7L)                                                             |        | 0.004       | 0.000      | 0.133      |             | 0.086  | 2.937f         |
| halt_NOR3BX0P5H7L_C_Y_OAI211X0P7H7L_A0_Y_OA31X3H7L_A2_A1 (net)                                                                                                                   | 4      |             |            |            | 0.000       |        |                |
| pc[0]_reg_p_D_OAOI211X0P5H7L_Y_A1_OAI21X0P5H7L_Y_A1_MUX2X0P5H7L_Y_S0_NOR2X1P4H7L_Y:B (NOR2X1P4H7L)                                                                               |        | 0.001       | 0.000      | 0.133      |             | 0.000  | 2.937f         |
| pc[0]_reg_p_D_OAOI211X0P5H7L_Y_A1_OAI21X0P5H7L_Y_A1_MUX2X0P5H7L_Y_S0_NOR2X1P4H7L_Y:Y (NOR2X1P4H7L)                                                                               |        | 0.003       | 0.000      | 0.146      |             | 0.127  | 3.064r         |
| pc[0]_reg_p_D_OAOI211X0P5H7L_Y_A1_OAI21X0P5H7L_Y_A1_MUX2X0P5H7L_Y_S0 (net)                                                                                                       | 3      |             |            |            | 0.000       |        |                |
| pc[0]_reg_p_D_OAOI211X0P5H7L_Y_A1_OAI21X0P5H7L_Y_A1_MUX2X0P5H7L_Y_A_NOR2X0P5H7L_Y_B_OR4X1P4H7L_D_Y_OAI211X1P4H7L_A1:A0 (OAI211X1P4H7L)                                           |        | 0.001       | 0.000      | 0.146      |             | 0.000  | 3.064r         |
| pc[0]_reg_p_D_OAOI211X0P5H7L_Y_A1_OAI21X0P5H7L_Y_A1_MUX2X0P5H7L_Y_A_NOR2X0P5H7L_Y_B_OR4X1P4H7L_D_Y_OAI211X1P4H7L_A1:Y (OAI211X1P4H7L)                                            |        | 0.001       | 0.000      | 0.071      |             | 0.091  | 3.155f         |
| pc[0]_reg_p_D_OAOI211X0P5H7L_Y_A1_OAI21X0P5H7L_Y_A1_MUX2X0P5H7L_Y_A_NOR2X0P5H7L_Y_B_OR4X1P4H7L_D_Y_OAI211X1P4H7L_A1_Y (net)                                                      | 1      |             |            |            | 0.000       |        |                |
| pc[0]_reg_p_D_OAOI211X0P5H7L_Y_A1_OAI21X0P5H7L_Y_A1_MUX2X0P5H7L_Y_A_NOR2X0P5H7L_Y_B_OR4X1P4H7L_D_Y_OAI211X1P4H7L_A1_Y_BUFX5H7L_A:A (BUFX5H7L)                                    |        | 0.001       | 0.000      | 0.071      |             | 0.000  | 3.155f         |
| pc[0]_reg_p_D_OAOI211X0P5H7L_Y_A1_OAI21X0P5H7L_Y_A1_MUX2X0P5H7L_Y_A_NOR2X0P5H7L_Y_B_OR4X1P4H7L_D_Y_OAI211X1P4H7L_A1_Y_BUFX5H7L_A:Y (BUFX5H7L)                                    |        | 0.015       | 0.000      | 0.068      |             | 0.107  | 3.262f         |
| pc[31]_reg_p_D_AO211X1P4H7L_Y_B0_OAOI211X0P5H7L_Y_C0 (net)                                                                                                                       | 15     |             |            |            | 0.000       |        |                |
| pc[31]_reg_p_D_AO211X1P4H7L_Y_B0_OAOI211X0P5H7L_Y_C0_BUFX10H7L_A:A (BUFX10H7L)                                                                                                   |        | 0.002       | 0.000      | 0.068      |             | 0.000  | 3.262f         |
| pc[31]_reg_p_D_AO211X1P4H7L_Y_B0_OAOI211X0P5H7L_Y_C0_BUFX10H7L_A:Y (BUFX10H7L)                                                                                                   |        | 0.019       | 0.000      | 0.049      |             | 0.090  | 3.352f         |
| pc[2]_reg_p_D_AOI211X1P4H7L_Y_A0 (net)                                                                                                                                           | 24     |             |            |            | 0.000       |        |                |
| pc[0]_reg_p_CK_ICGX0P5H7L_ECK_E_OA21X0P7H7L_Y:A1 (OA21X0P7H7L)                                                                                                                   |        | 0.001       | 0.000      | 0.049      |             | 0.000  | 3.352f         |
| pc[0]_reg_p_CK_ICGX0P5H7L_ECK_E_OA21X0P7H7L_Y:Y (OA21X0P7H7L)                                                                                                                    |        | 0.001       | 0.000      | 0.041      |             | 0.106  | 3.459f         |
| pc[0]_reg_p_CK_ICGX0P5H7L_ECK_E (net)                                                                                                                                            | 1      |             |            |            | 0.000       |        |                |
| pc[0]_reg_p_CK_ICGX0P5H7L_ECK:E (ICGX0P5H7L)                                                                                                                                     |        | 0.001       | 0.000      | 0.041      |             | 0.000  | 3.459f         |
|                                                                                                                                                                                  |        |             |            |            |             |        |                |
| clk (port)                                                                                                                                                                       |        | 0.782       | 0.000      | 0.000      |             | 0.000  | 0.000r         |
| clk (clock net)                                                                                                                                                                  | 1225   |             |            |            | NA          |        |                |
| pc[0]_reg_p_CK_ICGX0P5H7L_ECK:CK (ICGX0P5H7L)                                                                                                                                    |        | 0.002       | 0.000      | 0.000      |             | 0.000  | 0.000r         |
| clock core_clock (rise edge)                                                                                                                                                     |        |             |            |            |             | 2      | 2              |
| clock network delay (ideal)                                                                                                                                                      |        |             |            |            |             | 0.000  | 2.000          |
| pc[0]_reg_p_CK_ICGX0P5H7L_ECK:CK (ICGX0P5H7L)                                                                                                                                    |        |             |            |            |             |        | 2.000r         |
| library setup time                                                                                                                                                               |        |             |            |            |             | -0.062 | 1.938          |
| clock reconvergence pessimism                                                                                                                                                    |        |             |            |            |             | 0.000  | 1.938          |
|                                                                                                                                                                                  |        |             |            |            |             |        |                |
| path cell delay                                                                                                                                                                  |        |             |            |            |             |        | 2.459(71.086%) |
| path net delay                                                                                                                                                                   |        |             |            |            |             |        | 0.000(0.000%)  |
|                                                                                                                                                                                  |        |             |            |            |             |        |                |
| data require time                                                                                                                                                                |        |             |            |            |             |        | 1.938          |
| data arrival time                                                                                                                                                                |        |             |            |            |             |        | 3.459          |
| slack (VIOLATED)                                                                                                                                                                 |        |             |            |            |             |        | -1.520         |
+----------------------------------------------------------------------------------------------------------------------------------------------------------------------------------+--------+-------------+------------+------------+-------------+--------+----------------+
+-------------------------------------------------------------------------------------------------------------------------------------------------------------------------------------+--------+-------------+------------+------------+-------------+--------+----------------+
| Point                                                                                                                                                                               | Fanout | Capacitance | Resistance | Transition | Delta Delay | Incr   | Path           |
+-------------------------------------------------------------------------------------------------------------------------------------------------------------------------------------+--------+-------------+------------+------------+-------------+--------+----------------+
| clk (port)                                                                                                                                                                          |        | 1.060       | 0.000      | 0.000      |             | 0.000  | 0.000f         |
| clk (clock net)                                                                                                                                                                     | 1225   |             |            |            | NA          |        |                |
| u_core.u_regfile.rf_read[31]_1__reg_n:CKN (DFFNQX2H7L)                                                                                                                              |        | 0.001       | 0.000      | 0.000      |             | 0.000  | 0.000f         |
| clock core_clock (fall edge)                                                                                                                                                        |        |             |            |            |             | 1      | 1              |
| clock network delay (ideal)                                                                                                                                                         |        |             |            |            |             | 0.000  | 1.000          |
| u_core.u_regfile.rf_read[31]_1__reg_n:CKN (DFFNQX2H7L)                                                                                                                              |        | 0.001       | 0.000      | 0.000      |             | 0.000  | 1.000f         |
| u_core.u_regfile.rf_read[31]_1__reg_n:Q (DFFNQX2H7L)                                                                                                                                |        | 0.001       | 0.000      | 0.059      |             | 0.209  | 1.209f         |
| u_core.u_regfile.rf_read[31]_1_ (net)                                                                                                                                               | 2      |             |            |            | 0.000       |        |                |
| u_core.u_regfile.rf_read[31]_1__AND3X0P5H7L_C:C (AND3X0P5H7L)                                                                                                                       |        | 0.001       | 0.000      | 0.059      |             | 0.000  | 1.209f         |
| u_core.u_regfile.rf_read[31]_1__AND3X0P5H7L_C:Y (AND3X0P5H7L)                                                                                                                       |        | 0.001       | 0.000      | 0.032      |             | 0.081  | 1.290f         |
| u_core.u_regfile.rf_read[31]_1__AND3X0P5H7L_C_Y (net)                                                                                                                               | 1      |             |            |            | 0.000       |        |                |
| u_core.u_regfile.rf_read[25]_1__AOAI211X0P5H7L_A0:B0 (AOAI211X0P5H7L)                                                                                                               |        | 0.001       | 0.000      | 0.032      |             | 0.000  | 1.290f         |
| u_core.u_regfile.rf_read[25]_1__AOAI211X0P5H7L_A0:Y (AOAI211X0P5H7L)                                                                                                                |        | 0.001       | 0.000      | 0.094      |             | 0.076  | 1.366r         |
| u_core.u_regfile.rf_read[25]_1__AOAI211X0P5H7L_A0_Y (net)                                                                                                                           | 1      |             |            |            | 0.000       |        |                |
| u_core.u_regfile.rf_read[4]_1__AND3X0P5H7L_A_Y_NOR4BBX0P5H7L_D:BN (NOR4BBX0P5H7L)                                                                                                   |        | 0.001       | 0.000      | 0.094      |             | 0.000  | 1.366r         |
| u_core.u_regfile.rf_read[4]_1__AND3X0P5H7L_A_Y_NOR4BBX0P5H7L_D:Y (NOR4BBX0P5H7L)                                                                                                    |        | 0.002       | 0.000      | 0.270      |             | 0.243  | 1.609r         |
| u_core.u_regfile.rf_read[4]_1__AND3X0P5H7L_A_Y_NOR4BBX0P5H7L_D_Y (net)                                                                                                              | 2      |             |            |            | 0.000       |        |                |
| u_core.u_regfile.rf_read[6]_1__AOI221X0P5H7L_A0_Y_NAND4X0P7H7L_B:D (NAND4X0P7H7L)                                                                                                   |        | 0.001       | 0.000      | 0.270      |             | 0.000  | 1.609r         |
| u_core.u_regfile.rf_read[6]_1__AOI221X0P5H7L_A0_Y_NAND4X0P7H7L_B:Y (NAND4X0P7H7L)                                                                                                   |        | 0.002       | 0.000      | 0.169      |             | 0.146  | 1.755f         |
| u_core.u_regfile.rf_read[6]_1__AOI221X0P5H7L_A0_Y_NAND4X0P7H7L_B_Y (net)                                                                                                            | 2      |             |            |            | 0.000       |        |                |
| u_core.u_regfile.rf_read[6]_1__AOI221X0P5H7L_A0_Y_NAND4X0P7H7L_B_Y_OAI21X1H7L_A1:A1 (OAI21X1H7L)                                                                                    |        | 0.001       | 0.000      | 0.169      |             | 0.000  | 1.755f         |
| u_core.u_regfile.rf_read[6]_1__AOI221X0P5H7L_A0_Y_NAND4X0P7H7L_B_Y_OAI21X1H7L_A1:Y (OAI21X1H7L)                                                                                     |        | 0.004       | 0.000      | 0.196      |             | 0.172  | 1.926r         |
| u_core.u_regfile.rf_read[6]_1__AOI221X0P5H7L_A0_Y_NAND4X0P7H7L_B_Y_OAI21X1H7L_A1_Y (net)                                                                                            | 5      |             |            |            | 0.000       |        |                |
| u_core.u_regfile.rf_read[6]_1__AOI221X0P5H7L_A0_Y_NAND4X0P7H7L_B_Y_OAI21X1H7L_A1_Y_BUFX3H7L_A:A (BUFX3H7L)                                                                          |        | 0.001       | 0.000      | 0.196      |             | 0.000  | 1.926r         |
| u_core.u_regfile.rf_read[6]_1__AOI221X0P5H7L_A0_Y_NAND4X0P7H7L_B_Y_OAI21X1H7L_A1_Y_BUFX3H7L_A:Y (BUFX3H7L)                                                                          |        | 0.024       | 0.000      | 0.245      |             | 0.227  | 2.153r         |
| u_core.ifu_resp_rdata_0__AOI211X0P5H7L_A1_C0_NOR2X0P7H7L_Y_A (net)                                                                                                                  | 24     |             |            |            | 0.000       |        |                |
| u_core.alu_result_25__OAI22X0P5H7L_Y_B0_AOI211X0P5H7L_Y_B0_AOI211X0P5H7L_Y_B0_OA221X0P5H7L_Y_B0_OA21X0P7H7L_Y_A1_OAI21X0P5H7L_A1_B0_AO211X1H7L_Y_C0_NAND2X0P5H7L_Y:B (NAND2X0P5H7L) |        | 0.001       | 0.000      | 0.245      |             | 0.000  | 2.153r         |
| u_core.alu_result_25__OAI22X0P5H7L_Y_B0_AOI211X0P5H7L_Y_B0_AOI211X0P5H7L_Y_B0_OA221X0P5H7L_Y_B0_OA21X0P7H7L_Y_A1_OAI21X0P5H7L_A1_B0_AO211X1H7L_Y_C0_NAND2X0P5H7L_Y:Y (NAND2X0P5H7L) |        | 0.002       | 0.000      | 0.113      |             | 0.122  | 2.275f         |
| u_core.alu_result_25__OAI22X0P5H7L_Y_B0_AOI211X0P5H7L_Y_B0_AOI211X0P5H7L_Y_B0_OA221X0P5H7L_Y_B0_OA21X0P7H7L_Y_A1_OAI21X0P5H7L_A1_B0_AO211X1H7L_Y_C0 (net)                           | 3      |             |            |            | 0.000       |        |                |
| pc[2]_reg_p_D_AOI211X1P4H7L_Y_A1_AOAI211X0P5H7L_Y_B0_OAI211X1P4H7L_Y_B0_AOI21X0P5H7L_Y_A0_AOAI211X0P5H7L_A1_B0_OAI21X0P5H7L_Y_A1_AOI21BX0P5H7L_A0:B0N (AOI21BX0P5H7L)               |        | 0.001       | 0.000      | 0.113      |             | 0.000  | 2.275f         |
| pc[2]_reg_p_D_AOI211X1P4H7L_Y_A1_AOAI211X0P5H7L_Y_B0_OAI211X1P4H7L_Y_B0_AOI21X0P5H7L_Y_A0_AOAI211X0P5H7L_A1_B0_OAI21X0P5H7L_Y_A1_AOI21BX0P5H7L_A0:Y (AOI21BX0P5H7L)                 |        | 0.001       | 0.000      | 0.065      |             | 0.087  | 2.362f         |
| pc[2]_reg_p_D_AOI211X1P4H7L_Y_A1_AOAI211X0P5H7L_Y_B0_OAI211X1P4H7L_Y_B0_AOI21X0P5H7L_Y_A0_AOAI211X0P5H7L_A1_B0_OAI21X0P5H7L_Y_A1_AOI21BX0P5H7L_A0_Y (net)                           | 1      |             |            |            | 0.000       |        |                |
| pc[2]_reg_p_D_AOI211X1P4H7L_Y_A1_AOAI211X0P5H7L_Y_B0_OAI211X1P4H7L_Y_B0_AOI21X0P5H7L_Y_A0_AOAI211X0P5H7L_A1_B0_OAI21X0P5H7L_Y_A1_AOI21BX0P5H7L_A0_Y_BUFX3H7L_A:A (BUFX3H7L)         |        | 0.001       | 0.000      | 0.065      |             | 0.000  | 2.362f         |
| pc[2]_reg_p_D_AOI211X1P4H7L_Y_A1_AOAI211X0P5H7L_Y_B0_OAI211X1P4H7L_Y_B0_AOI21X0P5H7L_Y_A0_AOAI211X0P5H7L_A1_B0_OAI21X0P5H7L_Y_A1_AOI21BX0P5H7L_A0_Y_BUFX3H7L_A:Y (BUFX3H7L)         |        | 0.008       | 0.000      | 0.066      |             | 0.112  | 2.475f         |
| u_core.alu_result_24__NOR2X0P5H7L_Y_B_AOI221X0P5H7L_Y_A1_NAND2X0P5H7L_Y_A_AOI31X0P5H7L_Y_A0_NOR2X0P5H7L_Y_A (net)                                                                   | 11     |             |            |            | 0.000       |        |                |
| u_core.alu_result_16__OAI22X0P5H7L_Y_A1_AOI221X0P5H7L_Y_A1_OAI21X0P5H7L_Y_A1_OAI21X0P5H7L_Y_A1_MUXI2X0P5H7L_Y_A_OAI21X0P5H7L_A1:A0 (OAI21X0P5H7L)                                   |        | 0.001       | 0.000      | 0.066      |             | 0.000  | 2.475f         |
| u_core.alu_result_16__OAI22X0P5H7L_Y_A1_AOI221X0P5H7L_Y_A1_OAI21X0P5H7L_Y_A1_OAI21X0P5H7L_Y_A1_MUXI2X0P5H7L_Y_A_OAI21X0P5H7L_A1:Y (OAI21X0P5H7L)                                    |        | 0.002       | 0.000      | 0.178      |             | 0.137  | 2.612r         |
| u_core.alu_result_10__AOI31X0P5H7L_Y_A0_AOI221X0P5H7L_Y_B0_OAI21X0P5H7L_Y_B0_NAND3X0P5H7L_Y_C (net)                                                                                 | 3      |             |            |            | 0.000       |        |                |
| pc[2]_reg_p_D_AOI211X1P4H7L_Y_A1_AOAI211X0P5H7L_Y_B0_OAI211X1P4H7L_Y_B0_AOI21X0P5H7L_Y_A0_NOR2BX1P4H7L_Z:AN (NOR2BX1P4H7L)                                                          |        | 0.001       | 0.000      | 0.178      |             | 0.000  | 2.612r         |
| pc[2]_reg_p_D_AOI211X1P4H7L_Y_A1_AOAI211X0P5H7L_Y_B0_OAI211X1P4H7L_Y_B0_AOI21X0P5H7L_Y_A0_NOR2BX1P4H7L_Z:Z (NOR2BX1P4H7L)                                                           |        | 0.002       | 0.000      | 0.106      |             | 0.132  | 2.743r         |
| pc[2]_reg_p_D_AOI211X1P4H7L_Y_A1_AOAI211X0P5H7L_Y_B0_OAI211X1P4H7L_Y_B0_AOI21X0P5H7L_Y_A0 (net)                                                                                     | 3      |             |            |            | 0.000       |        |                |
| pc[2]_reg_p_D_AOI211X1P4H7L_Y_A1_AOAI211X0P5H7L_Y_B0_OAI211X1P4H7L_Y_B0_AOI21X0P5H7L_Y_A0_AOAI211X0P5H7L_A1:A1 (AOAI211X0P5H7L)                                                     |        | 0.001       | 0.000      | 0.106      |             | 0.000  | 2.743r         |
| pc[2]_reg_p_D_AOI211X1P4H7L_Y_A1_AOAI211X0P5H7L_Y_B0_OAI211X1P4H7L_Y_B0_AOI21X0P5H7L_Y_A0_AOAI211X0P5H7L_A1:Y (AOAI211X0P5H7L)                                                      |        | 0.005       | 0.000      | 0.277      |             | 0.214  | 2.957f         |
| pc[2]_reg_p_D_AOI211X1P4H7L_Y_A1_AOAI211X0P5H7L_Y_B0_OAI211X1P4H7L_Y_B0_AOI21X0P5H7L_Y_A0_AOAI211X0P5H7L_A1_Y (net)                                                                 | 8      |             |            |            | 0.000       |        |                |
| u_core.u_pmem.aw_word_lat_2__NAND2BX0P5H7L_AN_1_Y_NOR2X0P5H7L_A_1:B (NOR2X0P5H7L)                                                                                                   |        | 0.001       | 0.000      | 0.277      |             | 0.000  | 2.957f         |
| u_core.u_pmem.aw_word_lat_2__NAND2BX0P5H7L_AN_1_Y_NOR2X0P5H7L_A_1:Y (NOR2X0P5H7L)                                                                                                   |        | 0.001       | 0.000      | 0.121      |             | 0.117  | 3.074r         |
| u_core.u_pmem.aw_word_lat_2__NAND2BX0P5H7L_AN_1_Y_NOR2X0P5H7L_A_1_Y (net)                                                                                                           | 1      |             |            |            | 0.000       |        |                |
| u_core.u_pmem.aw_word_lat_2__NAND2BX0P5H7L_AN_1_Y_NOR2X0P5H7L_A_1_Y_ICGX0P5H7L_E:E (ICGX0P5H7L)                                                                                     |        | 0.001       | 0.000      | 0.121      |             | 0.000  | 3.074r         |
|                                                                                                                                                                                     |        |             |            |            |             |        |                |
| clk (port)                                                                                                                                                                          |        | 0.782       | 0.000      | 0.000      |             | 0.000  | 0.000r         |
| clk (clock net)                                                                                                                                                                     | 1225   |             |            |            | NA          |        |                |
| u_core.u_pmem.aw_word_lat_2__NAND2BX0P5H7L_AN_1_Y_NOR2X0P5H7L_A_1_Y_ICGX0P5H7L_E:CK (ICGX0P5H7L)                                                                                    |        | 0.002       | 0.000      | 0.000      |             | 0.000  | 0.000r         |
| clock core_clock (rise edge)                                                                                                                                                        |        |             |            |            |             | 2      | 2              |
| clock network delay (ideal)                                                                                                                                                         |        |             |            |            |             | 0.000  | 2.000          |
| u_core.u_pmem.aw_word_lat_2__NAND2BX0P5H7L_AN_1_Y_NOR2X0P5H7L_A_1_Y_ICGX0P5H7L_E:CK (ICGX0P5H7L)                                                                                    |        |             |            |            |             |        | 2.000r         |
| library setup time                                                                                                                                                                  |        |             |            |            |             | -0.119 | 1.881          |
| clock reconvergence pessimism                                                                                                                                                       |        |             |            |            |             | 0.000  | 1.881          |
|                                                                                                                                                                                     |        |             |            |            |             |        |                |
| path cell delay                                                                                                                                                                     |        |             |            |            |             |        | 2.074(67.469%) |
| path net delay                                                                                                                                                                      |        |             |            |            |             |        | 0.000(0.000%)  |
|                                                                                                                                                                                     |        |             |            |            |             |        |                |
| data require time                                                                                                                                                                   |        |             |            |            |             |        | 1.881          |
| data arrival time                                                                                                                                                                   |        |             |            |            |             |        | 3.074          |
| slack (VIOLATED)                                                                                                                                                                    |        |             |            |            |             |        | -1.193         |
+-------------------------------------------------------------------------------------------------------------------------------------------------------------------------------------+--------+-------------+------------+------------+-------------+--------+----------------+
+-------------------------------------------------------------------------------------------------------------------------------------------------------------------------------------+--------+-------------+------------+------------+-------------+--------+----------------+
| Point                                                                                                                                                                               | Fanout | Capacitance | Resistance | Transition | Delta Delay | Incr   | Path           |
+-------------------------------------------------------------------------------------------------------------------------------------------------------------------------------------+--------+-------------+------------+------------+-------------+--------+----------------+
| clk (port)                                                                                                                                                                          |        | 1.060       | 0.000      | 0.000      |             | 0.000  | 0.000f         |
| clk (clock net)                                                                                                                                                                     | 1225   |             |            |            | NA          |        |                |
| u_core.u_regfile.rf_read[31]_1__reg_n:CKN (DFFNQX2H7L)                                                                                                                              |        | 0.001       | 0.000      | 0.000      |             | 0.000  | 0.000f         |
| clock core_clock (fall edge)                                                                                                                                                        |        |             |            |            |             | 1      | 1              |
| clock network delay (ideal)                                                                                                                                                         |        |             |            |            |             | 0.000  | 1.000          |
| u_core.u_regfile.rf_read[31]_1__reg_n:CKN (DFFNQX2H7L)                                                                                                                              |        | 0.001       | 0.000      | 0.000      |             | 0.000  | 1.000f         |
| u_core.u_regfile.rf_read[31]_1__reg_n:Q (DFFNQX2H7L)                                                                                                                                |        | 0.001       | 0.000      | 0.059      |             | 0.209  | 1.209f         |
| u_core.u_regfile.rf_read[31]_1_ (net)                                                                                                                                               | 2      |             |            |            | 0.000       |        |                |
| u_core.u_regfile.rf_read[31]_1__AND3X0P5H7L_C:C (AND3X0P5H7L)                                                                                                                       |        | 0.001       | 0.000      | 0.059      |             | 0.000  | 1.209f         |
| u_core.u_regfile.rf_read[31]_1__AND3X0P5H7L_C:Y (AND3X0P5H7L)                                                                                                                       |        | 0.001       | 0.000      | 0.032      |             | 0.081  | 1.290f         |
| u_core.u_regfile.rf_read[31]_1__AND3X0P5H7L_C_Y (net)                                                                                                                               | 1      |             |            |            | 0.000       |        |                |
| u_core.u_regfile.rf_read[25]_1__AOAI211X0P5H7L_A0:B0 (AOAI211X0P5H7L)                                                                                                               |        | 0.001       | 0.000      | 0.032      |             | 0.000  | 1.290f         |
| u_core.u_regfile.rf_read[25]_1__AOAI211X0P5H7L_A0:Y (AOAI211X0P5H7L)                                                                                                                |        | 0.001       | 0.000      | 0.094      |             | 0.076  | 1.366r         |
| u_core.u_regfile.rf_read[25]_1__AOAI211X0P5H7L_A0_Y (net)                                                                                                                           | 1      |             |            |            | 0.000       |        |                |
| u_core.u_regfile.rf_read[4]_1__AND3X0P5H7L_A_Y_NOR4BBX0P5H7L_D:BN (NOR4BBX0P5H7L)                                                                                                   |        | 0.001       | 0.000      | 0.094      |             | 0.000  | 1.366r         |
| u_core.u_regfile.rf_read[4]_1__AND3X0P5H7L_A_Y_NOR4BBX0P5H7L_D:Y (NOR4BBX0P5H7L)                                                                                                    |        | 0.002       | 0.000      | 0.270      |             | 0.243  | 1.609r         |
| u_core.u_regfile.rf_read[4]_1__AND3X0P5H7L_A_Y_NOR4BBX0P5H7L_D_Y (net)                                                                                                              | 2      |             |            |            | 0.000       |        |                |
| u_core.u_regfile.rf_read[6]_1__AOI221X0P5H7L_A0_Y_NAND4X0P7H7L_B:D (NAND4X0P7H7L)                                                                                                   |        | 0.001       | 0.000      | 0.270      |             | 0.000  | 1.609r         |
| u_core.u_regfile.rf_read[6]_1__AOI221X0P5H7L_A0_Y_NAND4X0P7H7L_B:Y (NAND4X0P7H7L)                                                                                                   |        | 0.002       | 0.000      | 0.169      |             | 0.146  | 1.755f         |
| u_core.u_regfile.rf_read[6]_1__AOI221X0P5H7L_A0_Y_NAND4X0P7H7L_B_Y (net)                                                                                                            | 2      |             |            |            | 0.000       |        |                |
| u_core.u_regfile.rf_read[6]_1__AOI221X0P5H7L_A0_Y_NAND4X0P7H7L_B_Y_OAI21X1H7L_A1:A1 (OAI21X1H7L)                                                                                    |        | 0.001       | 0.000      | 0.169      |             | 0.000  | 1.755f         |
| u_core.u_regfile.rf_read[6]_1__AOI221X0P5H7L_A0_Y_NAND4X0P7H7L_B_Y_OAI21X1H7L_A1:Y (OAI21X1H7L)                                                                                     |        | 0.004       | 0.000      | 0.196      |             | 0.172  | 1.926r         |
| u_core.u_regfile.rf_read[6]_1__AOI221X0P5H7L_A0_Y_NAND4X0P7H7L_B_Y_OAI21X1H7L_A1_Y (net)                                                                                            | 5      |             |            |            | 0.000       |        |                |
| u_core.u_regfile.rf_read[6]_1__AOI221X0P5H7L_A0_Y_NAND4X0P7H7L_B_Y_OAI21X1H7L_A1_Y_BUFX3H7L_A:A (BUFX3H7L)                                                                          |        | 0.001       | 0.000      | 0.196      |             | 0.000  | 1.926r         |
| u_core.u_regfile.rf_read[6]_1__AOI221X0P5H7L_A0_Y_NAND4X0P7H7L_B_Y_OAI21X1H7L_A1_Y_BUFX3H7L_A:Y (BUFX3H7L)                                                                          |        | 0.024       | 0.000      | 0.245      |             | 0.227  | 2.153r         |
| u_core.ifu_resp_rdata_0__AOI211X0P5H7L_A1_C0_NOR2X0P7H7L_Y_A (net)                                                                                                                  | 24     |             |            |            | 0.000       |        |                |
| u_core.alu_result_25__OAI22X0P5H7L_Y_B0_AOI211X0P5H7L_Y_B0_AOI211X0P5H7L_Y_B0_OA221X0P5H7L_Y_B0_OA21X0P7H7L_Y_A1_OAI21X0P5H7L_A1_B0_AO211X1H7L_Y_C0_NAND2X0P5H7L_Y:B (NAND2X0P5H7L) |        | 0.001       | 0.000      | 0.245      |             | 0.000  | 2.153r         |
| u_core.alu_result_25__OAI22X0P5H7L_Y_B0_AOI211X0P5H7L_Y_B0_AOI211X0P5H7L_Y_B0_OA221X0P5H7L_Y_B0_OA21X0P7H7L_Y_A1_OAI21X0P5H7L_A1_B0_AO211X1H7L_Y_C0_NAND2X0P5H7L_Y:Y (NAND2X0P5H7L) |        | 0.002       | 0.000      | 0.113      |             | 0.122  | 2.275f         |
| u_core.alu_result_25__OAI22X0P5H7L_Y_B0_AOI211X0P5H7L_Y_B0_AOI211X0P5H7L_Y_B0_OA221X0P5H7L_Y_B0_OA21X0P7H7L_Y_A1_OAI21X0P5H7L_A1_B0_AO211X1H7L_Y_C0 (net)                           | 3      |             |            |            | 0.000       |        |                |
| pc[2]_reg_p_D_AOI211X1P4H7L_Y_A1_AOAI211X0P5H7L_Y_B0_OAI211X1P4H7L_Y_B0_AOI21X0P5H7L_Y_A0_AOAI211X0P5H7L_A1_B0_OAI21X0P5H7L_Y_A1_AOI21BX0P5H7L_A0:B0N (AOI21BX0P5H7L)               |        | 0.001       | 0.000      | 0.113      |             | 0.000  | 2.275f         |
| pc[2]_reg_p_D_AOI211X1P4H7L_Y_A1_AOAI211X0P5H7L_Y_B0_OAI211X1P4H7L_Y_B0_AOI21X0P5H7L_Y_A0_AOAI211X0P5H7L_A1_B0_OAI21X0P5H7L_Y_A1_AOI21BX0P5H7L_A0:Y (AOI21BX0P5H7L)                 |        | 0.001       | 0.000      | 0.065      |             | 0.087  | 2.362f         |
| pc[2]_reg_p_D_AOI211X1P4H7L_Y_A1_AOAI211X0P5H7L_Y_B0_OAI211X1P4H7L_Y_B0_AOI21X0P5H7L_Y_A0_AOAI211X0P5H7L_A1_B0_OAI21X0P5H7L_Y_A1_AOI21BX0P5H7L_A0_Y (net)                           | 1      |             |            |            | 0.000       |        |                |
| pc[2]_reg_p_D_AOI211X1P4H7L_Y_A1_AOAI211X0P5H7L_Y_B0_OAI211X1P4H7L_Y_B0_AOI21X0P5H7L_Y_A0_AOAI211X0P5H7L_A1_B0_OAI21X0P5H7L_Y_A1_AOI21BX0P5H7L_A0_Y_BUFX3H7L_A:A (BUFX3H7L)         |        | 0.001       | 0.000      | 0.065      |             | 0.000  | 2.362f         |
| pc[2]_reg_p_D_AOI211X1P4H7L_Y_A1_AOAI211X0P5H7L_Y_B0_OAI211X1P4H7L_Y_B0_AOI21X0P5H7L_Y_A0_AOAI211X0P5H7L_A1_B0_OAI21X0P5H7L_Y_A1_AOI21BX0P5H7L_A0_Y_BUFX3H7L_A:Y (BUFX3H7L)         |        | 0.008       | 0.000      | 0.066      |             | 0.112  | 2.475f         |
| u_core.alu_result_24__NOR2X0P5H7L_Y_B_AOI221X0P5H7L_Y_A1_NAND2X0P5H7L_Y_A_AOI31X0P5H7L_Y_A0_NOR2X0P5H7L_Y_A (net)                                                                   | 11     |             |            |            | 0.000       |        |                |
| u_core.alu_result_16__OAI22X0P5H7L_Y_A1_AOI221X0P5H7L_Y_A1_OAI21X0P5H7L_Y_A1_OAI21X0P5H7L_Y_A1_MUXI2X0P5H7L_Y_A_OAI21X0P5H7L_A1:A0 (OAI21X0P5H7L)                                   |        | 0.001       | 0.000      | 0.066      |             | 0.000  | 2.475f         |
| u_core.alu_result_16__OAI22X0P5H7L_Y_A1_AOI221X0P5H7L_Y_A1_OAI21X0P5H7L_Y_A1_OAI21X0P5H7L_Y_A1_MUXI2X0P5H7L_Y_A_OAI21X0P5H7L_A1:Y (OAI21X0P5H7L)                                    |        | 0.002       | 0.000      | 0.178      |             | 0.137  | 2.612r         |
| u_core.alu_result_10__AOI31X0P5H7L_Y_A0_AOI221X0P5H7L_Y_B0_OAI21X0P5H7L_Y_B0_NAND3X0P5H7L_Y_C (net)                                                                                 | 3      |             |            |            | 0.000       |        |                |
| pc[2]_reg_p_D_AOI211X1P4H7L_Y_A1_AOAI211X0P5H7L_Y_B0_OAI211X1P4H7L_Y_B0_AOI21X0P5H7L_Y_A0_NOR2BX1P4H7L_Z:AN (NOR2BX1P4H7L)                                                          |        | 0.001       | 0.000      | 0.178      |             | 0.000  | 2.612r         |
| pc[2]_reg_p_D_AOI211X1P4H7L_Y_A1_AOAI211X0P5H7L_Y_B0_OAI211X1P4H7L_Y_B0_AOI21X0P5H7L_Y_A0_NOR2BX1P4H7L_Z:Z (NOR2BX1P4H7L)                                                           |        | 0.002       | 0.000      | 0.106      |             | 0.132  | 2.743r         |
| pc[2]_reg_p_D_AOI211X1P4H7L_Y_A1_AOAI211X0P5H7L_Y_B0_OAI211X1P4H7L_Y_B0_AOI21X0P5H7L_Y_A0 (net)                                                                                     | 3      |             |            |            | 0.000       |        |                |
| pc[2]_reg_p_D_AOI211X1P4H7L_Y_A1_AOAI211X0P5H7L_Y_B0_OAI211X1P4H7L_Y_B0_AOI21X0P5H7L_Y_A0_AOAI211X0P5H7L_A1:A1 (AOAI211X0P5H7L)                                                     |        | 0.001       | 0.000      | 0.106      |             | 0.000  | 2.743r         |
| pc[2]_reg_p_D_AOI211X1P4H7L_Y_A1_AOAI211X0P5H7L_Y_B0_OAI211X1P4H7L_Y_B0_AOI21X0P5H7L_Y_A0_AOAI211X0P5H7L_A1:Y (AOAI211X0P5H7L)                                                      |        | 0.005       | 0.000      | 0.277      |             | 0.214  | 2.957f         |
| pc[2]_reg_p_D_AOI211X1P4H7L_Y_A1_AOAI211X0P5H7L_Y_B0_OAI211X1P4H7L_Y_B0_AOI21X0P5H7L_Y_A0_AOAI211X0P5H7L_A1_Y (net)                                                                 | 8      |             |            |            | 0.000       |        |                |
| u_core.u_pmem.aw_word_lat_2__NAND2X0P5H7L_A_Y_NOR2X0P5H7L_B_1:A (NOR2X0P5H7L)                                                                                                       |        | 0.001       | 0.000      | 0.277      |             | 0.000  | 2.957f         |
| u_core.u_pmem.aw_word_lat_2__NAND2X0P5H7L_A_Y_NOR2X0P5H7L_B_1:Y (NOR2X0P5H7L)                                                                                                       |        | 0.001       | 0.000      | 0.102      |             | 0.121  | 3.078r         |
| u_core.u_pmem.aw_word_lat_2__NAND2X0P5H7L_A_Y_NOR2X0P5H7L_B_1_Y (net)                                                                                                               | 1      |             |            |            | 0.000       |        |                |
| u_core.u_pmem.aw_word_lat_2__NAND2X0P5H7L_A_Y_NOR2X0P5H7L_B_1_Y_ICGX0P5H7L_E:E (ICGX0P5H7L)                                                                                         |        | 0.001       | 0.000      | 0.102      |             | 0.000  | 3.078r         |
|                                                                                                                                                                                     |        |             |            |            |             |        |                |
| clk (port)                                                                                                                                                                          |        | 0.782       | 0.000      | 0.000      |             | 0.000  | 0.000r         |
| clk (clock net)                                                                                                                                                                     | 1225   |             |            |            | NA          |        |                |
| u_core.u_pmem.aw_word_lat_2__NAND2X0P5H7L_A_Y_NOR2X0P5H7L_B_1_Y_ICGX0P5H7L_E:CK (ICGX0P5H7L)                                                                                        |        | 0.002       | 0.000      | 0.000      |             | 0.000  | 0.000r         |
| clock core_clock (rise edge)                                                                                                                                                        |        |             |            |            |             | 2      | 2              |
| clock network delay (ideal)                                                                                                                                                         |        |             |            |            |             | 0.000  | 2.000          |
| u_core.u_pmem.aw_word_lat_2__NAND2X0P5H7L_A_Y_NOR2X0P5H7L_B_1_Y_ICGX0P5H7L_E:CK (ICGX0P5H7L)                                                                                        |        |             |            |            |             |        | 2.000r         |
| library setup time                                                                                                                                                                  |        |             |            |            |             | -0.114 | 1.886          |
| clock reconvergence pessimism                                                                                                                                                       |        |             |            |            |             | 0.000  | 1.886          |
|                                                                                                                                                                                     |        |             |            |            |             |        |                |
| path cell delay                                                                                                                                                                     |        |             |            |            |             |        | 2.078(67.512%) |
| path net delay                                                                                                                                                                      |        |             |            |            |             |        | 0.000(0.000%)  |
|                                                                                                                                                                                     |        |             |            |            |             |        |                |
| data require time                                                                                                                                                                   |        |             |            |            |             |        | 1.886          |
| data arrival time                                                                                                                                                                   |        |             |            |            |             |        | 3.078          |
| slack (VIOLATED)                                                                                                                                                                    |        |             |            |            |             |        | -1.192         |
+-------------------------------------------------------------------------------------------------------------------------------------------------------------------------------------+--------+-------------+------------+------------+-------------+--------+----------------+
+-------------------------------------------------------------------------------------------------------------------------------------------------------------------------------------+--------+-------------+------------+------------+-------------+--------+----------------+
| Point                                                                                                                                                                               | Fanout | Capacitance | Resistance | Transition | Delta Delay | Incr   | Path           |
+-------------------------------------------------------------------------------------------------------------------------------------------------------------------------------------+--------+-------------+------------+------------+-------------+--------+----------------+
| clk (port)                                                                                                                                                                          |        | 1.060       | 0.000      | 0.000      |             | 0.000  | 0.000f         |
| clk (clock net)                                                                                                                                                                     | 1225   |             |            |            | NA          |        |                |
| u_core.u_regfile.rf_read[31]_1__reg_n:CKN (DFFNQX2H7L)                                                                                                                              |        | 0.001       | 0.000      | 0.000      |             | 0.000  | 0.000f         |
| clock core_clock (fall edge)                                                                                                                                                        |        |             |            |            |             | 1      | 1              |
| clock network delay (ideal)                                                                                                                                                         |        |             |            |            |             | 0.000  | 1.000          |
| u_core.u_regfile.rf_read[31]_1__reg_n:CKN (DFFNQX2H7L)                                                                                                                              |        | 0.001       | 0.000      | 0.000      |             | 0.000  | 1.000f         |
| u_core.u_regfile.rf_read[31]_1__reg_n:Q (DFFNQX2H7L)                                                                                                                                |        | 0.001       | 0.000      | 0.059      |             | 0.209  | 1.209f         |
| u_core.u_regfile.rf_read[31]_1_ (net)                                                                                                                                               | 2      |             |            |            | 0.000       |        |                |
| u_core.u_regfile.rf_read[31]_1__AND3X0P5H7L_C:C (AND3X0P5H7L)                                                                                                                       |        | 0.001       | 0.000      | 0.059      |             | 0.000  | 1.209f         |
| u_core.u_regfile.rf_read[31]_1__AND3X0P5H7L_C:Y (AND3X0P5H7L)                                                                                                                       |        | 0.001       | 0.000      | 0.032      |             | 0.081  | 1.290f         |
| u_core.u_regfile.rf_read[31]_1__AND3X0P5H7L_C_Y (net)                                                                                                                               | 1      |             |            |            | 0.000       |        |                |
| u_core.u_regfile.rf_read[25]_1__AOAI211X0P5H7L_A0:B0 (AOAI211X0P5H7L)                                                                                                               |        | 0.001       | 0.000      | 0.032      |             | 0.000  | 1.290f         |
| u_core.u_regfile.rf_read[25]_1__AOAI211X0P5H7L_A0:Y (AOAI211X0P5H7L)                                                                                                                |        | 0.001       | 0.000      | 0.094      |             | 0.076  | 1.366r         |
| u_core.u_regfile.rf_read[25]_1__AOAI211X0P5H7L_A0_Y (net)                                                                                                                           | 1      |             |            |            | 0.000       |        |                |
| u_core.u_regfile.rf_read[4]_1__AND3X0P5H7L_A_Y_NOR4BBX0P5H7L_D:BN (NOR4BBX0P5H7L)                                                                                                   |        | 0.001       | 0.000      | 0.094      |             | 0.000  | 1.366r         |
| u_core.u_regfile.rf_read[4]_1__AND3X0P5H7L_A_Y_NOR4BBX0P5H7L_D:Y (NOR4BBX0P5H7L)                                                                                                    |        | 0.002       | 0.000      | 0.270      |             | 0.243  | 1.609r         |
| u_core.u_regfile.rf_read[4]_1__AND3X0P5H7L_A_Y_NOR4BBX0P5H7L_D_Y (net)                                                                                                              | 2      |             |            |            | 0.000       |        |                |
| u_core.u_regfile.rf_read[6]_1__AOI221X0P5H7L_A0_Y_NAND4X0P7H7L_B:D (NAND4X0P7H7L)                                                                                                   |        | 0.001       | 0.000      | 0.270      |             | 0.000  | 1.609r         |
| u_core.u_regfile.rf_read[6]_1__AOI221X0P5H7L_A0_Y_NAND4X0P7H7L_B:Y (NAND4X0P7H7L)                                                                                                   |        | 0.002       | 0.000      | 0.169      |             | 0.146  | 1.755f         |
| u_core.u_regfile.rf_read[6]_1__AOI221X0P5H7L_A0_Y_NAND4X0P7H7L_B_Y (net)                                                                                                            | 2      |             |            |            | 0.000       |        |                |
| u_core.u_regfile.rf_read[6]_1__AOI221X0P5H7L_A0_Y_NAND4X0P7H7L_B_Y_OAI21X1H7L_A1:A1 (OAI21X1H7L)                                                                                    |        | 0.001       | 0.000      | 0.169      |             | 0.000  | 1.755f         |
| u_core.u_regfile.rf_read[6]_1__AOI221X0P5H7L_A0_Y_NAND4X0P7H7L_B_Y_OAI21X1H7L_A1:Y (OAI21X1H7L)                                                                                     |        | 0.004       | 0.000      | 0.196      |             | 0.172  | 1.926r         |
| u_core.u_regfile.rf_read[6]_1__AOI221X0P5H7L_A0_Y_NAND4X0P7H7L_B_Y_OAI21X1H7L_A1_Y (net)                                                                                            | 5      |             |            |            | 0.000       |        |                |
| u_core.u_regfile.rf_read[6]_1__AOI221X0P5H7L_A0_Y_NAND4X0P7H7L_B_Y_OAI21X1H7L_A1_Y_BUFX3H7L_A:A (BUFX3H7L)                                                                          |        | 0.001       | 0.000      | 0.196      |             | 0.000  | 1.926r         |
| u_core.u_regfile.rf_read[6]_1__AOI221X0P5H7L_A0_Y_NAND4X0P7H7L_B_Y_OAI21X1H7L_A1_Y_BUFX3H7L_A:Y (BUFX3H7L)                                                                          |        | 0.024       | 0.000      | 0.245      |             | 0.227  | 2.153r         |
| u_core.ifu_resp_rdata_0__AOI211X0P5H7L_A1_C0_NOR2X0P7H7L_Y_A (net)                                                                                                                  | 24     |             |            |            | 0.000       |        |                |
| u_core.alu_result_25__OAI22X0P5H7L_Y_B0_AOI211X0P5H7L_Y_B0_AOI211X0P5H7L_Y_B0_OA221X0P5H7L_Y_B0_OA21X0P7H7L_Y_A1_OAI21X0P5H7L_A1_B0_AO211X1H7L_Y_C0_NAND2X0P5H7L_Y:B (NAND2X0P5H7L) |        | 0.001       | 0.000      | 0.245      |             | 0.000  | 2.153r         |
| u_core.alu_result_25__OAI22X0P5H7L_Y_B0_AOI211X0P5H7L_Y_B0_AOI211X0P5H7L_Y_B0_OA221X0P5H7L_Y_B0_OA21X0P7H7L_Y_A1_OAI21X0P5H7L_A1_B0_AO211X1H7L_Y_C0_NAND2X0P5H7L_Y:Y (NAND2X0P5H7L) |        | 0.002       | 0.000      | 0.113      |             | 0.122  | 2.275f         |
| u_core.alu_result_25__OAI22X0P5H7L_Y_B0_AOI211X0P5H7L_Y_B0_AOI211X0P5H7L_Y_B0_OA221X0P5H7L_Y_B0_OA21X0P7H7L_Y_A1_OAI21X0P5H7L_A1_B0_AO211X1H7L_Y_C0 (net)                           | 3      |             |            |            | 0.000       |        |                |
| pc[2]_reg_p_D_AOI211X1P4H7L_Y_A1_AOAI211X0P5H7L_Y_B0_OAI211X1P4H7L_Y_B0_AOI21X0P5H7L_Y_A0_AOAI211X0P5H7L_A1_B0_OAI21X0P5H7L_Y_A1_AOI21BX0P5H7L_A0:B0N (AOI21BX0P5H7L)               |        | 0.001       | 0.000      | 0.113      |             | 0.000  | 2.275f         |
| pc[2]_reg_p_D_AOI211X1P4H7L_Y_A1_AOAI211X0P5H7L_Y_B0_OAI211X1P4H7L_Y_B0_AOI21X0P5H7L_Y_A0_AOAI211X0P5H7L_A1_B0_OAI21X0P5H7L_Y_A1_AOI21BX0P5H7L_A0:Y (AOI21BX0P5H7L)                 |        | 0.001       | 0.000      | 0.065      |             | 0.087  | 2.362f         |
| pc[2]_reg_p_D_AOI211X1P4H7L_Y_A1_AOAI211X0P5H7L_Y_B0_OAI211X1P4H7L_Y_B0_AOI21X0P5H7L_Y_A0_AOAI211X0P5H7L_A1_B0_OAI21X0P5H7L_Y_A1_AOI21BX0P5H7L_A0_Y (net)                           | 1      |             |            |            | 0.000       |        |                |
| pc[2]_reg_p_D_AOI211X1P4H7L_Y_A1_AOAI211X0P5H7L_Y_B0_OAI211X1P4H7L_Y_B0_AOI21X0P5H7L_Y_A0_AOAI211X0P5H7L_A1_B0_OAI21X0P5H7L_Y_A1_AOI21BX0P5H7L_A0_Y_BUFX3H7L_A:A (BUFX3H7L)         |        | 0.001       | 0.000      | 0.065      |             | 0.000  | 2.362f         |
| pc[2]_reg_p_D_AOI211X1P4H7L_Y_A1_AOAI211X0P5H7L_Y_B0_OAI211X1P4H7L_Y_B0_AOI21X0P5H7L_Y_A0_AOAI211X0P5H7L_A1_B0_OAI21X0P5H7L_Y_A1_AOI21BX0P5H7L_A0_Y_BUFX3H7L_A:Y (BUFX3H7L)         |        | 0.008       | 0.000      | 0.066      |             | 0.112  | 2.475f         |
| u_core.alu_result_24__NOR2X0P5H7L_Y_B_AOI221X0P5H7L_Y_A1_NAND2X0P5H7L_Y_A_AOI31X0P5H7L_Y_A0_NOR2X0P5H7L_Y_A (net)                                                                   | 11     |             |            |            | 0.000       |        |                |
| u_core.alu_result_16__OAI22X0P5H7L_Y_A1_AOI221X0P5H7L_Y_A1_OAI21X0P5H7L_Y_A1_OAI21X0P5H7L_Y_A1_MUXI2X0P5H7L_Y_A_OAI21X0P5H7L_A1:A0 (OAI21X0P5H7L)                                   |        | 0.001       | 0.000      | 0.066      |             | 0.000  | 2.475f         |
| u_core.alu_result_16__OAI22X0P5H7L_Y_A1_AOI221X0P5H7L_Y_A1_OAI21X0P5H7L_Y_A1_OAI21X0P5H7L_Y_A1_MUXI2X0P5H7L_Y_A_OAI21X0P5H7L_A1:Y (OAI21X0P5H7L)                                    |        | 0.002       | 0.000      | 0.178      |             | 0.137  | 2.612r         |
| u_core.alu_result_10__AOI31X0P5H7L_Y_A0_AOI221X0P5H7L_Y_B0_OAI21X0P5H7L_Y_B0_NAND3X0P5H7L_Y_C (net)                                                                                 | 3      |             |            |            | 0.000       |        |                |
| pc[2]_reg_p_D_AOI211X1P4H7L_Y_A1_AOAI211X0P5H7L_Y_B0_OAI211X1P4H7L_Y_B0_AOI21X0P5H7L_Y_A0_NOR2BX1P4H7L_Z:AN (NOR2BX1P4H7L)                                                          |        | 0.001       | 0.000      | 0.178      |             | 0.000  | 2.612r         |
| pc[2]_reg_p_D_AOI211X1P4H7L_Y_A1_AOAI211X0P5H7L_Y_B0_OAI211X1P4H7L_Y_B0_AOI21X0P5H7L_Y_A0_NOR2BX1P4H7L_Z:Z (NOR2BX1P4H7L)                                                           |        | 0.002       | 0.000      | 0.106      |             | 0.132  | 2.743r         |
| pc[2]_reg_p_D_AOI211X1P4H7L_Y_A1_AOAI211X0P5H7L_Y_B0_OAI211X1P4H7L_Y_B0_AOI21X0P5H7L_Y_A0 (net)                                                                                     | 3      |             |            |            | 0.000       |        |                |
| pc[2]_reg_p_D_AOI211X1P4H7L_Y_A1_AOAI211X0P5H7L_Y_B0_OAI211X1P4H7L_Y_B0_AOI21X0P5H7L_Y_A0_AOAI211X0P5H7L_A1:A1 (AOAI211X0P5H7L)                                                     |        | 0.001       | 0.000      | 0.106      |             | 0.000  | 2.743r         |
| pc[2]_reg_p_D_AOI211X1P4H7L_Y_A1_AOAI211X0P5H7L_Y_B0_OAI211X1P4H7L_Y_B0_AOI21X0P5H7L_Y_A0_AOAI211X0P5H7L_A1:Y (AOAI211X0P5H7L)                                                      |        | 0.005       | 0.000      | 0.277      |             | 0.214  | 2.957f         |
| pc[2]_reg_p_D_AOI211X1P4H7L_Y_A1_AOAI211X0P5H7L_Y_B0_OAI211X1P4H7L_Y_B0_AOI21X0P5H7L_Y_A0_AOAI211X0P5H7L_A1_Y (net)                                                                 | 8      |             |            |            | 0.000       |        |                |
| u_core.u_pmem.aw_word_lat_2__NAND2X0P5H7L_A_1_Y_NOR2X0P5H7L_B_1:A (NOR2X0P5H7L)                                                                                                     |        | 0.001       | 0.000      | 0.277      |             | 0.000  | 2.957f         |
| u_core.u_pmem.aw_word_lat_2__NAND2X0P5H7L_A_1_Y_NOR2X0P5H7L_B_1:Y (NOR2X0P5H7L)                                                                                                     |        | 0.001       | 0.000      | 0.102      |             | 0.121  | 3.078r         |
| u_core.u_pmem.aw_word_lat_2__NAND2X0P5H7L_A_1_Y_NOR2X0P5H7L_B_1_Y (net)                                                                                                             | 1      |             |            |            | 0.000       |        |                |
| u_core.u_pmem.aw_word_lat_2__NAND2X0P5H7L_A_1_Y_NOR2X0P5H7L_B_1_Y_ICGX0P5H7L_E:E (ICGX0P5H7L)                                                                                       |        | 0.001       | 0.000      | 0.102      |             | 0.000  | 3.078r         |
|                                                                                                                                                                                     |        |             |            |            |             |        |                |
| clk (port)                                                                                                                                                                          |        | 0.782       | 0.000      | 0.000      |             | 0.000  | 0.000r         |
| clk (clock net)                                                                                                                                                                     | 1225   |             |            |            | NA          |        |                |
| u_core.u_pmem.aw_word_lat_2__NAND2X0P5H7L_A_1_Y_NOR2X0P5H7L_B_1_Y_ICGX0P5H7L_E:CK (ICGX0P5H7L)                                                                                      |        | 0.002       | 0.000      | 0.000      |             | 0.000  | 0.000r         |
| clock core_clock (rise edge)                                                                                                                                                        |        |             |            |            |             | 2      | 2              |
| clock network delay (ideal)                                                                                                                                                         |        |             |            |            |             | 0.000  | 2.000          |
| u_core.u_pmem.aw_word_lat_2__NAND2X0P5H7L_A_1_Y_NOR2X0P5H7L_B_1_Y_ICGX0P5H7L_E:CK (ICGX0P5H7L)                                                                                      |        |             |            |            |             |        | 2.000r         |
| library setup time                                                                                                                                                                  |        |             |            |            |             | -0.114 | 1.886          |
| clock reconvergence pessimism                                                                                                                                                       |        |             |            |            |             | 0.000  | 1.886          |
|                                                                                                                                                                                     |        |             |            |            |             |        |                |
| path cell delay                                                                                                                                                                     |        |             |            |            |             |        | 2.078(67.512%) |
| path net delay                                                                                                                                                                      |        |             |            |            |             |        | 0.000(0.000%)  |
|                                                                                                                                                                                     |        |             |            |            |             |        |                |
| data require time                                                                                                                                                                   |        |             |            |            |             |        | 1.886          |
| data arrival time                                                                                                                                                                   |        |             |            |            |             |        | 3.078          |
| slack (VIOLATED)                                                                                                                                                                    |        |             |            |            |             |        | -1.192         |
+-------------------------------------------------------------------------------------------------------------------------------------------------------------------------------------+--------+-------------+------------+------------+-------------+--------+----------------+
+---------------------------------------------------------------------------------------------------+--------+-------------+------------+------------+-------------+--------+-----------------+
| Point                                                                                             | Fanout | Capacitance | Resistance | Transition | Delta Delay | Incr   | Path            |
+---------------------------------------------------------------------------------------------------+--------+-------------+------------+------------+-------------+--------+-----------------+
| clk (port)                                                                                        |        | 0.782       | 0.000      | 0.000      |             | 0.000  | 0.000r          |
| clk (clock net)                                                                                   | 1225   |             |            |            | NA          |        |                 |
| u_core.dmem_rvalid_NOR3X0P5H7L_A_Y_NAND3X0P5H7L_B_Y_NOR2X0P5H7L_B_Y_ICGX0P5H7L_E:CK (ICGX0P5H7L)  |        | 0.002       | 0.000      | 0.000      |             | 0.000  | 0.000r          |
| u_core.dmem_rvalid_NOR3X0P5H7L_A_Y_NAND3X0P5H7L_B_Y_NOR2X0P5H7L_B_Y_ICGX0P5H7L_E:ECK (ICGX0P5H7L) |        | 0.022       | 0.000      | 0.000      |             | 0.000  | 0.000r          |
| u_core.u_pmem.rdata_lat_0__reg_p_CK (clock net)                                                   | 32     |             |            |            | NA          |        |                 |
| u_core.u_pmem.rdata_lat_15__reg_p:CK (DFFQX1H7L)                                                  |        | 0.001       | 0.000      | 0.000      |             | 0.000  | 0.000r          |
| clock core_clock (rise edge)                                                                      |        |             |            |            |             | 0      | 0               |
| clock network delay (ideal)                                                                       |        |             |            |            |             | 0.000  | 0.000           |
| u_core.u_pmem.rdata_lat_15__reg_p:CK (DFFQX1H7L)                                                  |        | 0.001       | 0.000      | 0.000      |             | 0.000  | 0.000r          |
| u_core.u_pmem.rdata_lat_15__reg_p:Q (DFFQX1H7L)                                                   |        | 0.001       | 0.000      | 0.037      |             | 0.104  | 0.104f          |
| u_core.u_pmem.rdata_lat_15_ (net)                                                                 | 1      |             |            |            | 0.000       |        |                 |
| u_core.dmem_rdata_15__reg_p:D (DFFQX1H7L)                                                         |        | 0.001       | 0.000      | 0.037      |             | 0.000  | 0.104f          |
|                                                                                                   |        |             |            |            |             |        |                 |
| clk (port)                                                                                        |        | 1.058       | 0.000      | 0.000      |             | 0.000  | 0.000r          |
| clk (clock net)                                                                                   | 1225   |             |            |            | NA          |        |                 |
| u_core.dmem_rvalid_reg_p_CK_ICGX0P5H7L_ECK_E_AO31X0P5H7L_Y_B0_ICGX0P5H7L_E:CK (ICGX0P5H7L)        |        | 0.002       | 0.000      | 0.000      |             | 0.000  | 0.000r          |
| u_core.dmem_rvalid_reg_p_CK_ICGX0P5H7L_ECK_E_AO31X0P5H7L_Y_B0_ICGX0P5H7L_E:ECK (ICGX0P5H7L)       |        | 0.029       | 0.000      | 0.000      |             | 0.000  | 0.000r          |
| u_core.dmem_rdata_0__reg_p_CK (clock net)                                                         | 32     |             |            |            | NA          |        |                 |
| u_core.dmem_rdata_15__reg_p:CK (DFFQX1H7L)                                                        |        | 0.001       | 0.000      | 0.000      |             | 0.000  | 0.000r          |
| clock core_clock (rise edge)                                                                      |        |             |            |            |             | 0      | 0               |
| clock network delay (ideal)                                                                       |        |             |            |            |             | 0.000  | 0.000           |
| u_core.dmem_rdata_15__reg_p:CK (DFFQX1H7L)                                                        |        |             |            |            |             |        | 0.000r          |
| library hold time                                                                                 |        |             |            |            |             | -0.014 | -0.014          |
| clock reconvergence pessimism                                                                     |        |             |            |            |             | -0.000 | -0.014          |
|                                                                                                   |        |             |            |            |             |        |                 |
| path cell delay                                                                                   |        |             |            |            |             |        | 0.104(100.000%) |
| path net delay                                                                                    |        |             |            |            |             |        | 0.000(0.000%)   |
|                                                                                                   |        |             |            |            |             |        |                 |
| data require time                                                                                 |        |             |            |            |             |        | -0.014          |
| data arrival time                                                                                 |        |             |            |            |             |        | 0.104           |
| slack (MET)                                                                                       |        |             |            |            |             |        | 0.118           |
+---------------------------------------------------------------------------------------------------+--------+-------------+------------+------------+-------------+--------+-----------------+
+---------------------------------------------------------------------------------------------------+--------+-------------+------------+------------+-------------+--------+-----------------+
| Point                                                                                             | Fanout | Capacitance | Resistance | Transition | Delta Delay | Incr   | Path            |
+---------------------------------------------------------------------------------------------------+--------+-------------+------------+------------+-------------+--------+-----------------+
| clk (port)                                                                                        |        | 0.782       | 0.000      | 0.000      |             | 0.000  | 0.000r          |
| clk (clock net)                                                                                   | 1225   |             |            |            | NA          |        |                 |
| u_core.dmem_rvalid_NOR3X0P5H7L_A_Y_NAND3X0P5H7L_B_Y_NOR2X0P5H7L_B_Y_ICGX0P5H7L_E:CK (ICGX0P5H7L)  |        | 0.002       | 0.000      | 0.000      |             | 0.000  | 0.000r          |
| u_core.dmem_rvalid_NOR3X0P5H7L_A_Y_NAND3X0P5H7L_B_Y_NOR2X0P5H7L_B_Y_ICGX0P5H7L_E:ECK (ICGX0P5H7L) |        | 0.022       | 0.000      | 0.000      |             | 0.000  | 0.000r          |
| u_core.u_pmem.rdata_lat_0__reg_p_CK (clock net)                                                   | 32     |             |            |            | NA          |        |                 |
| u_core.u_pmem.rdata_lat_16__reg_p:CK (DFFQX1H7L)                                                  |        | 0.001       | 0.000      | 0.000      |             | 0.000  | 0.000r          |
| clock core_clock (rise edge)                                                                      |        |             |            |            |             | 0      | 0               |
| clock network delay (ideal)                                                                       |        |             |            |            |             | 0.000  | 0.000           |
| u_core.u_pmem.rdata_lat_16__reg_p:CK (DFFQX1H7L)                                                  |        | 0.001       | 0.000      | 0.000      |             | 0.000  | 0.000r          |
| u_core.u_pmem.rdata_lat_16__reg_p:Q (DFFQX1H7L)                                                   |        | 0.001       | 0.000      | 0.037      |             | 0.104  | 0.104f          |
| u_core.u_pmem.rdata_lat_16_ (net)                                                                 | 1      |             |            |            | 0.000       |        |                 |
| u_core.dmem_rdata_16__reg_p:D (DFFQX1H7L)                                                         |        | 0.001       | 0.000      | 0.037      |             | 0.000  | 0.104f          |
|                                                                                                   |        |             |            |            |             |        |                 |
| clk (port)                                                                                        |        | 1.058       | 0.000      | 0.000      |             | 0.000  | 0.000r          |
| clk (clock net)                                                                                   | 1225   |             |            |            | NA          |        |                 |
| u_core.dmem_rvalid_reg_p_CK_ICGX0P5H7L_ECK_E_AO31X0P5H7L_Y_B0_ICGX0P5H7L_E:CK (ICGX0P5H7L)        |        | 0.002       | 0.000      | 0.000      |             | 0.000  | 0.000r          |
| u_core.dmem_rvalid_reg_p_CK_ICGX0P5H7L_ECK_E_AO31X0P5H7L_Y_B0_ICGX0P5H7L_E:ECK (ICGX0P5H7L)       |        | 0.029       | 0.000      | 0.000      |             | 0.000  | 0.000r          |
| u_core.dmem_rdata_0__reg_p_CK (clock net)                                                         | 32     |             |            |            | NA          |        |                 |
| u_core.dmem_rdata_16__reg_p:CK (DFFQX1H7L)                                                        |        | 0.001       | 0.000      | 0.000      |             | 0.000  | 0.000r          |
| clock core_clock (rise edge)                                                                      |        |             |            |            |             | 0      | 0               |
| clock network delay (ideal)                                                                       |        |             |            |            |             | 0.000  | 0.000           |
| u_core.dmem_rdata_16__reg_p:CK (DFFQX1H7L)                                                        |        |             |            |            |             |        | 0.000r          |
| library hold time                                                                                 |        |             |            |            |             | -0.014 | -0.014          |
| clock reconvergence pessimism                                                                     |        |             |            |            |             | -0.000 | -0.014          |
|                                                                                                   |        |             |            |            |             |        |                 |
| path cell delay                                                                                   |        |             |            |            |             |        | 0.104(100.000%) |
| path net delay                                                                                    |        |             |            |            |             |        | 0.000(0.000%)   |
|                                                                                                   |        |             |            |            |             |        |                 |
| data require time                                                                                 |        |             |            |            |             |        | -0.014          |
| data arrival time                                                                                 |        |             |            |            |             |        | 0.104           |
| slack (MET)                                                                                       |        |             |            |            |             |        | 0.118           |
+---------------------------------------------------------------------------------------------------+--------+-------------+------------+------------+-------------+--------+-----------------+
+---------------------------------------------------------------------------------------------------+--------+-------------+------------+------------+-------------+--------+-----------------+
| Point                                                                                             | Fanout | Capacitance | Resistance | Transition | Delta Delay | Incr   | Path            |
+---------------------------------------------------------------------------------------------------+--------+-------------+------------+------------+-------------+--------+-----------------+
| clk (port)                                                                                        |        | 0.782       | 0.000      | 0.000      |             | 0.000  | 0.000r          |
| clk (clock net)                                                                                   | 1225   |             |            |            | NA          |        |                 |
| u_core.dmem_rvalid_NOR3X0P5H7L_A_Y_NAND3X0P5H7L_B_Y_NOR2X0P5H7L_B_Y_ICGX0P5H7L_E:CK (ICGX0P5H7L)  |        | 0.002       | 0.000      | 0.000      |             | 0.000  | 0.000r          |
| u_core.dmem_rvalid_NOR3X0P5H7L_A_Y_NAND3X0P5H7L_B_Y_NOR2X0P5H7L_B_Y_ICGX0P5H7L_E:ECK (ICGX0P5H7L) |        | 0.022       | 0.000      | 0.000      |             | 0.000  | 0.000r          |
| u_core.u_pmem.rdata_lat_0__reg_p_CK (clock net)                                                   | 32     |             |            |            | NA          |        |                 |
| u_core.u_pmem.rdata_lat_27__reg_p:CK (DFFQX1H7L)                                                  |        | 0.001       | 0.000      | 0.000      |             | 0.000  | 0.000r          |
| clock core_clock (rise edge)                                                                      |        |             |            |            |             | 0      | 0               |
| clock network delay (ideal)                                                                       |        |             |            |            |             | 0.000  | 0.000           |
| u_core.u_pmem.rdata_lat_27__reg_p:CK (DFFQX1H7L)                                                  |        | 0.001       | 0.000      | 0.000      |             | 0.000  | 0.000r          |
| u_core.u_pmem.rdata_lat_27__reg_p:Q (DFFQX1H7L)                                                   |        | 0.001       | 0.000      | 0.037      |             | 0.104  | 0.104f          |
| u_core.u_pmem.rdata_lat_27_ (net)                                                                 | 1      |             |            |            | 0.000       |        |                 |
| u_core.dmem_rdata_27__reg_p:D (DFFQX1H7L)                                                         |        | 0.001       | 0.000      | 0.037      |             | 0.000  | 0.104f          |
|                                                                                                   |        |             |            |            |             |        |                 |
| clk (port)                                                                                        |        | 1.058       | 0.000      | 0.000      |             | 0.000  | 0.000r          |
| clk (clock net)                                                                                   | 1225   |             |            |            | NA          |        |                 |
| u_core.dmem_rvalid_reg_p_CK_ICGX0P5H7L_ECK_E_AO31X0P5H7L_Y_B0_ICGX0P5H7L_E:CK (ICGX0P5H7L)        |        | 0.002       | 0.000      | 0.000      |             | 0.000  | 0.000r          |
| u_core.dmem_rvalid_reg_p_CK_ICGX0P5H7L_ECK_E_AO31X0P5H7L_Y_B0_ICGX0P5H7L_E:ECK (ICGX0P5H7L)       |        | 0.029       | 0.000      | 0.000      |             | 0.000  | 0.000r          |
| u_core.dmem_rdata_0__reg_p_CK (clock net)                                                         | 32     |             |            |            | NA          |        |                 |
| u_core.dmem_rdata_27__reg_p:CK (DFFQX1H7L)                                                        |        | 0.001       | 0.000      | 0.000      |             | 0.000  | 0.000r          |
| clock core_clock (rise edge)                                                                      |        |             |            |            |             | 0      | 0               |
| clock network delay (ideal)                                                                       |        |             |            |            |             | 0.000  | 0.000           |
| u_core.dmem_rdata_27__reg_p:CK (DFFQX1H7L)                                                        |        |             |            |            |             |        | 0.000r          |
| library hold time                                                                                 |        |             |            |            |             | -0.014 | -0.014          |
| clock reconvergence pessimism                                                                     |        |             |            |            |             | -0.000 | -0.014          |
|                                                                                                   |        |             |            |            |             |        |                 |
| path cell delay                                                                                   |        |             |            |            |             |        | 0.104(100.000%) |
| path net delay                                                                                    |        |             |            |            |             |        | 0.000(0.000%)   |
|                                                                                                   |        |             |            |            |             |        |                 |
| data require time                                                                                 |        |             |            |            |             |        | -0.014          |
| data arrival time                                                                                 |        |             |            |            |             |        | 0.104           |
| slack (MET)                                                                                       |        |             |            |            |             |        | 0.118           |
+---------------------------------------------------------------------------------------------------+--------+-------------+------------+------------+-------------+--------+-----------------+
+---------------------------------------------------------------------------------------------------+--------+-------------+------------+------------+-------------+--------+-----------------+
| Point                                                                                             | Fanout | Capacitance | Resistance | Transition | Delta Delay | Incr   | Path            |
+---------------------------------------------------------------------------------------------------+--------+-------------+------------+------------+-------------+--------+-----------------+
| clk (port)                                                                                        |        | 0.782       | 0.000      | 0.000      |             | 0.000  | 0.000r          |
| clk (clock net)                                                                                   | 1225   |             |            |            | NA          |        |                 |
| u_core.dmem_rvalid_NOR3X0P5H7L_A_Y_NAND3X0P5H7L_B_Y_NOR2X0P5H7L_B_Y_ICGX0P5H7L_E:CK (ICGX0P5H7L)  |        | 0.002       | 0.000      | 0.000      |             | 0.000  | 0.000r          |
| u_core.dmem_rvalid_NOR3X0P5H7L_A_Y_NAND3X0P5H7L_B_Y_NOR2X0P5H7L_B_Y_ICGX0P5H7L_E:ECK (ICGX0P5H7L) |        | 0.022       | 0.000      | 0.000      |             | 0.000  | 0.000r          |
| u_core.u_pmem.rdata_lat_0__reg_p_CK (clock net)                                                   | 32     |             |            |            | NA          |        |                 |
| u_core.u_pmem.rdata_lat_7__reg_p:CK (DFFQX1H7L)                                                   |        | 0.001       | 0.000      | 0.000      |             | 0.000  | 0.000r          |
| clock core_clock (rise edge)                                                                      |        |             |            |            |             | 0      | 0               |
| clock network delay (ideal)                                                                       |        |             |            |            |             | 0.000  | 0.000           |
| u_core.u_pmem.rdata_lat_7__reg_p:CK (DFFQX1H7L)                                                   |        | 0.001       | 0.000      | 0.000      |             | 0.000  | 0.000r          |
| u_core.u_pmem.rdata_lat_7__reg_p:Q (DFFQX1H7L)                                                    |        | 0.001       | 0.000      | 0.037      |             | 0.104  | 0.104f          |
| u_core.u_pmem.rdata_lat_7_ (net)                                                                  | 1      |             |            |            | 0.000       |        |                 |
| u_core.dmem_rdata_7__reg_p:D (DFFQX1H7L)                                                          |        | 0.001       | 0.000      | 0.037      |             | 0.000  | 0.104f          |
|                                                                                                   |        |             |            |            |             |        |                 |
| clk (port)                                                                                        |        | 1.058       | 0.000      | 0.000      |             | 0.000  | 0.000r          |
| clk (clock net)                                                                                   | 1225   |             |            |            | NA          |        |                 |
| u_core.dmem_rvalid_reg_p_CK_ICGX0P5H7L_ECK_E_AO31X0P5H7L_Y_B0_ICGX0P5H7L_E:CK (ICGX0P5H7L)        |        | 0.002       | 0.000      | 0.000      |             | 0.000  | 0.000r          |
| u_core.dmem_rvalid_reg_p_CK_ICGX0P5H7L_ECK_E_AO31X0P5H7L_Y_B0_ICGX0P5H7L_E:ECK (ICGX0P5H7L)       |        | 0.029       | 0.000      | 0.000      |             | 0.000  | 0.000r          |
| u_core.dmem_rdata_0__reg_p_CK (clock net)                                                         | 32     |             |            |            | NA          |        |                 |
| u_core.dmem_rdata_7__reg_p:CK (DFFQX1H7L)                                                         |        | 0.001       | 0.000      | 0.000      |             | 0.000  | 0.000r          |
| clock core_clock (rise edge)                                                                      |        |             |            |            |             | 0      | 0               |
| clock network delay (ideal)                                                                       |        |             |            |            |             | 0.000  | 0.000           |
| u_core.dmem_rdata_7__reg_p:CK (DFFQX1H7L)                                                         |        |             |            |            |             |        | 0.000r          |
| library hold time                                                                                 |        |             |            |            |             | -0.014 | -0.014          |
| clock reconvergence pessimism                                                                     |        |             |            |            |             | -0.000 | -0.014          |
|                                                                                                   |        |             |            |            |             |        |                 |
| path cell delay                                                                                   |        |             |            |            |             |        | 0.104(100.000%) |
| path net delay                                                                                    |        |             |            |            |             |        | 0.000(0.000%)   |
|                                                                                                   |        |             |            |            |             |        |                 |
| data require time                                                                                 |        |             |            |            |             |        | -0.014          |
| data arrival time                                                                                 |        |             |            |            |             |        | 0.104           |
| slack (MET)                                                                                       |        |             |            |            |             |        | 0.118           |
+---------------------------------------------------------------------------------------------------+--------+-------------+------------+------------+-------------+--------+-----------------+
+---------------------------------------------------------------------------------------------------+--------+-------------+------------+------------+-------------+--------+-----------------+
| Point                                                                                             | Fanout | Capacitance | Resistance | Transition | Delta Delay | Incr   | Path            |
+---------------------------------------------------------------------------------------------------+--------+-------------+------------+------------+-------------+--------+-----------------+
| clk (port)                                                                                        |        | 0.782       | 0.000      | 0.000      |             | 0.000  | 0.000r          |
| clk (clock net)                                                                                   | 1225   |             |            |            | NA          |        |                 |
| u_core.dmem_rvalid_NOR3X0P5H7L_A_Y_NAND3X0P5H7L_B_Y_NOR2X0P5H7L_B_Y_ICGX0P5H7L_E:CK (ICGX0P5H7L)  |        | 0.002       | 0.000      | 0.000      |             | 0.000  | 0.000r          |
| u_core.dmem_rvalid_NOR3X0P5H7L_A_Y_NAND3X0P5H7L_B_Y_NOR2X0P5H7L_B_Y_ICGX0P5H7L_E:ECK (ICGX0P5H7L) |        | 0.022       | 0.000      | 0.000      |             | 0.000  | 0.000r          |
| u_core.u_pmem.rdata_lat_0__reg_p_CK (clock net)                                                   | 32     |             |            |            | NA          |        |                 |
| u_core.u_pmem.rdata_lat_12__reg_p:CK (DFFQX1H7L)                                                  |        | 0.001       | 0.000      | 0.000      |             | 0.000  | 0.000r          |
| clock core_clock (rise edge)                                                                      |        |             |            |            |             | 0      | 0               |
| clock network delay (ideal)                                                                       |        |             |            |            |             | 0.000  | 0.000           |
| u_core.u_pmem.rdata_lat_12__reg_p:CK (DFFQX1H7L)                                                  |        | 0.001       | 0.000      | 0.000      |             | 0.000  | 0.000r          |
| u_core.u_pmem.rdata_lat_12__reg_p:Q (DFFQX1H7L)                                                   |        | 0.001       | 0.000      | 0.037      |             | 0.104  | 0.104f          |
| u_core.u_pmem.rdata_lat_12_ (net)                                                                 | 1      |             |            |            | 0.000       |        |                 |
| u_core.dmem_rdata_12__reg_p:D (DFFQX1H7L)                                                         |        | 0.001       | 0.000      | 0.037      |             | 0.000  | 0.104f          |
|                                                                                                   |        |             |            |            |             |        |                 |
| clk (port)                                                                                        |        | 1.058       | 0.000      | 0.000      |             | 0.000  | 0.000r          |
| clk (clock net)                                                                                   | 1225   |             |            |            | NA          |        |                 |
| u_core.dmem_rvalid_reg_p_CK_ICGX0P5H7L_ECK_E_AO31X0P5H7L_Y_B0_ICGX0P5H7L_E:CK (ICGX0P5H7L)        |        | 0.002       | 0.000      | 0.000      |             | 0.000  | 0.000r          |
| u_core.dmem_rvalid_reg_p_CK_ICGX0P5H7L_ECK_E_AO31X0P5H7L_Y_B0_ICGX0P5H7L_E:ECK (ICGX0P5H7L)       |        | 0.029       | 0.000      | 0.000      |             | 0.000  | 0.000r          |
| u_core.dmem_rdata_0__reg_p_CK (clock net)                                                         | 32     |             |            |            | NA          |        |                 |
| u_core.dmem_rdata_12__reg_p:CK (DFFQX1H7L)                                                        |        | 0.001       | 0.000      | 0.000      |             | 0.000  | 0.000r          |
| clock core_clock (rise edge)                                                                      |        |             |            |            |             | 0      | 0               |
| clock network delay (ideal)                                                                       |        |             |            |            |             | 0.000  | 0.000           |
| u_core.dmem_rdata_12__reg_p:CK (DFFQX1H7L)                                                        |        |             |            |            |             |        | 0.000r          |
| library hold time                                                                                 |        |             |            |            |             | -0.014 | -0.014          |
| clock reconvergence pessimism                                                                     |        |             |            |            |             | -0.000 | -0.014          |
|                                                                                                   |        |             |            |            |             |        |                 |
| path cell delay                                                                                   |        |             |            |            |             |        | 0.104(100.000%) |
| path net delay                                                                                    |        |             |            |            |             |        | 0.000(0.000%)   |
|                                                                                                   |        |             |            |            |             |        |                 |
| data require time                                                                                 |        |             |            |            |             |        | -0.014          |
| data arrival time                                                                                 |        |             |            |            |             |        | 0.104           |
| slack (MET)                                                                                       |        |             |            |            |             |        | 0.118           |
+---------------------------------------------------------------------------------------------------+--------+-------------+------------+------------+-------------+--------+-----------------+
+---------------------------------------------------------------+--------+-------------+------------+------------+-------------+--------+-----------------+
| Point                                                         | Fanout | Capacitance | Resistance | Transition | Delta Delay | Incr   | Path            |
+---------------------------------------------------------------+--------+-------------+------------+------------+-------------+--------+-----------------+
| clk (port)                                                    |        | 0.782       | 0.000      | 0.000      |             | 0.000  | 0.000r          |
| clk (clock net)                                               | 1225   |             |            |            | NA          |        |                 |
| u_core.u_uart.bvalid_reg_p_CK_ICGX0P5H7L_ECK:CK (ICGX0P5H7L)  |        | 0.002       | 0.000      | 0.000      |             | 0.000  | 0.000r          |
| u_core.u_uart.bvalid_reg_p_CK_ICGX0P5H7L_ECK:ECK (ICGX0P5H7L) |        | 0.001       | 0.000      | 0.000      |             | 0.000  | 0.000r          |
| u_core.u_uart.bvalid_reg_p_CK (clock net)                     | 1      |             |            |            | NA          |        |                 |
| u_core.u_uart.bvalid_reg_p:CK (DFFQX1H7L)                     |        | 0.001       | 0.000      | 0.000      |             | 0.000  | 0.000r          |
| clock core_clock (rise edge)                                  |        |             |            |            |             | 0      | 0               |
| clock network delay (ideal)                                   |        |             |            |            |             | 0.000  | 0.000           |
| u_core.u_uart.bvalid_reg_p:CK (DFFQX1H7L)                     |        | 0.001       | 0.000      | 0.000      |             | 0.000  | 0.000r          |
| u_core.u_uart.bvalid_reg_p:Q (DFFQX1H7L)                      |        | 0.001       | 0.000      | 0.043      |             | 0.109  | 0.109f          |
| u_core.u_uart.bvalid (net)                                    | 2      |             |            |            | 0.000       |        |                 |
| u_core.u_uart.bvalid_NOR2BX1H7L_AN:AN (NOR2BX1H7L)            |        | 0.001       | 0.000      | 0.043      |             | 0.000  | 0.109f          |
| u_core.u_uart.bvalid_NOR2BX1H7L_AN:Z (NOR2BX1H7L)             |        | 0.001       | 0.000      | 0.023      |             | 0.061  | 0.170f          |
| u_core.u_uart.bvalid_NOR2BX1H7L_AN_Z (net)                    | 1      |             |            |            | 0.000       |        |                 |
| u_core.u_uart.bvalid_reg_p_CK_ICGX0P5H7L_ECK:E (ICGX0P5H7L)   |        | 0.001       | 0.000      | 0.023      |             | 0.000  | 0.170f          |
|                                                               |        |             |            |            |             |        |                 |
| clk (port)                                                    |        | 1.058       | 0.000      | 0.000      |             | 0.000  | 0.000r          |
| clk (clock net)                                               | 1225   |             |            |            | NA          |        |                 |
| u_core.u_uart.bvalid_reg_p_CK_ICGX0P5H7L_ECK:CK (ICGX0P5H7L)  |        | 0.002       | 0.000      | 0.000      |             | 0.000  | 0.000r          |
| clock core_clock (rise edge)                                  |        |             |            |            |             | 0      | 0               |
| clock network delay (ideal)                                   |        |             |            |            |             | 0.000  | 0.000           |
| u_core.u_uart.bvalid_reg_p_CK_ICGX0P5H7L_ECK:CK (ICGX0P5H7L)  |        |             |            |            |             |        | 0.000r          |
| library hold time                                             |        |             |            |            |             | -0.004 | -0.004          |
| clock reconvergence pessimism                                 |        |             |            |            |             | -0.000 | -0.004          |
|                                                               |        |             |            |            |             |        |                 |
| path cell delay                                               |        |             |            |            |             |        | 0.170(100.000%) |
| path net delay                                                |        |             |            |            |             |        | 0.000(0.000%)   |
|                                                               |        |             |            |            |             |        |                 |
| data require time                                             |        |             |            |            |             |        | -0.004          |
| data arrival time                                             |        |             |            |            |             |        | 0.170           |
| slack (MET)                                                   |        |             |            |            |             |        | 0.175           |
+---------------------------------------------------------------+--------+-------------+------------+------------+-------------+--------+-----------------+
+---------------------------------------------------------------+--------+-------------+------------+------------+-------------+--------+-----------------+
| Point                                                         | Fanout | Capacitance | Resistance | Transition | Delta Delay | Incr   | Path            |
+---------------------------------------------------------------+--------+-------------+------------+------------+-------------+--------+-----------------+
| clk (port)                                                    |        | 0.782       | 0.000      | 0.000      |             | 0.000  | 0.000r          |
| clk (clock net)                                               | 1225   |             |            |            | NA          |        |                 |
| u_core.u_uart.rvalid_reg_p_CK_ICGX0P5H7L_ECK:CK (ICGX0P5H7L)  |        | 0.002       | 0.000      | 0.000      |             | 0.000  | 0.000r          |
| u_core.u_uart.rvalid_reg_p_CK_ICGX0P5H7L_ECK:ECK (ICGX0P5H7L) |        | 0.001       | 0.000      | 0.000      |             | 0.000  | 0.000r          |
| u_core.u_uart.rvalid_reg_p_CK (clock net)                     | 1      |             |            |            | NA          |        |                 |
| u_core.u_uart.rvalid_reg_p:CK (DFFQX1H7L)                     |        | 0.001       | 0.000      | 0.000      |             | 0.000  | 0.000r          |
| clock core_clock (rise edge)                                  |        |             |            |            |             | 0      | 0               |
| clock network delay (ideal)                                   |        |             |            |            |             | 0.000  | 0.000           |
| u_core.u_uart.rvalid_reg_p:CK (DFFQX1H7L)                     |        | 0.001       | 0.000      | 0.000      |             | 0.000  | 0.000r          |
| u_core.u_uart.rvalid_reg_p:Q (DFFQX1H7L)                      |        | 0.001       | 0.000      | 0.044      |             | 0.110  | 0.110f          |
| u_core.u_uart.rvalid (net)                                    | 2      |             |            |            | 0.000       |        |                 |
| u_core.u_uart.rvalid_NOR2BX1H7L_AN:AN (NOR2BX1H7L)            |        | 0.001       | 0.000      | 0.044      |             | 0.000  | 0.110f          |
| u_core.u_uart.rvalid_NOR2BX1H7L_AN:Z (NOR2BX1H7L)             |        | 0.001       | 0.000      | 0.024      |             | 0.062  | 0.172f          |
| u_core.u_uart.rvalid_NOR2BX1H7L_AN_Z (net)                    | 1      |             |            |            | 0.000       |        |                 |
| u_core.u_uart.rvalid_reg_p_CK_ICGX0P5H7L_ECK:E (ICGX0P5H7L)   |        | 0.001       | 0.000      | 0.024      |             | 0.000  | 0.172f          |
|                                                               |        |             |            |            |             |        |                 |
| clk (port)                                                    |        | 1.058       | 0.000      | 0.000      |             | 0.000  | 0.000r          |
| clk (clock net)                                               | 1225   |             |            |            | NA          |        |                 |
| u_core.u_uart.rvalid_reg_p_CK_ICGX0P5H7L_ECK:CK (ICGX0P5H7L)  |        | 0.002       | 0.000      | 0.000      |             | 0.000  | 0.000r          |
| clock core_clock (rise edge)                                  |        |             |            |            |             | 0      | 0               |
| clock network delay (ideal)                                   |        |             |            |            |             | 0.000  | 0.000           |
| u_core.u_uart.rvalid_reg_p_CK_ICGX0P5H7L_ECK:CK (ICGX0P5H7L)  |        |             |            |            |             |        | 0.000r          |
| library hold time                                             |        |             |            |            |             | -0.004 | -0.004          |
| clock reconvergence pessimism                                 |        |             |            |            |             | -0.000 | -0.004          |
|                                                               |        |             |            |            |             |        |                 |
| path cell delay                                               |        |             |            |            |             |        | 0.172(100.000%) |
| path net delay                                                |        |             |            |            |             |        | 0.000(0.000%)   |
|                                                               |        |             |            |            |             |        |                 |
| data require time                                             |        |             |            |            |             |        | -0.004          |
| data arrival time                                             |        |             |            |            |             |        | 0.172           |
| slack (MET)                                                   |        |             |            |            |             |        | 0.176           |
+---------------------------------------------------------------+--------+-------------+------------+------------+-------------+--------+-----------------+
+------------------------------------------------------------+--------+-------------+------------+------------+-------------+--------+-----------------+
| Point                                                      | Fanout | Capacitance | Resistance | Transition | Delta Delay | Incr   | Path            |
+------------------------------------------------------------+--------+-------------+------------+------------+-------------+--------+-----------------+
| clk (port)                                                 |        | 0.782       | 0.000      | 0.000      |             | 0.000  | 0.000r          |
| clk (clock net)                                            | 1225   |             |            |            | NA          |        |                 |
| u_core.rtc_rvalid_reg_p_CK_ICGX0P5H7L_ECK:CK (ICGX0P5H7L)  |        | 0.002       | 0.000      | 0.000      |             | 0.000  | 0.000r          |
| u_core.rtc_rvalid_reg_p_CK_ICGX0P5H7L_ECK:ECK (ICGX0P5H7L) |        | 0.001       | 0.000      | 0.000      |             | 0.000  | 0.000r          |
| u_core.rtc_rvalid_reg_p_CK (clock net)                     | 1      |             |            |            | NA          |        |                 |
| u_core.rtc_rvalid_reg_p:CK (DFFQX1H7L)                     |        | 0.001       | 0.000      | 0.000      |             | 0.000  | 0.000r          |
| clock core_clock (rise edge)                               |        |             |            |            |             | 0      | 0               |
| clock network delay (ideal)                                |        |             |            |            |             | 0.000  | 0.000           |
| u_core.rtc_rvalid_reg_p:CK (DFFQX1H7L)                     |        | 0.001       | 0.000      | 0.000      |             | 0.000  | 0.000r          |
| u_core.rtc_rvalid_reg_p:Q (DFFQX1H7L)                      |        | 0.001       | 0.000      | 0.044      |             | 0.111  | 0.111f          |
| u_core.rtc_rvalid (net)                                    | 2      |             |            |            | 0.000       |        |                 |
| u_core.rtc_rvalid_NOR2BX1H7L_AN:AN (NOR2BX1H7L)            |        | 0.001       | 0.000      | 0.044      |             | 0.000  | 0.111f          |
| u_core.rtc_rvalid_NOR2BX1H7L_AN:Z (NOR2BX1H7L)             |        | 0.001       | 0.000      | 0.024      |             | 0.062  | 0.173f          |
| u_core.rtc_rvalid_NOR2BX1H7L_AN_Z (net)                    | 1      |             |            |            | 0.000       |        |                 |
| u_core.rtc_rvalid_reg_p_CK_ICGX0P5H7L_ECK:E (ICGX0P5H7L)   |        | 0.001       | 0.000      | 0.024      |             | 0.000  | 0.173f          |
|                                                            |        |             |            |            |             |        |                 |
| clk (port)                                                 |        | 1.058       | 0.000      | 0.000      |             | 0.000  | 0.000r          |
| clk (clock net)                                            | 1225   |             |            |            | NA          |        |                 |
| u_core.rtc_rvalid_reg_p_CK_ICGX0P5H7L_ECK:CK (ICGX0P5H7L)  |        | 0.002       | 0.000      | 0.000      |             | 0.000  | 0.000r          |
| clock core_clock (rise edge)                               |        |             |            |            |             | 0      | 0               |
| clock network delay (ideal)                                |        |             |            |            |             | 0.000  | 0.000           |
| u_core.rtc_rvalid_reg_p_CK_ICGX0P5H7L_ECK:CK (ICGX0P5H7L)  |        |             |            |            |             |        | 0.000r          |
| library hold time                                          |        |             |            |            |             | -0.004 | -0.004          |
| clock reconvergence pessimism                              |        |             |            |            |             | -0.000 | -0.004          |
|                                                            |        |             |            |            |             |        |                 |
| path cell delay                                            |        |             |            |            |             |        | 0.173(100.000%) |
| path net delay                                             |        |             |            |            |             |        | 0.000(0.000%)   |
|                                                            |        |             |            |            |             |        |                 |
| data require time                                          |        |             |            |            |             |        | -0.004          |
| data arrival time                                          |        |             |            |            |             |        | 0.173           |
| slack (MET)                                                |        |             |            |            |             |        | 0.177           |
+------------------------------------------------------------+--------+-------------+------------+------------+-------------+--------+-----------------+
+-------------------------------------------------------------------+--------+-------------+------------+------------+-------------+--------+-----------------+
| Point                                                             | Fanout | Capacitance | Resistance | Transition | Delta Delay | Incr   | Path            |
+-------------------------------------------------------------------+--------+-------------+------------+------------+-------------+--------+-----------------+
| clk (port)                                                        |        | 0.782       | 0.000      | 0.000      |             | 0.000  | 0.000r          |
| clk (clock net)                                                   | 1225   |             |            |            | NA          |        |                 |
| u_core.m_awvalid_reg_p:CK (DFFQX1H7L)                             |        | 0.001       | 0.000      | 0.000      |             | 0.000  | 0.000r          |
| clock core_clock (rise edge)                                      |        |             |            |            |             | 0      | 0               |
| clock network delay (ideal)                                       |        |             |            |            |             | 0.000  | 0.000           |
| u_core.m_awvalid_reg_p:CK (DFFQX1H7L)                             |        | 0.001       | 0.000      | 0.000      |             | 0.000  | 0.000r          |
| u_core.m_awvalid_reg_p:Q (DFFQX1H7L)                              |        | 0.001       | 0.000      | 0.041      |             | 0.108  | 0.108f          |
| u_core.m_awvalid (net)                                            | 2      |             |            |            | 0.000       |        |                 |
| u_core.m_awvalid_NAND2X0P5H7L_A:A (NAND2X0P5H7L)                  |        | 0.001       | 0.000      | 0.041      |             | 0.000  | 0.108f          |
| u_core.m_awvalid_NAND2X0P5H7L_A:Y (NAND2X0P5H7L)                  |        | 0.001       | 0.000      | 0.047      |             | 0.045  | 0.153r          |
| u_core.m_awvalid_NAND2X0P5H7L_A_Y (net)                           | 2      |             |            |            | 0.000       |        |                 |
| u_core.m_awvalid_NAND2X0P5H7L_A_Y_NOR2BX1P4H7L_B:B (NOR2BX1P4H7L) |        | 0.001       | 0.000      | 0.047      |             | 0.000  | 0.153r          |
| u_core.m_awvalid_NAND2X0P5H7L_A_Y_NOR2BX1P4H7L_B:Z (NOR2BX1P4H7L) |        | 0.002       | 0.000      | 0.034      |             | 0.037  | 0.190f          |
| u_core.m_awvalid_NAND2X0P5H7L_A_Y_NOR2BX1P4H7L_B_Z (net)          | 4      |             |            |            | 0.000       |        |                 |
| u_core.dmem_wready_reg_p_CK_ICGX0P5H7L_ECK:E (ICGX0P5H7L)         |        | 0.001       | 0.000      | 0.034      |             | 0.000  | 0.190f          |
|                                                                   |        |             |            |            |             |        |                 |
| clk (port)                                                        |        | 1.058       | 0.000      | 0.000      |             | 0.000  | 0.000r          |
| clk (clock net)                                                   | 1225   |             |            |            | NA          |        |                 |
| u_core.dmem_wready_reg_p_CK_ICGX0P5H7L_ECK:CK (ICGX0P5H7L)        |        | 0.002       | 0.000      | 0.000      |             | 0.000  | 0.000r          |
| clock core_clock (rise edge)                                      |        |             |            |            |             | 0      | 0               |
| clock network delay (ideal)                                       |        |             |            |            |             | 0.000  | 0.000           |
| u_core.dmem_wready_reg_p_CK_ICGX0P5H7L_ECK:CK (ICGX0P5H7L)        |        |             |            |            |             |        | 0.000r          |
| library hold time                                                 |        |             |            |            |             | -0.008 | -0.008          |
| clock reconvergence pessimism                                     |        |             |            |            |             | -0.000 | -0.008          |
|                                                                   |        |             |            |            |             |        |                 |
| path cell delay                                                   |        |             |            |            |             |        | 0.190(100.000%) |
| path net delay                                                    |        |             |            |            |             |        | 0.000(0.000%)   |
|                                                                   |        |             |            |            |             |        |                 |
| data require time                                                 |        |             |            |            |             |        | -0.008          |
| data arrival time                                                 |        |             |            |            |             |        | 0.190           |
| slack (MET)                                                       |        |             |            |            |             |        | 0.198           |
+-------------------------------------------------------------------+--------+-------------+------------+------------+-------------+--------+-----------------+
+----------------------------------------------------------------------------------+--------+-------------+------------+------------+-------------+--------+-----------------+
| Point                                                                            | Fanout | Capacitance | Resistance | Transition | Delta Delay | Incr   | Path            |
+----------------------------------------------------------------------------------+--------+-------------+------------+------------+-------------+--------+-----------------+
| clk (port)                                                                       |        | 0.782       | 0.000      | 0.000      |             | 0.000  | 0.000r          |
| clk (clock net)                                                                  | 1225   |             |            |            | NA          |        |                 |
| u_core.u_pmem.state_0__reg_p_CK_ICGX0P5H7L_ECK:CK (ICGX0P5H7L)                   |        | 0.002       | 0.000      | 0.000      |             | 0.000  | 0.000r          |
| u_core.u_pmem.state_0__reg_p_CK_ICGX0P5H7L_ECK:ECK (ICGX0P5H7L)                  |        | 0.001       | 0.000      | 0.000      |             | 0.000  | 0.000r          |
| u_core.u_pmem.state_0__reg_p_CK (clock net)                                      | 2      |             |            |            | NA          |        |                 |
| u_core.u_pmem.state_1__reg_p:CK (DFFQX1H7L)                                      |        | 0.001       | 0.000      | 0.000      |             | 0.000  | 0.000r          |
| clock core_clock (rise edge)                                                     |        |             |            |            |             | 0      | 0               |
| clock network delay (ideal)                                                      |        |             |            |            |             | 0.000  | 0.000           |
| u_core.u_pmem.state_1__reg_p:CK (DFFQX1H7L)                                      |        | 0.001       | 0.000      | 0.000      |             | 0.000  | 0.000r          |
| u_core.u_pmem.state_1__reg_p:Q (DFFQX1H7L)                                       |        | 0.002       | 0.000      | 0.057      |             | 0.123  | 0.123f          |
| u_core.u_pmem.state_1_ (net)                                                     | 4      |             |            |            | 0.000       |        |                 |
| u_core.dmem_bvalid_INVX0P5H7L_A_Y_OAI32X0P5H7L_A0_B0_INVX0P5H7L_Y:A (INVX0P5H7L) |        | 0.001       | 0.000      | 0.057      |             | 0.000  | 0.123f          |
| u_core.dmem_bvalid_INVX0P5H7L_A_Y_OAI32X0P5H7L_A0_B0_INVX0P5H7L_Y:Y (INVX0P5H7L) |        | 0.000       | 0.000      | 0.032      |             | 0.037  | 0.161r          |
| u_core.dmem_bvalid_INVX0P5H7L_A_Y_OAI32X0P5H7L_A0_B0 (net)                       | 1      |             |            |            | 0.000       |        |                 |
| u_core.dmem_bvalid_INVX0P5H7L_A_Y_OAI32X0P5H7L_A0:B0 (OAI32X0P5H7L)              |        | 0.001       | 0.000      | 0.032      |             | 0.000  | 0.161r          |
| u_core.dmem_bvalid_INVX0P5H7L_A_Y_OAI32X0P5H7L_A0:Y (OAI32X0P5H7L)               |        | 0.001       | 0.000      | 0.031      |             | 0.032  | 0.193f          |
| u_core.dmem_bvalid_reg_p_CK_ICGX0P5H7L_ECK_E (net)                               | 1      |             |            |            | 0.000       |        |                 |
| u_core.dmem_bvalid_reg_p_CK_ICGX0P5H7L_ECK:E (ICGX0P5H7L)                        |        | 0.001       | 0.000      | 0.031      |             | 0.000  | 0.193f          |
|                                                                                  |        |             |            |            |             |        |                 |
| clk (port)                                                                       |        | 1.058       | 0.000      | 0.000      |             | 0.000  | 0.000r          |
| clk (clock net)                                                                  | 1225   |             |            |            | NA          |        |                 |
| u_core.dmem_bvalid_reg_p_CK_ICGX0P5H7L_ECK:CK (ICGX0P5H7L)                       |        | 0.002       | 0.000      | 0.000      |             | 0.000  | 0.000r          |
| clock core_clock (rise edge)                                                     |        |             |            |            |             | 0      | 0               |
| clock network delay (ideal)                                                      |        |             |            |            |             | 0.000  | 0.000           |
| u_core.dmem_bvalid_reg_p_CK_ICGX0P5H7L_ECK:CK (ICGX0P5H7L)                       |        |             |            |            |             |        | 0.000r          |
| library hold time                                                                |        |             |            |            |             | -0.007 | -0.007          |
| clock reconvergence pessimism                                                    |        |             |            |            |             | -0.000 | -0.007          |
|                                                                                  |        |             |            |            |             |        |                 |
| path cell delay                                                                  |        |             |            |            |             |        | 0.193(100.000%) |
| path net delay                                                                   |        |             |            |            |             |        | 0.000(0.000%)   |
|                                                                                  |        |             |            |            |             |        |                 |
| data require time                                                                |        |             |            |            |             |        | -0.007          |
| data arrival time                                                                |        |             |            |            |             |        | 0.193           |
| slack (MET)                                                                      |        |             |            |            |             |        | 0.200           |
+----------------------------------------------------------------------------------+--------+-------------+------------+------------+-------------+--------+-----------------+
