Generate the report at 2026-08-21T11:25:08, GitVersion: aa25008b3778a76ae1975c839d4cc459f7f7b3b7.
+-------------------------------------------------------------------------------------------------+--------------------------+------------+------------+---------------+-------+--------+-----------+
| Endpoint                                                                                        | Clock Group              | Delay Type | Path Delay | Path Required | CPPR  | Slack  | Freq(MHz) |
+-------------------------------------------------------------------------------------------------+--------------------------+------------+------------+---------------+-------+--------+-----------+
| u_core.u_regfile.rf[9]_2__reg_p:D                                                               | core_clock               | max        | 3.328r     | 1.817         | 0.000 | -1.510 | 284.860   |
| u_core.u_regfile.rf[5]_2__reg_p:D                                                               | core_clock               | max        | 3.328r     | 1.817         | 0.000 | -1.510 | 284.860   |
| u_core.u_regfile.rf[27]_2__reg_p:D                                                              | core_clock               | max        | 3.328r     | 1.817         | 0.000 | -1.510 | 284.860   |
| u_core.u_regfile.rf[29]_2__reg_p:D                                                              | core_clock               | max        | 3.328r     | 1.817         | 0.000 | -1.510 | 284.860   |
| u_core.u_regfile.rf[21]_2__reg_p:D                                                              | core_clock               | max        | 3.328r     | 1.817         | 0.000 | -1.510 | 284.860   |
| pc[0]_reg_p_CK_ICGX0P5H7L_ECK:E                                                                 | **clock_gating_default** | max        | 2.806f     | 1.936         | 0.000 | -0.870 | NA        |
| pc[0]_reg_p_CK_ICGX0P5H7L_ECK:E                                                                 | **clock_gating_default** | max        | 2.728r     | 1.898         | 0.000 | -0.830 | NA        |
| u_core.u_pmem.aw_word_lat_1__NOR2BX1H7L_B_Z_NAND2X0P5H7L_B_Y_NOR2X0P5H7L_B_3_Y_ICGX0P5H7L_E:E   | **clock_gating_default** | max        | 2.481r     | 1.886         | 0.000 | -0.595 | NA        |
| u_core.u_pmem.aw_word_lat_0__NOR2X0P5H7L_A_1_Y_NAND2BX0P5H7L_B_Y_NOR2X0P5H7L_B_Y_ICGX0P5H7L_E:E | **clock_gating_default** | max        | 2.481r     | 1.886         | 0.000 | -0.595 | NA        |
| u_core.u_pmem.aw_word_lat_1__NAND3BX0P5H7L_B_1_Y_NOR2X0P5H7L_B_3_Y_ICGX0P5H7L_E:E               | **clock_gating_default** | max        | 2.481r     | 1.886         | 0.000 | -0.595 | NA        |
| u_core.dmem_rdata_7__reg_p:D                                                                    | core_clock               | min        | 0.104f     | -0.014        | 0.000 | 0.118  | NA        |
| u_core.dmem_rdata_29__reg_p:D                                                                   | core_clock               | min        | 0.104f     | -0.014        | 0.000 | 0.118  | NA        |
| u_core.dmem_rdata_19__reg_p:D                                                                   | core_clock               | min        | 0.104f     | -0.014        | 0.000 | 0.118  | NA        |
| u_core.dmem_rdata_3__reg_p:D                                                                    | core_clock               | min        | 0.104f     | -0.014        | 0.000 | 0.118  | NA        |
| u_core.dmem_rdata_2__reg_p:D                                                                    | core_clock               | min        | 0.104f     | -0.014        | 0.000 | 0.118  | NA        |
| u_core.rtc_rvalid_reg_p_CK_ICGX0P5H7L_ECK:E                                                     | **clock_gating_default** | min        | 0.172f     | -0.004        | 0.000 | 0.176  | NA        |
| u_core.u_uart.bvalid_reg_p_CK_ICGX0P5H7L_ECK:E                                                  | **clock_gating_default** | min        | 0.173f     | -0.004        | 0.000 | 0.177  | NA        |
| u_core.u_uart.rvalid_reg_p_CK_ICGX0P5H7L_ECK:E                                                  | **clock_gating_default** | min        | 0.174f     | -0.004        | 0.000 | 0.178  | NA        |
| u_core.dmem_bvalid_reg_p_CK_ICGX0P5H7L_ECK:E                                                    | **clock_gating_default** | min        | 0.190f     | -0.007        | 0.000 | 0.197  | NA        |
| u_core.u_pmem.state_0__INVX0P5H7L_A_Y_NOR2X0P5H7L_A_Y_ICGX0P5H7L_E:E                            | **clock_gating_default** | min        | 0.198f     | -0.006        | 0.000 | 0.204  | NA        |
+-------------------------------------------------------------------------------------------------+--------------------------+------------+------------+---------------+-------+--------+-----------+
+------------+------------+-----------+
| Clock      | Delay Type | TNS       |
+------------+------------+-----------+
| core_clock | max        | -2735.308 |
| core_clock | min        | 0.000     |
+------------+------------+-----------+
+--------------------------------------------------------------------------------------------------------------------------------------------------------------------------------------------------------------------+--------+-------------+------------+------------+-------------+--------+-----------------+
| Point                                                                                                                                                                                                              | Fanout | Capacitance | Resistance | Transition | Delta Delay | Incr   | Path            |
+--------------------------------------------------------------------------------------------------------------------------------------------------------------------------------------------------------------------+--------+-------------+------------+------------+-------------+--------+-----------------+
| clk (port)                                                                                                                                                                                                         |        | 0.307       | 0.000      | 0.000      |             | 0.000  | 0.000r          |
| clk (clock net)                                                                                                                                                                                                    | 275    |             |            |            | NA          |        |                 |
| u_core.ctrl_ir_we_ICGX0P5H7L_E:CK (ICGX0P5H7L)                                                                                                                                                                     |        | 0.002       | 0.000      | 0.000      |             | 0.000  | 0.000r          |
| u_core.ctrl_ir_we_ICGX0P5H7L_E:ECK (ICGX0P5H7L)                                                                                                                                                                    |        | 0.057       | 0.000      | 0.000      |             | 0.000  | 0.000r          |
| ir_dbg[0]_reg_p_CK (clock net)                                                                                                                                                                                     | 64     |             |            |            | NA          |        |                 |
| ir_dbg[5]_reg_p:CK (DFFQX1H7L)                                                                                                                                                                                     |        | 0.001       | 0.000      | 0.000      |             | 0.000  | 0.000r          |
| clock core_clock (rise edge)                                                                                                                                                                                       |        |             |            |            |             | 0      | 0               |
| clock network delay (ideal)                                                                                                                                                                                        |        |             |            |            |             | 0.000  | 0.000           |
| ir_dbg[5]_reg_p:CK (DFFQX1H7L)                                                                                                                                                                                     |        | 0.001       | 0.000      | 0.000      |             | 0.000  | 0.000r          |
| ir_dbg[5]_reg_p:Q (DFFQX1H7L)                                                                                                                                                                                      |        | 0.001       | 0.000      | 0.040      |             | 0.143  | 0.143r          |
| ir_dbg_5_ (net)                                                                                                                                                                                                    | 2      |             |            |            | 0.000       |        |                 |
| halt_NAND3BBX0P5H7L_BN_Y_AO211X1P4H7L_A0_A1_AO211X1H7L_Y_B0_NOR4X0P7H7L_Y_A_BUFX5H7L_Y:A (BUFX5H7L)                                                                                                                |        | 0.001       | 0.000      | 0.040      |             | 0.000  | 0.143r          |
| halt_NAND3BBX0P5H7L_BN_Y_AO211X1P4H7L_A0_A1_AO211X1H7L_Y_B0_NOR4X0P7H7L_Y_A_BUFX5H7L_Y:Y (BUFX5H7L)                                                                                                                |        | 0.011       | 0.000      | 0.078      |             | 0.086  | 0.230r          |
| halt_NAND3BBX0P5H7L_BN_Y_AO211X1P4H7L_A0_A1_AO211X1H7L_Y_B0_NOR4X0P7H7L_Y_A (net)                                                                                                                                  | 14     |             |            |            | 0.000       |        |                 |
| halt_NAND3BBX0P5H7L_BN_Y_AOI211X0P5H7L_B0_Y_NAND4X0P5H7L_C_A_NAND4X1P4H7L_Y_A_NOR4X0P5H7L_Y_C_NAND3X1P4H7L_Y:A (NAND3X1P4H7L)                                                                                      |        | 0.001       | 0.000      | 0.078      |             | 0.000  | 0.230r          |
| halt_NAND3BBX0P5H7L_BN_Y_AOI211X0P5H7L_B0_Y_NAND4X0P5H7L_C_A_NAND4X1P4H7L_Y_A_NOR4X0P5H7L_Y_C_NAND3X1P4H7L_Y:Y (NAND3X1P4H7L)                                                                                      |        | 0.007       | 0.000      | 0.241      |             | 0.172  | 0.401f          |
| halt_NAND3BBX0P5H7L_BN_Y_AOI211X0P5H7L_B0_Y_NAND4X0P5H7L_C_A_NAND4X1P4H7L_Y_A_NOR4X0P5H7L_Y_C (net)                                                                                                                | 6      |             |            |            | 0.000       |        |                 |
| u_core.alu_out_19__AOI22X0P5H7L_A0_B1_AOAI211X0P5H7L_Y_B0_NAND2BX0P5H7L_B_AN_NOR4X3H7L_D:C (NOR4X3H7L)                                                                                                             |        | 0.002       | 0.000      | 0.241      |             | 0.000  | 0.401f          |
| u_core.alu_out_19__AOI22X0P5H7L_A0_B1_AOAI211X0P5H7L_Y_B0_NAND2BX0P5H7L_B_AN_NOR4X3H7L_D:Y (NOR4X3H7L)                                                                                                             |        | 0.005       | 0.000      | 0.290      |             | 0.257  | 0.658r          |
| halt_NAND3BBX0P5H7L_BN_Y_AO211X1P4H7L_A0_C0_AOI2XB1X0P5H7L_Y_B0_NAND2X0P5H7L_Y_A_NAND4X1P4H7L_Y_A (net)                                                                                                            | 6      |             |            |            | 0.000       |        |                 |
| u_core.u_regfile.rf[2]_2__MUX4X1P4H7L_A_Y_NOR3X0P5H7L_C_Y_NOR3X0P5H7L_B_A_AND4X1P4H7L_C:A (AND4X1P4H7L)                                                                                                            |        | 0.001       | 0.000      | 0.290      |             | 0.000  | 0.658r          |
| u_core.u_regfile.rf[2]_2__MUX4X1P4H7L_A_Y_NOR3X0P5H7L_C_Y_NOR3X0P5H7L_B_A_AND4X1P4H7L_C:Y (AND4X1P4H7L)                                                                                                            |        | 0.001       | 0.000      | 0.063      |             | 0.182  | 0.840r          |
| u_core.u_regfile.rf[2]_2__MUX4X1P4H7L_A_Y_NOR3X0P5H7L_C_Y_NOR3X0P5H7L_B_A_AND4X1P4H7L_C_Y (net)                                                                                                                    | 1      |             |            |            | 0.000       |        |                 |
| u_core.u_regfile.rf[2]_2__MUX4X1P4H7L_A_Y_NOR3X0P5H7L_C_Y_NOR3X0P5H7L_B_A_AND4X1P4H7L_C_Y_BUFX5H7L_A:A (BUFX5H7L)                                                                                                  |        | 0.001       | 0.000      | 0.063      |             | 0.000  | 0.840r          |
| u_core.u_regfile.rf[2]_2__MUX4X1P4H7L_A_Y_NOR3X0P5H7L_C_Y_NOR3X0P5H7L_B_A_AND4X1P4H7L_C_Y_BUFX5H7L_A:Y (BUFX5H7L)                                                                                                  |        | 0.007       | 0.000      | 0.051      |             | 0.079  | 0.919r          |
| u_core.csr_mtvec_5__NOR2BX1H7L_AN_B_NOR2X1P4H7L_Y_B (net)                                                                                                                                                          | 8      |             |            |            | 0.000       |        |                 |
| halt_NAND3BBX0P5H7L_BN_Y_AOI211X0P5H7L_B0_C0_OAI211X0P7H7L_Y_B0_NAND3X0P5H7L_Y_B_OAI21X1P4H7L_B0_Y_OA31X3H7L_A2:A1 (OA31X3H7L)                                                                                     |        | 0.001       | 0.000      | 0.051      |             | 0.000  | 0.919r          |
| halt_NAND3BBX0P5H7L_BN_Y_AOI211X0P5H7L_B0_C0_OAI211X0P7H7L_Y_B0_NAND3X0P5H7L_Y_B_OAI21X1P4H7L_B0_Y_OA31X3H7L_A2:Y (OA31X3H7L)                                                                                      |        | 0.003       | 0.000      | 0.053      |             | 0.106  | 1.025r          |
| halt_NAND3BBX0P5H7L_BN_Y_AOI211X0P5H7L_B0_C0_OAI211X0P7H7L_Y_B0_NAND3X0P5H7L_Y_B_OAI21X1P4H7L_B0_Y_OA31X3H7L_A2_Y (net)                                                                                            | 1      |             |            |            | 0.000       |        |                 |
| halt_NAND3BBX0P5H7L_BN_Y_AOI211X0P5H7L_B0_C0_OAI211X0P7H7L_Y_B0_NAND3X0P5H7L_Y_B_OAI21X1P4H7L_B0_Y_OA31X3H7L_A2_Y_BUFX16H7L_A:A (BUFX16H7L)                                                                        |        | 0.003       | 0.000      | 0.053      |             | 0.000  | 1.025r          |
| halt_NAND3BBX0P5H7L_BN_Y_AOI211X0P5H7L_B0_C0_OAI211X0P7H7L_Y_B0_NAND3X0P5H7L_Y_B_OAI21X1P4H7L_B0_Y_OA31X3H7L_A2_Y_BUFX16H7L_A:Y (BUFX16H7L)                                                                        |        | 0.015       | 0.000      | 0.040      |             | 0.067  | 1.092r          |
| u_core.alu_result_9__OAOI211X0P5H7L_Y_A0 (net)                                                                                                                                                                     | 17     |             |            |            | 0.000       |        |                 |
| pc[7]_reg_p_D_OAOI211X1P4H7L_Y_A1_AOI21X0P5H7L_Y_A1_XOR2X0P5H7L_Y_A_XNOR2X0P5H7L_Y_A_XNOR2X0P5H7L_Y_A_NOR2X6H7L_Y:A (NOR2X6H7L)                                                                                    |        | 0.003       | 0.000      | 0.040      |             | 0.000  | 1.092r          |
| pc[7]_reg_p_D_OAOI211X1P4H7L_Y_A1_AOI21X0P5H7L_Y_A1_XOR2X0P5H7L_Y_A_XNOR2X0P5H7L_Y_A_XNOR2X0P5H7L_Y_A_NOR2X6H7L_Y:Y (NOR2X6H7L)                                                                                    |        | 0.007       | 0.000      | 0.039      |             | 0.034  | 1.125f          |
| pc[7]_reg_p_D_OAOI211X1P4H7L_Y_A1_AOI21X0P5H7L_Y_A1_XOR2X0P5H7L_Y_A_XNOR2X0P5H7L_Y_A_XNOR2X0P5H7L_Y_A (net)                                                                                                        | 5      |             |            |            | 0.000       |        |                 |
| pc[7]_reg_p_D_OAOI211X1P4H7L_Y_A1_AOI21X0P5H7L_Y_A1_XOR2X0P5H7L_Y_A_XNOR2X0P5H7L_Y_A_XNOR2X0P5H7L_Y_A_BUFX16H7L_A:A (BUFX16H7L)                                                                                    |        | 0.003       | 0.000      | 0.039      |             | 0.000  | 1.125f          |
| pc[7]_reg_p_D_OAOI211X1P4H7L_Y_A1_AOI21X0P5H7L_Y_A1_XOR2X0P5H7L_Y_A_XNOR2X0P5H7L_Y_A_XNOR2X0P5H7L_Y_A_BUFX16H7L_A:Y (BUFX16H7L)                                                                                    |        | 0.025       | 0.000      | 0.044      |             | 0.076  | 1.201f          |
| u_core.alu_result_25__AOA211X1P4H7L_Y_A1_XOR2X0P5H7L_Y_A_XOR2X1H7L_Y_B_XNOR2X0P5H7L_Y_A (net)                                                                                                                      | 24     |             |            |            | 0.000       |        |                 |
| u_core.alu_result_17__AOI31X0P5H7L_Y_A2_NAND2X0P5H7L_Y_B_XNOR2X0P5H7L_Y_A_XNOR2X1H7L_Y_A_XNOR2X3H7L_Y:A (XNOR2X3H7L)                                                                                               |        | 0.002       | 0.000      | 0.044      |             | 0.000  | 1.201f          |
| u_core.alu_result_17__AOI31X0P5H7L_Y_A2_NAND2X0P5H7L_Y_B_XNOR2X0P5H7L_Y_A_XNOR2X1H7L_Y_A_XNOR2X3H7L_Y:Y (XNOR2X3H7L)                                                                                               |        | 0.004       | 0.000      | 0.061      |             | 0.115  | 1.316f          |
| u_core.alu_result_17__AOI31X0P5H7L_Y_A2_NAND2X0P5H7L_Y_B_XNOR2X0P5H7L_Y_A_XNOR2X1H7L_Y_A (net)                                                                                                                     | 4      |             |            |            | 0.000       |        |                 |
| u_core.alu_result_19__AOA211X1P4H7L_Y_A1_XOR2X0P5H7L_Y_B_MUX2X0P5H7L_Y_S0_AOI21X1P4H7L_Y_A0_AOI21X1H7L_A0_Y_OAI211X1P4H7L_A0_B0_NAND3X1H7L_Y_C_AOI21X0P5H7L_Y:A0 (AOI21X0P5H7L)                                    |        | 0.001       | 0.000      | 0.061      |             | 0.000  | 1.316f          |
| u_core.alu_result_19__AOA211X1P4H7L_Y_A1_XOR2X0P5H7L_Y_B_MUX2X0P5H7L_Y_S0_AOI21X1P4H7L_Y_A0_AOI21X1H7L_A0_Y_OAI211X1P4H7L_A0_B0_NAND3X1H7L_Y_C_AOI21X0P5H7L_Y:Y (AOI21X0P5H7L)                                     |        | 0.002       | 0.000      | 0.130      |             | 0.113  | 1.429r          |
| u_core.alu_result_19__AOA211X1P4H7L_Y_A1_XOR2X0P5H7L_Y_B_MUX2X0P5H7L_Y_S0_AOI21X1P4H7L_Y_A0_AOI21X1H7L_A0_Y_OAI211X1P4H7L_A0_B0_NAND3X1H7L_Y_C (net)                                                               | 2      |             |            |            | 0.000       |        |                 |
| u_core.alu_result_19__AOA211X1P4H7L_Y_A1_XOR2X0P5H7L_Y_B_MUX2X0P5H7L_Y_S0_AOI21X1P4H7L_Y_A0_AOI21X1H7L_A0_Y_OAI211X1P4H7L_A0_C0_AOAI211X0P7H7L_Y:A1 (AOAI211X0P7H7L)                                               |        | 0.001       | 0.000      | 0.130      |             | 0.000  | 1.429r          |
| u_core.alu_result_19__AOA211X1P4H7L_Y_A1_XOR2X0P5H7L_Y_B_MUX2X0P5H7L_Y_S0_AOI21X1P4H7L_Y_A0_AOI21X1H7L_A0_Y_OAI211X1P4H7L_A0_C0_AOAI211X0P7H7L_Y:Y (AOAI211X0P7H7L)                                                |        | 0.001       | 0.000      | 0.079      |             | 0.100  | 1.529f          |
| u_core.alu_result_19__AOA211X1P4H7L_Y_A1_XOR2X0P5H7L_Y_B_MUX2X0P5H7L_Y_S0_AOI21X1P4H7L_Y_A0_AOI21X1H7L_A0_Y_OAI211X1P4H7L_A0_C0 (net)                                                                              | 1      |             |            |            | 0.000       |        |                 |
| u_core.alu_result_19__AOA211X1P4H7L_Y_A1_XOR2X0P5H7L_Y_B_MUX2X0P5H7L_Y_S0_AOI21X1P4H7L_Y_A0_AOI21X1H7L_A0_Y_OAI211X1P4H7L_A0:C0 (OAI211X1P4H7L)                                                                    |        | 0.001       | 0.000      | 0.079      |             | 0.000  | 1.529f          |
| u_core.alu_result_19__AOA211X1P4H7L_Y_A1_XOR2X0P5H7L_Y_B_MUX2X0P5H7L_Y_S0_AOI21X1P4H7L_Y_A0_AOI21X1H7L_A0_Y_OAI211X1P4H7L_A0:Y (OAI211X1P4H7L)                                                                     |        | 0.002       | 0.000      | 0.139      |             | 0.065  | 1.595r          |
| u_core.alu_result_28__OAI31X0P5H7L_Y_A2_NOR3X0P5H7L_Y_B_AOA211X1H7L_B0_Y_NOR4X1H7L_B_A_OAOI211X1P4H7L_Y_A1 (net)                                                                                                   | 3      |             |            |            | 0.000       |        |                 |
| u_core.alu_result_28__OAI31X0P5H7L_Y_A2_NOR3X0P5H7L_Y_B_AOA211X1H7L_B0_Y_NOR4X1H7L_B_A_OAOI211X1P4H7L_Y:A1 (OAOI211X1P4H7L)                                                                                        |        | 0.001       | 0.000      | 0.139      |             | 0.000  | 1.595r          |
| u_core.alu_result_28__OAI31X0P5H7L_Y_A2_NOR3X0P5H7L_Y_B_AOA211X1H7L_B0_Y_NOR4X1H7L_B_A_OAOI211X1P4H7L_Y:Y (OAOI211X1P4H7L)                                                                                         |        | 0.002       | 0.000      | 0.067      |             | 0.083  | 1.678f          |
| u_core.alu_result_28__OAI31X0P5H7L_Y_A2_NOR3X0P5H7L_Y_B_AOA211X1H7L_B0_Y_NOR4X1H7L_B_A (net)                                                                                                                       | 2      |             |            |            | 0.000       |        |                 |
| u_core.alu_result_28__OAI31X0P5H7L_Y_A2_NOR3X0P5H7L_Y_B_AOA211X1H7L_B0_Y_NOR3X1P4H7L_B:A (NOR3X1P4H7L)                                                                                                             |        | 0.001       | 0.000      | 0.067      |             | 0.000  | 1.678f          |
| u_core.alu_result_28__OAI31X0P5H7L_Y_A2_NOR3X0P5H7L_Y_B_AOA211X1H7L_B0_Y_NOR3X1P4H7L_B:Y (NOR3X1P4H7L)                                                                                                             |        | 0.004       | 0.000      | 0.261      |             | 0.187  | 1.865r          |
| u_core.alu_result_31__OAOI211X0P5H7L_Y_A1_XNOR2X0P5H7L_Y_A_AOI31X0P5H7L_Y_A1 (net)                                                                                                                                 | 6      |             |            |            | 0.000       |        |                 |
| pc[0]_reg_p_D_AOA211X1P4H7L_Y_A0_AO221X0P7H7L_Y_A1_NOR2X0P5H7L_Y_B_MUXI2X0P7H7L_B_S0_NAND4X0P5H7L_A_Y_AOA211X2H7L_B0:A1 (AOA211X2H7L)                                                                              |        | 0.001       | 0.000      | 0.261      |             | 0.000  | 1.865r          |
| pc[0]_reg_p_D_AOA211X1P4H7L_Y_A0_AO221X0P7H7L_Y_A1_NOR2X0P5H7L_Y_B_MUXI2X0P7H7L_B_S0_NAND4X0P5H7L_A_Y_AOA211X2H7L_B0:Y (AOA211X2H7L)                                                                               |        | 0.002       | 0.000      | 0.056      |             | 0.177  | 2.042r          |
| u_core.alu_result_31__OAOI211X0P5H7L_Y_A1_NAND3X0P7H7L_C_B_OAI21X0P5H7L_Y_A1 (net)                                                                                                                                 | 2      |             |            |            | 0.000       |        |                 |
| u_core.alu_result_31__OAOI211X0P5H7L_Y_A1_NAND3X0P7H7L_C_B_OAI21X0P5H7L_Y_A1_OAI211X2H7L_A1:A1 (OAI211X2H7L)                                                                                                       |        | 0.001       | 0.000      | 0.056      |             | 0.000  | 2.042r          |
| u_core.alu_result_31__OAOI211X0P5H7L_Y_A1_NAND3X0P7H7L_C_B_OAI21X0P5H7L_Y_A1_OAI211X2H7L_A1:Y (OAI211X2H7L)                                                                                                        |        | 0.003       | 0.000      | 0.105      |             | 0.089  | 2.130f          |
| u_core.alu_result_31__OAOI211X0P5H7L_Y_A1_OA221X4H7L_B0_B1_OR2X1P4H7L_Y_B (net)                                                                                                                                    | 4      |             |            |            | 0.000       |        |                 |
| halt_NAND3BBX0P5H7L_BN_Y_AOI211X0P5H7L_B0_Y_INVX0P5H7L_A_Y_AOAI211X1P4H7L_C0:A0 (AOAI211X1P4H7L)                                                                                                                   |        | 0.001       | 0.000      | 0.105      |             | 0.000  | 2.130f          |
| halt_NAND3BBX0P5H7L_BN_Y_AOI211X0P5H7L_B0_Y_INVX0P5H7L_A_Y_AOAI211X1P4H7L_C0:Y (AOAI211X1P4H7L)                                                                                                                    |        | 0.004       | 0.000      | 0.180      |             | 0.151  | 2.281r          |
| u_core.alu_out_17__NAND2X0P5H7L_A_Y_OA221X0P5H7L_C0_B0_NAND2X0P5H7L_Y_B (net)                                                                                                                                      | 5      |             |            |            | 0.000       |        |                 |
| u_core.alu_out_17__NAND2X0P5H7L_A_Y_OA221X0P5H7L_C0_A1_NAND2X1P4H7L_Y:B (NAND2X1P4H7L)                                                                                                                             |        | 0.001       | 0.000      | 0.180      |             | 0.000  | 2.281r          |
| u_core.alu_out_17__NAND2X0P5H7L_A_Y_OA221X0P5H7L_C0_A1_NAND2X1P4H7L_Y:Y (NAND2X1P4H7L)                                                                                                                             |        | 0.003       | 0.000      | 0.104      |             | 0.096  | 2.378f          |
| u_core.alu_out_17__NAND2X0P5H7L_A_Y_OA221X0P5H7L_C0_A1 (net)                                                                                                                                                       | 4      |             |            |            | 0.000       |        |                 |
| u_core.alu_out_17__NAND2X0P5H7L_A_Y_OA221X0P5H7L_C0_A1_BUFX3P5H7L_A:A (BUFX3P5H7L)                                                                                                                                 |        | 0.001       | 0.000      | 0.104      |             | 0.000  | 2.378f          |
| u_core.alu_out_17__NAND2X0P5H7L_A_Y_OA221X0P5H7L_C0_A1_BUFX3P5H7L_A:Y (BUFX3P5H7L)                                                                                                                                 |        | 0.018       | 0.000      | 0.105      |             | 0.139  | 2.516f          |
| u_core.alu_out_6__AOI2BB2X0P5H7L_B0_A1N (net)                                                                                                                                                                      | 24     |             |            |            | 0.000       |        |                 |
| u_core.alu_out_2__AOI21X0P5H7L_A0_Y_OAI221X0P5H7L_C0:A1 (OAI221X0P5H7L)                                                                                                                                            |        | 0.001       | 0.000      | 0.105      |             | 0.000  | 2.516f          |
| u_core.alu_out_2__AOI21X0P5H7L_A0_Y_OAI221X0P5H7L_C0:Y (OAI221X0P5H7L)                                                                                                                                             |        | 0.023       | 0.000      | 1.369      |             | 0.811  | 3.328r          |
| u_core.u_regfile.w_data_2_ (net)                                                                                                                                                                                   | 31     |             |            |            | 0.000       |        |                 |
| u_core.u_regfile.rf[9]_2__reg_p:D (DFFQX1H7L)                                                                                                                                                                      |        | 0.001       | 0.000      | 1.369      |             | 0.000  | 3.328r          |
|                                                                                                                                                                                                                    |        |             |            |            |             |        |                 |
| clk (port)                                                                                                                                                                                                         |        | 0.223       | 0.000      | 0.000      |             | 0.000  | 0.000r          |
| clk (clock net)                                                                                                                                                                                                    | 275    |             |            |            | NA          |        |                 |
| u_core.u_regfile.rf[4]_4__MUX4X1H7L_A_Y_AO22X0P7H7L_A0_Y_NOR4X1P4H7L_C_Y_OAI221X1P4H7L_B1_A1_NAND2X0P5H7L_Y_B_AOA211X1H7L_C0_B0_NOR2X0P5H7L_Y_A_NAND3X0P5H7L_A_1_Y_NOR2X0P5H7L_B_2_Y_ICGX0P5H7L_E:CK (ICGX0P5H7L)  |        | 0.002       | 0.000      | 0.000      |             | 0.000  | 0.000r          |
| u_core.u_regfile.rf[4]_4__MUX4X1H7L_A_Y_AO22X0P7H7L_A0_Y_NOR4X1P4H7L_C_Y_OAI221X1P4H7L_B1_A1_NAND2X0P5H7L_Y_B_AOA211X1H7L_C0_B0_NOR2X0P5H7L_Y_A_NAND3X0P5H7L_A_1_Y_NOR2X0P5H7L_B_2_Y_ICGX0P5H7L_E:ECK (ICGX0P5H7L) |        | 0.022       | 0.000      | 0.000      |             | 0.000  | 0.000r          |
| u_core.u_regfile.rf[9]_0__reg_p_CK (clock net)                                                                                                                                                                     | 32     |             |            |            | NA          |        |                 |
| u_core.u_regfile.rf[9]_2__reg_p:CK (DFFQX1H7L)                                                                                                                                                                     |        | 0.001       | 0.000      | 0.000      |             | 0.000  | 0.000r          |
| clock core_clock (rise edge)                                                                                                                                                                                       |        |             |            |            |             | 2      | 2               |
| clock network delay (ideal)                                                                                                                                                                                        |        |             |            |            |             | 0.000  | 2.000           |
| u_core.u_regfile.rf[9]_2__reg_p:CK (DFFQX1H7L)                                                                                                                                                                     |        |             |            |            |             |        | 2.000r          |
| library setup time                                                                                                                                                                                                 |        |             |            |            |             | -0.183 | 1.817           |
| clock reconvergence pessimism                                                                                                                                                                                      |        |             |            |            |             | 0.000  | 1.817           |
|                                                                                                                                                                                                                    |        |             |            |            |             |        |                 |
| path cell delay                                                                                                                                                                                                    |        |             |            |            |             |        | 3.328(100.000%) |
| path net delay                                                                                                                                                                                                     |        |             |            |            |             |        | 0.000(0.000%)   |
|                                                                                                                                                                                                                    |        |             |            |            |             |        |                 |
| data require time                                                                                                                                                                                                  |        |             |            |            |             |        | 1.817           |
| data arrival time                                                                                                                                                                                                  |        |             |            |            |             |        | 3.328           |
| slack (VIOLATED)                                                                                                                                                                                                   |        |             |            |            |             |        | -1.510          |
+--------------------------------------------------------------------------------------------------------------------------------------------------------------------------------------------------------------------+--------+-------------+------------+------------+-------------+--------+-----------------+
+---------------------------------------------------------------------------------------------------------------------------------------------------------------------------------+--------+-------------+------------+------------+-------------+--------+-----------------+
| Point                                                                                                                                                                           | Fanout | Capacitance | Resistance | Transition | Delta Delay | Incr   | Path            |
+---------------------------------------------------------------------------------------------------------------------------------------------------------------------------------+--------+-------------+------------+------------+-------------+--------+-----------------+
| clk (port)                                                                                                                                                                      |        | 0.307       | 0.000      | 0.000      |             | 0.000  | 0.000r          |
| clk (clock net)                                                                                                                                                                 | 275    |             |            |            | NA          |        |                 |
| u_core.ctrl_ir_we_ICGX0P5H7L_E:CK (ICGX0P5H7L)                                                                                                                                  |        | 0.002       | 0.000      | 0.000      |             | 0.000  | 0.000r          |
| u_core.ctrl_ir_we_ICGX0P5H7L_E:ECK (ICGX0P5H7L)                                                                                                                                 |        | 0.057       | 0.000      | 0.000      |             | 0.000  | 0.000r          |
| ir_dbg[0]_reg_p_CK (clock net)                                                                                                                                                  | 64     |             |            |            | NA          |        |                 |
| ir_dbg[5]_reg_p:CK (DFFQX1H7L)                                                                                                                                                  |        | 0.001       | 0.000      | 0.000      |             | 0.000  | 0.000r          |
| clock core_clock (rise edge)                                                                                                                                                    |        |             |            |            |             | 0      | 0               |
| clock network delay (ideal)                                                                                                                                                     |        |             |            |            |             | 0.000  | 0.000           |
| ir_dbg[5]_reg_p:CK (DFFQX1H7L)                                                                                                                                                  |        | 0.001       | 0.000      | 0.000      |             | 0.000  | 0.000r          |
| ir_dbg[5]_reg_p:Q (DFFQX1H7L)                                                                                                                                                   |        | 0.001       | 0.000      | 0.040      |             | 0.143  | 0.143r          |
| ir_dbg_5_ (net)                                                                                                                                                                 | 2      |             |            |            | 0.000       |        |                 |
| halt_NAND3BBX0P5H7L_BN_Y_AO211X1P4H7L_A0_A1_AO211X1H7L_Y_B0_NOR4X0P7H7L_Y_A_BUFX5H7L_Y:A (BUFX5H7L)                                                                             |        | 0.001       | 0.000      | 0.040      |             | 0.000  | 0.143r          |
| halt_NAND3BBX0P5H7L_BN_Y_AO211X1P4H7L_A0_A1_AO211X1H7L_Y_B0_NOR4X0P7H7L_Y_A_BUFX5H7L_Y:Y (BUFX5H7L)                                                                             |        | 0.011       | 0.000      | 0.078      |             | 0.086  | 0.230r          |
| halt_NAND3BBX0P5H7L_BN_Y_AO211X1P4H7L_A0_A1_AO211X1H7L_Y_B0_NOR4X0P7H7L_Y_A (net)                                                                                               | 14     |             |            |            | 0.000       |        |                 |
| halt_NAND3BBX0P5H7L_BN_Y_AOI211X0P5H7L_B0_Y_NAND4X0P5H7L_C_A_NAND4X1P4H7L_Y_A_NOR4X0P5H7L_Y_C_NAND3X1P4H7L_Y:A (NAND3X1P4H7L)                                                   |        | 0.001       | 0.000      | 0.078      |             | 0.000  | 0.230r          |
| halt_NAND3BBX0P5H7L_BN_Y_AOI211X0P5H7L_B0_Y_NAND4X0P5H7L_C_A_NAND4X1P4H7L_Y_A_NOR4X0P5H7L_Y_C_NAND3X1P4H7L_Y:Y (NAND3X1P4H7L)                                                   |        | 0.007       | 0.000      | 0.241      |             | 0.172  | 0.401f          |
| halt_NAND3BBX0P5H7L_BN_Y_AOI211X0P5H7L_B0_Y_NAND4X0P5H7L_C_A_NAND4X1P4H7L_Y_A_NOR4X0P5H7L_Y_C (net)                                                                             | 6      |             |            |            | 0.000       |        |                 |
| u_core.alu_out_19__AOI22X0P5H7L_A0_B1_AOAI211X0P5H7L_Y_B0_NAND2BX0P5H7L_B_AN_NOR4X3H7L_D:C (NOR4X3H7L)                                                                          |        | 0.002       | 0.000      | 0.241      |             | 0.000  | 0.401f          |
| u_core.alu_out_19__AOI22X0P5H7L_A0_B1_AOAI211X0P5H7L_Y_B0_NAND2BX0P5H7L_B_AN_NOR4X3H7L_D:Y (NOR4X3H7L)                                                                          |        | 0.005       | 0.000      | 0.290      |             | 0.257  | 0.658r          |
| halt_NAND3BBX0P5H7L_BN_Y_AO211X1P4H7L_A0_C0_AOI2XB1X0P5H7L_Y_B0_NAND2X0P5H7L_Y_A_NAND4X1P4H7L_Y_A (net)                                                                         | 6      |             |            |            | 0.000       |        |                 |
| u_core.u_regfile.rf[2]_2__MUX4X1P4H7L_A_Y_NOR3X0P5H7L_C_Y_NOR3X0P5H7L_B_A_AND4X1P4H7L_C:A (AND4X1P4H7L)                                                                         |        | 0.001       | 0.000      | 0.290      |             | 0.000  | 0.658r          |
| u_core.u_regfile.rf[2]_2__MUX4X1P4H7L_A_Y_NOR3X0P5H7L_C_Y_NOR3X0P5H7L_B_A_AND4X1P4H7L_C:Y (AND4X1P4H7L)                                                                         |        | 0.001       | 0.000      | 0.063      |             | 0.182  | 0.840r          |
| u_core.u_regfile.rf[2]_2__MUX4X1P4H7L_A_Y_NOR3X0P5H7L_C_Y_NOR3X0P5H7L_B_A_AND4X1P4H7L_C_Y (net)                                                                                 | 1      |             |            |            | 0.000       |        |                 |
| u_core.u_regfile.rf[2]_2__MUX4X1P4H7L_A_Y_NOR3X0P5H7L_C_Y_NOR3X0P5H7L_B_A_AND4X1P4H7L_C_Y_BUFX5H7L_A:A (BUFX5H7L)                                                               |        | 0.001       | 0.000      | 0.063      |             | 0.000  | 0.840r          |
| u_core.u_regfile.rf[2]_2__MUX4X1P4H7L_A_Y_NOR3X0P5H7L_C_Y_NOR3X0P5H7L_B_A_AND4X1P4H7L_C_Y_BUFX5H7L_A:Y (BUFX5H7L)                                                               |        | 0.007       | 0.000      | 0.051      |             | 0.079  | 0.919r          |
| u_core.csr_mtvec_5__NOR2BX1H7L_AN_B_NOR2X1P4H7L_Y_B (net)                                                                                                                       | 8      |             |            |            | 0.000       |        |                 |
| halt_NAND3BBX0P5H7L_BN_Y_AOI211X0P5H7L_B0_C0_OAI211X0P7H7L_Y_B0_NAND3X0P5H7L_Y_B_OAI21X1P4H7L_B0_Y_OA31X3H7L_A2:A1 (OA31X3H7L)                                                  |        | 0.001       | 0.000      | 0.051      |             | 0.000  | 0.919r          |
| halt_NAND3BBX0P5H7L_BN_Y_AOI211X0P5H7L_B0_C0_OAI211X0P7H7L_Y_B0_NAND3X0P5H7L_Y_B_OAI21X1P4H7L_B0_Y_OA31X3H7L_A2:Y (OA31X3H7L)                                                   |        | 0.003       | 0.000      | 0.053      |             | 0.106  | 1.025r          |
| halt_NAND3BBX0P5H7L_BN_Y_AOI211X0P5H7L_B0_C0_OAI211X0P7H7L_Y_B0_NAND3X0P5H7L_Y_B_OAI21X1P4H7L_B0_Y_OA31X3H7L_A2_Y (net)                                                         | 1      |             |            |            | 0.000       |        |                 |
| halt_NAND3BBX0P5H7L_BN_Y_AOI211X0P5H7L_B0_C0_OAI211X0P7H7L_Y_B0_NAND3X0P5H7L_Y_B_OAI21X1P4H7L_B0_Y_OA31X3H7L_A2_Y_BUFX16H7L_A:A (BUFX16H7L)                                     |        | 0.003       | 0.000      | 0.053      |             | 0.000  | 1.025r          |
| halt_NAND3BBX0P5H7L_BN_Y_AOI211X0P5H7L_B0_C0_OAI211X0P7H7L_Y_B0_NAND3X0P5H7L_Y_B_OAI21X1P4H7L_B0_Y_OA31X3H7L_A2_Y_BUFX16H7L_A:Y (BUFX16H7L)                                     |        | 0.015       | 0.000      | 0.040      |             | 0.067  | 1.092r          |
| u_core.alu_result_9__OAOI211X0P5H7L_Y_A0 (net)                                                                                                                                  | 17     |             |            |            | 0.000       |        |                 |
| pc[7]_reg_p_D_OAOI211X1P4H7L_Y_A1_AOI21X0P5H7L_Y_A1_XOR2X0P5H7L_Y_A_XNOR2X0P5H7L_Y_A_XNOR2X0P5H7L_Y_A_NOR2X6H7L_Y:A (NOR2X6H7L)                                                 |        | 0.003       | 0.000      | 0.040      |             | 0.000  | 1.092r          |
| pc[7]_reg_p_D_OAOI211X1P4H7L_Y_A1_AOI21X0P5H7L_Y_A1_XOR2X0P5H7L_Y_A_XNOR2X0P5H7L_Y_A_XNOR2X0P5H7L_Y_A_NOR2X6H7L_Y:Y (NOR2X6H7L)                                                 |        | 0.007       | 0.000      | 0.039      |             | 0.034  | 1.125f          |
| pc[7]_reg_p_D_OAOI211X1P4H7L_Y_A1_AOI21X0P5H7L_Y_A1_XOR2X0P5H7L_Y_A_XNOR2X0P5H7L_Y_A_XNOR2X0P5H7L_Y_A (net)                                                                     | 5      |             |            |            | 0.000       |        |                 |
| pc[7]_reg_p_D_OAOI211X1P4H7L_Y_A1_AOI21X0P5H7L_Y_A1_XOR2X0P5H7L_Y_A_XNOR2X0P5H7L_Y_A_XNOR2X0P5H7L_Y_A_BUFX16H7L_A:A (BUFX16H7L)                                                 |        | 0.003       | 0.000      | 0.039      |             | 0.000  | 1.125f          |
| pc[7]_reg_p_D_OAOI211X1P4H7L_Y_A1_AOI21X0P5H7L_Y_A1_XOR2X0P5H7L_Y_A_XNOR2X0P5H7L_Y_A_XNOR2X0P5H7L_Y_A_BUFX16H7L_A:Y (BUFX16H7L)                                                 |        | 0.025       | 0.000      | 0.044      |             | 0.076  | 1.201f          |
| u_core.alu_result_25__AOA211X1P4H7L_Y_A1_XOR2X0P5H7L_Y_A_XOR2X1H7L_Y_B_XNOR2X0P5H7L_Y_A (net)                                                                                   | 24     |             |            |            | 0.000       |        |                 |
| u_core.alu_result_17__AOI31X0P5H7L_Y_A2_NAND2X0P5H7L_Y_B_XNOR2X0P5H7L_Y_A_XNOR2X1H7L_Y_A_XNOR2X3H7L_Y:A (XNOR2X3H7L)                                                            |        | 0.002       | 0.000      | 0.044      |             | 0.000  | 1.201f          |
| u_core.alu_result_17__AOI31X0P5H7L_Y_A2_NAND2X0P5H7L_Y_B_XNOR2X0P5H7L_Y_A_XNOR2X1H7L_Y_A_XNOR2X3H7L_Y:Y (XNOR2X3H7L)                                                            |        | 0.004       | 0.000      | 0.061      |             | 0.115  | 1.316f          |
| u_core.alu_result_17__AOI31X0P5H7L_Y_A2_NAND2X0P5H7L_Y_B_XNOR2X0P5H7L_Y_A_XNOR2X1H7L_Y_A (net)                                                                                  | 4      |             |            |            | 0.000       |        |                 |
| u_core.alu_result_19__AOA211X1P4H7L_Y_A1_XOR2X0P5H7L_Y_B_MUX2X0P5H7L_Y_S0_AOI21X1P4H7L_Y_A0_AOI21X1H7L_A0_Y_OAI211X1P4H7L_A0_B0_NAND3X1H7L_Y_C_AOI21X0P5H7L_Y:A0 (AOI21X0P5H7L) |        | 0.001       | 0.000      | 0.061      |             | 0.000  | 1.316f          |
| u_core.alu_result_19__AOA211X1P4H7L_Y_A1_XOR2X0P5H7L_Y_B_MUX2X0P5H7L_Y_S0_AOI21X1P4H7L_Y_A0_AOI21X1H7L_A0_Y_OAI211X1P4H7L_A0_B0_NAND3X1H7L_Y_C_AOI21X0P5H7L_Y:Y (AOI21X0P5H7L)  |        | 0.002       | 0.000      | 0.130      |             | 0.113  | 1.429r          |
| u_core.alu_result_19__AOA211X1P4H7L_Y_A1_XOR2X0P5H7L_Y_B_MUX2X0P5H7L_Y_S0_AOI21X1P4H7L_Y_A0_AOI21X1H7L_A0_Y_OAI211X1P4H7L_A0_B0_NAND3X1H7L_Y_C (net)                            | 2      |             |            |            | 0.000       |        |                 |
| u_core.alu_result_19__AOA211X1P4H7L_Y_A1_XOR2X0P5H7L_Y_B_MUX2X0P5H7L_Y_S0_AOI21X1P4H7L_Y_A0_AOI21X1H7L_A0_Y_OAI211X1P4H7L_A0_C0_AOAI211X0P7H7L_Y:A1 (AOAI211X0P7H7L)            |        | 0.001       | 0.000      | 0.130      |             | 0.000  | 1.429r          |
| u_core.alu_result_19__AOA211X1P4H7L_Y_A1_XOR2X0P5H7L_Y_B_MUX2X0P5H7L_Y_S0_AOI21X1P4H7L_Y_A0_AOI21X1H7L_A0_Y_OAI211X1P4H7L_A0_C0_AOAI211X0P7H7L_Y:Y (AOAI211X0P7H7L)             |        | 0.001       | 0.000      | 0.079      |             | 0.100  | 1.529f          |
| u_core.alu_result_19__AOA211X1P4H7L_Y_A1_XOR2X0P5H7L_Y_B_MUX2X0P5H7L_Y_S0_AOI21X1P4H7L_Y_A0_AOI21X1H7L_A0_Y_OAI211X1P4H7L_A0_C0 (net)                                           | 1      |             |            |            | 0.000       |        |                 |
| u_core.alu_result_19__AOA211X1P4H7L_Y_A1_XOR2X0P5H7L_Y_B_MUX2X0P5H7L_Y_S0_AOI21X1P4H7L_Y_A0_AOI21X1H7L_A0_Y_OAI211X1P4H7L_A0:C0 (OAI211X1P4H7L)                                 |        | 0.001       | 0.000      | 0.079      |             | 0.000  | 1.529f          |
| u_core.alu_result_19__AOA211X1P4H7L_Y_A1_XOR2X0P5H7L_Y_B_MUX2X0P5H7L_Y_S0_AOI21X1P4H7L_Y_A0_AOI21X1H7L_A0_Y_OAI211X1P4H7L_A0:Y (OAI211X1P4H7L)                                  |        | 0.002       | 0.000      | 0.139      |             | 0.065  | 1.595r          |
| u_core.alu_result_28__OAI31X0P5H7L_Y_A2_NOR3X0P5H7L_Y_B_AOA211X1H7L_B0_Y_NOR4X1H7L_B_A_OAOI211X1P4H7L_Y_A1 (net)                                                                | 3      |             |            |            | 0.000       |        |                 |
| u_core.alu_result_28__OAI31X0P5H7L_Y_A2_NOR3X0P5H7L_Y_B_AOA211X1H7L_B0_Y_NOR4X1H7L_B_A_OAOI211X1P4H7L_Y:A1 (OAOI211X1P4H7L)                                                     |        | 0.001       | 0.000      | 0.139      |             | 0.000  | 1.595r          |
| u_core.alu_result_28__OAI31X0P5H7L_Y_A2_NOR3X0P5H7L_Y_B_AOA211X1H7L_B0_Y_NOR4X1H7L_B_A_OAOI211X1P4H7L_Y:Y (OAOI211X1P4H7L)                                                      |        | 0.002       | 0.000      | 0.067      |             | 0.083  | 1.678f          |
| u_core.alu_result_28__OAI31X0P5H7L_Y_A2_NOR3X0P5H7L_Y_B_AOA211X1H7L_B0_Y_NOR4X1H7L_B_A (net)                                                                                    | 2      |             |            |            | 0.000       |        |                 |
| u_core.alu_result_28__OAI31X0P5H7L_Y_A2_NOR3X0P5H7L_Y_B_AOA211X1H7L_B0_Y_NOR3X1P4H7L_B:A (NOR3X1P4H7L)                                                                          |        | 0.001       | 0.000      | 0.067      |             | 0.000  | 1.678f          |
| u_core.alu_result_28__OAI31X0P5H7L_Y_A2_NOR3X0P5H7L_Y_B_AOA211X1H7L_B0_Y_NOR3X1P4H7L_B:Y (NOR3X1P4H7L)                                                                          |        | 0.004       | 0.000      | 0.261      |             | 0.187  | 1.865r          |
| u_core.alu_result_31__OAOI211X0P5H7L_Y_A1_XNOR2X0P5H7L_Y_A_AOI31X0P5H7L_Y_A1 (net)                                                                                              | 6      |             |            |            | 0.000       |        |                 |
| pc[0]_reg_p_D_AOA211X1P4H7L_Y_A0_AO221X0P7H7L_Y_A1_NOR2X0P5H7L_Y_B_MUXI2X0P7H7L_B_S0_NAND4X0P5H7L_A_Y_AOA211X2H7L_B0:A1 (AOA211X2H7L)                                           |        | 0.001       | 0.000      | 0.261      |             | 0.000  | 1.865r          |
| pc[0]_reg_p_D_AOA211X1P4H7L_Y_A0_AO221X0P7H7L_Y_A1_NOR2X0P5H7L_Y_B_MUXI2X0P7H7L_B_S0_NAND4X0P5H7L_A_Y_AOA211X2H7L_B0:Y (AOA211X2H7L)                                            |        | 0.002       | 0.000      | 0.056      |             | 0.177  | 2.042r          |
| u_core.alu_result_31__OAOI211X0P5H7L_Y_A1_NAND3X0P7H7L_C_B_OAI21X0P5H7L_Y_A1 (net)                                                                                              | 2      |             |            |            | 0.000       |        |                 |
| u_core.alu_result_31__OAOI211X0P5H7L_Y_A1_NAND3X0P7H7L_C_B_OAI21X0P5H7L_Y_A1_OAI211X2H7L_A1:A1 (OAI211X2H7L)                                                                    |        | 0.001       | 0.000      | 0.056      |             | 0.000  | 2.042r          |
| u_core.alu_result_31__OAOI211X0P5H7L_Y_A1_NAND3X0P7H7L_C_B_OAI21X0P5H7L_Y_A1_OAI211X2H7L_A1:Y (OAI211X2H7L)                                                                     |        | 0.003       | 0.000      | 0.105      |             | 0.089  | 2.130f          |
| u_core.alu_result_31__OAOI211X0P5H7L_Y_A1_OA221X4H7L_B0_B1_OR2X1P4H7L_Y_B (net)                                                                                                 | 4      |             |            |            | 0.000       |        |                 |
| halt_NAND3BBX0P5H7L_BN_Y_AOI211X0P5H7L_B0_Y_INVX0P5H7L_A_Y_AOAI211X1P4H7L_C0:A0 (AOAI211X1P4H7L)                                                                                |        | 0.001       | 0.000      | 0.105      |             | 0.000  | 2.130f          |
| halt_NAND3BBX0P5H7L_BN_Y_AOI211X0P5H7L_B0_Y_INVX0P5H7L_A_Y_AOAI211X1P4H7L_C0:Y (AOAI211X1P4H7L)                                                                                 |        | 0.004       | 0.000      | 0.180      |             | 0.151  | 2.281r          |
| u_core.alu_out_17__NAND2X0P5H7L_A_Y_OA221X0P5H7L_C0_B0_NAND2X0P5H7L_Y_B (net)                                                                                                   | 5      |             |            |            | 0.000       |        |                 |
| u_core.alu_out_17__NAND2X0P5H7L_A_Y_OA221X0P5H7L_C0_A1_NAND2X1P4H7L_Y:B (NAND2X1P4H7L)                                                                                          |        | 0.001       | 0.000      | 0.180      |             | 0.000  | 2.281r          |
| u_core.alu_out_17__NAND2X0P5H7L_A_Y_OA221X0P5H7L_C0_A1_NAND2X1P4H7L_Y:Y (NAND2X1P4H7L)                                                                                          |        | 0.003       | 0.000      | 0.104      |             | 0.096  | 2.378f          |
| u_core.alu_out_17__NAND2X0P5H7L_A_Y_OA221X0P5H7L_C0_A1 (net)                                                                                                                    | 4      |             |            |            | 0.000       |        |                 |
| u_core.alu_out_17__NAND2X0P5H7L_A_Y_OA221X0P5H7L_C0_A1_BUFX3P5H7L_A:A (BUFX3P5H7L)                                                                                              |        | 0.001       | 0.000      | 0.104      |             | 0.000  | 2.378f          |
| u_core.alu_out_17__NAND2X0P5H7L_A_Y_OA221X0P5H7L_C0_A1_BUFX3P5H7L_A:Y (BUFX3P5H7L)                                                                                              |        | 0.018       | 0.000      | 0.105      |             | 0.139  | 2.516f          |
| u_core.alu_out_6__AOI2BB2X0P5H7L_B0_A1N (net)                                                                                                                                   | 24     |             |            |            | 0.000       |        |                 |
| u_core.alu_out_2__AOI21X0P5H7L_A0_Y_OAI221X0P5H7L_C0:A1 (OAI221X0P5H7L)                                                                                                         |        | 0.001       | 0.000      | 0.105      |             | 0.000  | 2.516f          |
| u_core.alu_out_2__AOI21X0P5H7L_A0_Y_OAI221X0P5H7L_C0:Y (OAI221X0P5H7L)                                                                                                          |        | 0.023       | 0.000      | 1.369      |             | 0.811  | 3.328r          |
| u_core.u_regfile.w_data_2_ (net)                                                                                                                                                | 31     |             |            |            | 0.000       |        |                 |
| u_core.u_regfile.rf[5]_2__reg_p:D (DFFQX1H7L)                                                                                                                                   |        | 0.001       | 0.000      | 1.369      |             | 0.000  | 3.328r          |
|                                                                                                                                                                                 |        |             |            |            |             |        |                 |
| clk (port)                                                                                                                                                                      |        | 0.223       | 0.000      | 0.000      |             | 0.000  | 0.000r          |
| clk (clock net)                                                                                                                                                                 | 275    |             |            |            | NA          |        |                 |
| halt_NAND3BBX0P5H7L_BN_C_OAI21X0P5H7L_B0_Y_OAI21X0P5H7L_A0_Y_INVX0P5H7L_A_Y_NAND2X0P5H7L_B_Y_OR2X1P4H7L_B_Y_NOR2X0P5H7L_B_2_Y_ICGX0P5H7L_E:CK (ICGX0P5H7L)                      |        | 0.002       | 0.000      | 0.000      |             | 0.000  | 0.000r          |
| halt_NAND3BBX0P5H7L_BN_C_OAI21X0P5H7L_B0_Y_OAI21X0P5H7L_A0_Y_INVX0P5H7L_A_Y_NAND2X0P5H7L_B_Y_OR2X1P4H7L_B_Y_NOR2X0P5H7L_B_2_Y_ICGX0P5H7L_E:ECK (ICGX0P5H7L)                     |        | 0.022       | 0.000      | 0.000      |             | 0.000  | 0.000r          |
| u_core.u_regfile.rf[5]_0__reg_p_CK (clock net)                                                                                                                                  | 32     |             |            |            | NA          |        |                 |
| u_core.u_regfile.rf[5]_2__reg_p:CK (DFFQX1H7L)                                                                                                                                  |        | 0.001       | 0.000      | 0.000      |             | 0.000  | 0.000r          |
| clock core_clock (rise edge)                                                                                                                                                    |        |             |            |            |             | 2      | 2               |
| clock network delay (ideal)                                                                                                                                                     |        |             |            |            |             | 0.000  | 2.000           |
| u_core.u_regfile.rf[5]_2__reg_p:CK (DFFQX1H7L)                                                                                                                                  |        |             |            |            |             |        | 2.000r          |
| library setup time                                                                                                                                                              |        |             |            |            |             | -0.183 | 1.817           |
| clock reconvergence pessimism                                                                                                                                                   |        |             |            |            |             | 0.000  | 1.817           |
|                                                                                                                                                                                 |        |             |            |            |             |        |                 |
| path cell delay                                                                                                                                                                 |        |             |            |            |             |        | 3.328(100.000%) |
| path net delay                                                                                                                                                                  |        |             |            |            |             |        | 0.000(0.000%)   |
|                                                                                                                                                                                 |        |             |            |            |             |        |                 |
| data require time                                                                                                                                                               |        |             |            |            |             |        | 1.817           |
| data arrival time                                                                                                                                                               |        |             |            |            |             |        | 3.328           |
| slack (VIOLATED)                                                                                                                                                                |        |             |            |            |             |        | -1.510          |
+---------------------------------------------------------------------------------------------------------------------------------------------------------------------------------+--------+-------------+------------+------------+-------------+--------+-----------------+
+-------------------------------------------------------------------------------------------------------------------------------------------------------------------------------------------------------------------------------+--------+-------------+------------+------------+-------------+--------+-----------------+
| Point                                                                                                                                                                                                                         | Fanout | Capacitance | Resistance | Transition | Delta Delay | Incr   | Path            |
+-------------------------------------------------------------------------------------------------------------------------------------------------------------------------------------------------------------------------------+--------+-------------+------------+------------+-------------+--------+-----------------+
| clk (port)                                                                                                                                                                                                                    |        | 0.307       | 0.000      | 0.000      |             | 0.000  | 0.000r          |
| clk (clock net)                                                                                                                                                                                                               | 275    |             |            |            | NA          |        |                 |
| u_core.ctrl_ir_we_ICGX0P5H7L_E:CK (ICGX0P5H7L)                                                                                                                                                                                |        | 0.002       | 0.000      | 0.000      |             | 0.000  | 0.000r          |
| u_core.ctrl_ir_we_ICGX0P5H7L_E:ECK (ICGX0P5H7L)                                                                                                                                                                               |        | 0.057       | 0.000      | 0.000      |             | 0.000  | 0.000r          |
| ir_dbg[0]_reg_p_CK (clock net)                                                                                                                                                                                                | 64     |             |            |            | NA          |        |                 |
| ir_dbg[5]_reg_p:CK (DFFQX1H7L)                                                                                                                                                                                                |        | 0.001       | 0.000      | 0.000      |             | 0.000  | 0.000r          |
| clock core_clock (rise edge)                                                                                                                                                                                                  |        |             |            |            |             | 0      | 0               |
| clock network delay (ideal)                                                                                                                                                                                                   |        |             |            |            |             | 0.000  | 0.000           |
| ir_dbg[5]_reg_p:CK (DFFQX1H7L)                                                                                                                                                                                                |        | 0.001       | 0.000      | 0.000      |             | 0.000  | 0.000r          |
| ir_dbg[5]_reg_p:Q (DFFQX1H7L)                                                                                                                                                                                                 |        | 0.001       | 0.000      | 0.040      |             | 0.143  | 0.143r          |
| ir_dbg_5_ (net)                                                                                                                                                                                                               | 2      |             |            |            | 0.000       |        |                 |
| halt_NAND3BBX0P5H7L_BN_Y_AO211X1P4H7L_A0_A1_AO211X1H7L_Y_B0_NOR4X0P7H7L_Y_A_BUFX5H7L_Y:A (BUFX5H7L)                                                                                                                           |        | 0.001       | 0.000      | 0.040      |             | 0.000  | 0.143r          |
| halt_NAND3BBX0P5H7L_BN_Y_AO211X1P4H7L_A0_A1_AO211X1H7L_Y_B0_NOR4X0P7H7L_Y_A_BUFX5H7L_Y:Y (BUFX5H7L)                                                                                                                           |        | 0.011       | 0.000      | 0.078      |             | 0.086  | 0.230r          |
| halt_NAND3BBX0P5H7L_BN_Y_AO211X1P4H7L_A0_A1_AO211X1H7L_Y_B0_NOR4X0P7H7L_Y_A (net)                                                                                                                                             | 14     |             |            |            | 0.000       |        |                 |
| halt_NAND3BBX0P5H7L_BN_Y_AOI211X0P5H7L_B0_Y_NAND4X0P5H7L_C_A_NAND4X1P4H7L_Y_A_NOR4X0P5H7L_Y_C_NAND3X1P4H7L_Y:A (NAND3X1P4H7L)                                                                                                 |        | 0.001       | 0.000      | 0.078      |             | 0.000  | 0.230r          |
| halt_NAND3BBX0P5H7L_BN_Y_AOI211X0P5H7L_B0_Y_NAND4X0P5H7L_C_A_NAND4X1P4H7L_Y_A_NOR4X0P5H7L_Y_C_NAND3X1P4H7L_Y:Y (NAND3X1P4H7L)                                                                                                 |        | 0.007       | 0.000      | 0.241      |             | 0.172  | 0.401f          |
| halt_NAND3BBX0P5H7L_BN_Y_AOI211X0P5H7L_B0_Y_NAND4X0P5H7L_C_A_NAND4X1P4H7L_Y_A_NOR4X0P5H7L_Y_C (net)                                                                                                                           | 6      |             |            |            | 0.000       |        |                 |
| u_core.alu_out_19__AOI22X0P5H7L_A0_B1_AOAI211X0P5H7L_Y_B0_NAND2BX0P5H7L_B_AN_NOR4X3H7L_D:C (NOR4X3H7L)                                                                                                                        |        | 0.002       | 0.000      | 0.241      |             | 0.000  | 0.401f          |
| u_core.alu_out_19__AOI22X0P5H7L_A0_B1_AOAI211X0P5H7L_Y_B0_NAND2BX0P5H7L_B_AN_NOR4X3H7L_D:Y (NOR4X3H7L)                                                                                                                        |        | 0.005       | 0.000      | 0.290      |             | 0.257  | 0.658r          |
| halt_NAND3BBX0P5H7L_BN_Y_AO211X1P4H7L_A0_C0_AOI2XB1X0P5H7L_Y_B0_NAND2X0P5H7L_Y_A_NAND4X1P4H7L_Y_A (net)                                                                                                                       | 6      |             |            |            | 0.000       |        |                 |
| u_core.u_regfile.rf[2]_2__MUX4X1P4H7L_A_Y_NOR3X0P5H7L_C_Y_NOR3X0P5H7L_B_A_AND4X1P4H7L_C:A (AND4X1P4H7L)                                                                                                                       |        | 0.001       | 0.000      | 0.290      |             | 0.000  | 0.658r          |
| u_core.u_regfile.rf[2]_2__MUX4X1P4H7L_A_Y_NOR3X0P5H7L_C_Y_NOR3X0P5H7L_B_A_AND4X1P4H7L_C:Y (AND4X1P4H7L)                                                                                                                       |        | 0.001       | 0.000      | 0.063      |             | 0.182  | 0.840r          |
| u_core.u_regfile.rf[2]_2__MUX4X1P4H7L_A_Y_NOR3X0P5H7L_C_Y_NOR3X0P5H7L_B_A_AND4X1P4H7L_C_Y (net)                                                                                                                               | 1      |             |            |            | 0.000       |        |                 |
| u_core.u_regfile.rf[2]_2__MUX4X1P4H7L_A_Y_NOR3X0P5H7L_C_Y_NOR3X0P5H7L_B_A_AND4X1P4H7L_C_Y_BUFX5H7L_A:A (BUFX5H7L)                                                                                                             |        | 0.001       | 0.000      | 0.063      |             | 0.000  | 0.840r          |
| u_core.u_regfile.rf[2]_2__MUX4X1P4H7L_A_Y_NOR3X0P5H7L_C_Y_NOR3X0P5H7L_B_A_AND4X1P4H7L_C_Y_BUFX5H7L_A:Y (BUFX5H7L)                                                                                                             |        | 0.007       | 0.000      | 0.051      |             | 0.079  | 0.919r          |
| u_core.csr_mtvec_5__NOR2BX1H7L_AN_B_NOR2X1P4H7L_Y_B (net)                                                                                                                                                                     | 8      |             |            |            | 0.000       |        |                 |
| halt_NAND3BBX0P5H7L_BN_Y_AOI211X0P5H7L_B0_C0_OAI211X0P7H7L_Y_B0_NAND3X0P5H7L_Y_B_OAI21X1P4H7L_B0_Y_OA31X3H7L_A2:A1 (OA31X3H7L)                                                                                                |        | 0.001       | 0.000      | 0.051      |             | 0.000  | 0.919r          |
| halt_NAND3BBX0P5H7L_BN_Y_AOI211X0P5H7L_B0_C0_OAI211X0P7H7L_Y_B0_NAND3X0P5H7L_Y_B_OAI21X1P4H7L_B0_Y_OA31X3H7L_A2:Y (OA31X3H7L)                                                                                                 |        | 0.003       | 0.000      | 0.053      |             | 0.106  | 1.025r          |
| halt_NAND3BBX0P5H7L_BN_Y_AOI211X0P5H7L_B0_C0_OAI211X0P7H7L_Y_B0_NAND3X0P5H7L_Y_B_OAI21X1P4H7L_B0_Y_OA31X3H7L_A2_Y (net)                                                                                                       | 1      |             |            |            | 0.000       |        |                 |
| halt_NAND3BBX0P5H7L_BN_Y_AOI211X0P5H7L_B0_C0_OAI211X0P7H7L_Y_B0_NAND3X0P5H7L_Y_B_OAI21X1P4H7L_B0_Y_OA31X3H7L_A2_Y_BUFX16H7L_A:A (BUFX16H7L)                                                                                   |        | 0.003       | 0.000      | 0.053      |             | 0.000  | 1.025r          |
| halt_NAND3BBX0P5H7L_BN_Y_AOI211X0P5H7L_B0_C0_OAI211X0P7H7L_Y_B0_NAND3X0P5H7L_Y_B_OAI21X1P4H7L_B0_Y_OA31X3H7L_A2_Y_BUFX16H7L_A:Y (BUFX16H7L)                                                                                   |        | 0.015       | 0.000      | 0.040      |             | 0.067  | 1.092r          |
| u_core.alu_result_9__OAOI211X0P5H7L_Y_A0 (net)                                                                                                                                                                                | 17     |             |            |            | 0.000       |        |                 |
| pc[7]_reg_p_D_OAOI211X1P4H7L_Y_A1_AOI21X0P5H7L_Y_A1_XOR2X0P5H7L_Y_A_XNOR2X0P5H7L_Y_A_XNOR2X0P5H7L_Y_A_NOR2X6H7L_Y:A (NOR2X6H7L)                                                                                               |        | 0.003       | 0.000      | 0.040      |             | 0.000  | 1.092r          |
| pc[7]_reg_p_D_OAOI211X1P4H7L_Y_A1_AOI21X0P5H7L_Y_A1_XOR2X0P5H7L_Y_A_XNOR2X0P5H7L_Y_A_XNOR2X0P5H7L_Y_A_NOR2X6H7L_Y:Y (NOR2X6H7L)                                                                                               |        | 0.007       | 0.000      | 0.039      |             | 0.034  | 1.125f          |
| pc[7]_reg_p_D_OAOI211X1P4H7L_Y_A1_AOI21X0P5H7L_Y_A1_XOR2X0P5H7L_Y_A_XNOR2X0P5H7L_Y_A_XNOR2X0P5H7L_Y_A (net)                                                                                                                   | 5      |             |            |            | 0.000       |        |                 |
| pc[7]_reg_p_D_OAOI211X1P4H7L_Y_A1_AOI21X0P5H7L_Y_A1_XOR2X0P5H7L_Y_A_XNOR2X0P5H7L_Y_A_XNOR2X0P5H7L_Y_A_BUFX16H7L_A:A (BUFX16H7L)                                                                                               |        | 0.003       | 0.000      | 0.039      |             | 0.000  | 1.125f          |
| pc[7]_reg_p_D_OAOI211X1P4H7L_Y_A1_AOI21X0P5H7L_Y_A1_XOR2X0P5H7L_Y_A_XNOR2X0P5H7L_Y_A_XNOR2X0P5H7L_Y_A_BUFX16H7L_A:Y (BUFX16H7L)                                                                                               |        | 0.025       | 0.000      | 0.044      |             | 0.076  | 1.201f          |
| u_core.alu_result_25__AOA211X1P4H7L_Y_A1_XOR2X0P5H7L_Y_A_XOR2X1H7L_Y_B_XNOR2X0P5H7L_Y_A (net)                                                                                                                                 | 24     |             |            |            | 0.000       |        |                 |
| u_core.alu_result_17__AOI31X0P5H7L_Y_A2_NAND2X0P5H7L_Y_B_XNOR2X0P5H7L_Y_A_XNOR2X1H7L_Y_A_XNOR2X3H7L_Y:A (XNOR2X3H7L)                                                                                                          |        | 0.002       | 0.000      | 0.044      |             | 0.000  | 1.201f          |
| u_core.alu_result_17__AOI31X0P5H7L_Y_A2_NAND2X0P5H7L_Y_B_XNOR2X0P5H7L_Y_A_XNOR2X1H7L_Y_A_XNOR2X3H7L_Y:Y (XNOR2X3H7L)                                                                                                          |        | 0.004       | 0.000      | 0.061      |             | 0.115  | 1.316f          |
| u_core.alu_result_17__AOI31X0P5H7L_Y_A2_NAND2X0P5H7L_Y_B_XNOR2X0P5H7L_Y_A_XNOR2X1H7L_Y_A (net)                                                                                                                                | 4      |             |            |            | 0.000       |        |                 |
| u_core.alu_result_19__AOA211X1P4H7L_Y_A1_XOR2X0P5H7L_Y_B_MUX2X0P5H7L_Y_S0_AOI21X1P4H7L_Y_A0_AOI21X1H7L_A0_Y_OAI211X1P4H7L_A0_B0_NAND3X1H7L_Y_C_AOI21X0P5H7L_Y:A0 (AOI21X0P5H7L)                                               |        | 0.001       | 0.000      | 0.061      |             | 0.000  | 1.316f          |
| u_core.alu_result_19__AOA211X1P4H7L_Y_A1_XOR2X0P5H7L_Y_B_MUX2X0P5H7L_Y_S0_AOI21X1P4H7L_Y_A0_AOI21X1H7L_A0_Y_OAI211X1P4H7L_A0_B0_NAND3X1H7L_Y_C_AOI21X0P5H7L_Y:Y (AOI21X0P5H7L)                                                |        | 0.002       | 0.000      | 0.130      |             | 0.113  | 1.429r          |
| u_core.alu_result_19__AOA211X1P4H7L_Y_A1_XOR2X0P5H7L_Y_B_MUX2X0P5H7L_Y_S0_AOI21X1P4H7L_Y_A0_AOI21X1H7L_A0_Y_OAI211X1P4H7L_A0_B0_NAND3X1H7L_Y_C (net)                                                                          | 2      |             |            |            | 0.000       |        |                 |
| u_core.alu_result_19__AOA211X1P4H7L_Y_A1_XOR2X0P5H7L_Y_B_MUX2X0P5H7L_Y_S0_AOI21X1P4H7L_Y_A0_AOI21X1H7L_A0_Y_OAI211X1P4H7L_A0_C0_AOAI211X0P7H7L_Y:A1 (AOAI211X0P7H7L)                                                          |        | 0.001       | 0.000      | 0.130      |             | 0.000  | 1.429r          |
| u_core.alu_result_19__AOA211X1P4H7L_Y_A1_XOR2X0P5H7L_Y_B_MUX2X0P5H7L_Y_S0_AOI21X1P4H7L_Y_A0_AOI21X1H7L_A0_Y_OAI211X1P4H7L_A0_C0_AOAI211X0P7H7L_Y:Y (AOAI211X0P7H7L)                                                           |        | 0.001       | 0.000      | 0.079      |             | 0.100  | 1.529f          |
| u_core.alu_result_19__AOA211X1P4H7L_Y_A1_XOR2X0P5H7L_Y_B_MUX2X0P5H7L_Y_S0_AOI21X1P4H7L_Y_A0_AOI21X1H7L_A0_Y_OAI211X1P4H7L_A0_C0 (net)                                                                                         | 1      |             |            |            | 0.000       |        |                 |
| u_core.alu_result_19__AOA211X1P4H7L_Y_A1_XOR2X0P5H7L_Y_B_MUX2X0P5H7L_Y_S0_AOI21X1P4H7L_Y_A0_AOI21X1H7L_A0_Y_OAI211X1P4H7L_A0:C0 (OAI211X1P4H7L)                                                                               |        | 0.001       | 0.000      | 0.079      |             | 0.000  | 1.529f          |
| u_core.alu_result_19__AOA211X1P4H7L_Y_A1_XOR2X0P5H7L_Y_B_MUX2X0P5H7L_Y_S0_AOI21X1P4H7L_Y_A0_AOI21X1H7L_A0_Y_OAI211X1P4H7L_A0:Y (OAI211X1P4H7L)                                                                                |        | 0.002       | 0.000      | 0.139      |             | 0.065  | 1.595r          |
| u_core.alu_result_28__OAI31X0P5H7L_Y_A2_NOR3X0P5H7L_Y_B_AOA211X1H7L_B0_Y_NOR4X1H7L_B_A_OAOI211X1P4H7L_Y_A1 (net)                                                                                                              | 3      |             |            |            | 0.000       |        |                 |
| u_core.alu_result_28__OAI31X0P5H7L_Y_A2_NOR3X0P5H7L_Y_B_AOA211X1H7L_B0_Y_NOR4X1H7L_B_A_OAOI211X1P4H7L_Y:A1 (OAOI211X1P4H7L)                                                                                                   |        | 0.001       | 0.000      | 0.139      |             | 0.000  | 1.595r          |
| u_core.alu_result_28__OAI31X0P5H7L_Y_A2_NOR3X0P5H7L_Y_B_AOA211X1H7L_B0_Y_NOR4X1H7L_B_A_OAOI211X1P4H7L_Y:Y (OAOI211X1P4H7L)                                                                                                    |        | 0.002       | 0.000      | 0.067      |             | 0.083  | 1.678f          |
| u_core.alu_result_28__OAI31X0P5H7L_Y_A2_NOR3X0P5H7L_Y_B_AOA211X1H7L_B0_Y_NOR4X1H7L_B_A (net)                                                                                                                                  | 2      |             |            |            | 0.000       |        |                 |
| u_core.alu_result_28__OAI31X0P5H7L_Y_A2_NOR3X0P5H7L_Y_B_AOA211X1H7L_B0_Y_NOR3X1P4H7L_B:A (NOR3X1P4H7L)                                                                                                                        |        | 0.001       | 0.000      | 0.067      |             | 0.000  | 1.678f          |
| u_core.alu_result_28__OAI31X0P5H7L_Y_A2_NOR3X0P5H7L_Y_B_AOA211X1H7L_B0_Y_NOR3X1P4H7L_B:Y (NOR3X1P4H7L)                                                                                                                        |        | 0.004       | 0.000      | 0.261      |             | 0.187  | 1.865r          |
| u_core.alu_result_31__OAOI211X0P5H7L_Y_A1_XNOR2X0P5H7L_Y_A_AOI31X0P5H7L_Y_A1 (net)                                                                                                                                            | 6      |             |            |            | 0.000       |        |                 |
| pc[0]_reg_p_D_AOA211X1P4H7L_Y_A0_AO221X0P7H7L_Y_A1_NOR2X0P5H7L_Y_B_MUXI2X0P7H7L_B_S0_NAND4X0P5H7L_A_Y_AOA211X2H7L_B0:A1 (AOA211X2H7L)                                                                                         |        | 0.001       | 0.000      | 0.261      |             | 0.000  | 1.865r          |
| pc[0]_reg_p_D_AOA211X1P4H7L_Y_A0_AO221X0P7H7L_Y_A1_NOR2X0P5H7L_Y_B_MUXI2X0P7H7L_B_S0_NAND4X0P5H7L_A_Y_AOA211X2H7L_B0:Y (AOA211X2H7L)                                                                                          |        | 0.002       | 0.000      | 0.056      |             | 0.177  | 2.042r          |
| u_core.alu_result_31__OAOI211X0P5H7L_Y_A1_NAND3X0P7H7L_C_B_OAI21X0P5H7L_Y_A1 (net)                                                                                                                                            | 2      |             |            |            | 0.000       |        |                 |
| u_core.alu_result_31__OAOI211X0P5H7L_Y_A1_NAND3X0P7H7L_C_B_OAI21X0P5H7L_Y_A1_OAI211X2H7L_A1:A1 (OAI211X2H7L)                                                                                                                  |        | 0.001       | 0.000      | 0.056      |             | 0.000  | 2.042r          |
| u_core.alu_result_31__OAOI211X0P5H7L_Y_A1_NAND3X0P7H7L_C_B_OAI21X0P5H7L_Y_A1_OAI211X2H7L_A1:Y (OAI211X2H7L)                                                                                                                   |        | 0.003       | 0.000      | 0.105      |             | 0.089  | 2.130f          |
| u_core.alu_result_31__OAOI211X0P5H7L_Y_A1_OA221X4H7L_B0_B1_OR2X1P4H7L_Y_B (net)                                                                                                                                               | 4      |             |            |            | 0.000       |        |                 |
| halt_NAND3BBX0P5H7L_BN_Y_AOI211X0P5H7L_B0_Y_INVX0P5H7L_A_Y_AOAI211X1P4H7L_C0:A0 (AOAI211X1P4H7L)                                                                                                                              |        | 0.001       | 0.000      | 0.105      |             | 0.000  | 2.130f          |
| halt_NAND3BBX0P5H7L_BN_Y_AOI211X0P5H7L_B0_Y_INVX0P5H7L_A_Y_AOAI211X1P4H7L_C0:Y (AOAI211X1P4H7L)                                                                                                                               |        | 0.004       | 0.000      | 0.180      |             | 0.151  | 2.281r          |
| u_core.alu_out_17__NAND2X0P5H7L_A_Y_OA221X0P5H7L_C0_B0_NAND2X0P5H7L_Y_B (net)                                                                                                                                                 | 5      |             |            |            | 0.000       |        |                 |
| u_core.alu_out_17__NAND2X0P5H7L_A_Y_OA221X0P5H7L_C0_A1_NAND2X1P4H7L_Y:B (NAND2X1P4H7L)                                                                                                                                        |        | 0.001       | 0.000      | 0.180      |             | 0.000  | 2.281r          |
| u_core.alu_out_17__NAND2X0P5H7L_A_Y_OA221X0P5H7L_C0_A1_NAND2X1P4H7L_Y:Y (NAND2X1P4H7L)                                                                                                                                        |        | 0.003       | 0.000      | 0.104      |             | 0.096  | 2.378f          |
| u_core.alu_out_17__NAND2X0P5H7L_A_Y_OA221X0P5H7L_C0_A1 (net)                                                                                                                                                                  | 4      |             |            |            | 0.000       |        |                 |
| u_core.alu_out_17__NAND2X0P5H7L_A_Y_OA221X0P5H7L_C0_A1_BUFX3P5H7L_A:A (BUFX3P5H7L)                                                                                                                                            |        | 0.001       | 0.000      | 0.104      |             | 0.000  | 2.378f          |
| u_core.alu_out_17__NAND2X0P5H7L_A_Y_OA221X0P5H7L_C0_A1_BUFX3P5H7L_A:Y (BUFX3P5H7L)                                                                                                                                            |        | 0.018       | 0.000      | 0.105      |             | 0.139  | 2.516f          |
| u_core.alu_out_6__AOI2BB2X0P5H7L_B0_A1N (net)                                                                                                                                                                                 | 24     |             |            |            | 0.000       |        |                 |
| u_core.alu_out_2__AOI21X0P5H7L_A0_Y_OAI221X0P5H7L_C0:A1 (OAI221X0P5H7L)                                                                                                                                                       |        | 0.001       | 0.000      | 0.105      |             | 0.000  | 2.516f          |
| u_core.alu_out_2__AOI21X0P5H7L_A0_Y_OAI221X0P5H7L_C0:Y (OAI221X0P5H7L)                                                                                                                                                        |        | 0.023       | 0.000      | 1.369      |             | 0.811  | 3.328r          |
| u_core.u_regfile.w_data_2_ (net)                                                                                                                                                                                              | 31     |             |            |            | 0.000       |        |                 |
| u_core.u_regfile.rf[27]_2__reg_p:D (DFFQX1H7L)                                                                                                                                                                                |        | 0.001       | 0.000      | 1.369      |             | 0.000  | 3.328r          |
|                                                                                                                                                                                                                               |        |             |            |            |             |        |                 |
| clk (port)                                                                                                                                                                                                                    |        | 0.223       | 0.000      | 0.000      |             | 0.000  | 0.000r          |
| clk (clock net)                                                                                                                                                                                                               | 275    |             |            |            | NA          |        |                 |
| u_core.u_regfile.rf[4]_4__MUX4X1H7L_A_Y_AO22X0P7H7L_A0_Y_NOR4X1P4H7L_C_Y_OAI221X1P4H7L_B1_A1_NAND2X0P5H7L_Y_B_AOA211X1H7L_C0_B0_NOR2X0P5H7L_Y_A_NAND2X0P5H7L_A_Y_OR2X1P4H7L_A_Y_NOR2X0P5H7L_B_Y_ICGX0P5H7L_E:CK (ICGX0P5H7L)  |        | 0.002       | 0.000      | 0.000      |             | 0.000  | 0.000r          |
| u_core.u_regfile.rf[4]_4__MUX4X1H7L_A_Y_AO22X0P7H7L_A0_Y_NOR4X1P4H7L_C_Y_OAI221X1P4H7L_B1_A1_NAND2X0P5H7L_Y_B_AOA211X1H7L_C0_B0_NOR2X0P5H7L_Y_A_NAND2X0P5H7L_A_Y_OR2X1P4H7L_A_Y_NOR2X0P5H7L_B_Y_ICGX0P5H7L_E:ECK (ICGX0P5H7L) |        | 0.022       | 0.000      | 0.000      |             | 0.000  | 0.000r          |
| u_core.u_regfile.rf[27]_0__reg_p_CK (clock net)                                                                                                                                                                               | 32     |             |            |            | NA          |        |                 |
| u_core.u_regfile.rf[27]_2__reg_p:CK (DFFQX1H7L)                                                                                                                                                                               |        | 0.001       | 0.000      | 0.000      |             | 0.000  | 0.000r          |
| clock core_clock (rise edge)                                                                                                                                                                                                  |        |             |            |            |             | 2      | 2               |
| clock network delay (ideal)                                                                                                                                                                                                   |        |             |            |            |             | 0.000  | 2.000           |
| u_core.u_regfile.rf[27]_2__reg_p:CK (DFFQX1H7L)                                                                                                                                                                               |        |             |            |            |             |        | 2.000r          |
| library setup time                                                                                                                                                                                                            |        |             |            |            |             | -0.183 | 1.817           |
| clock reconvergence pessimism                                                                                                                                                                                                 |        |             |            |            |             | 0.000  | 1.817           |
|                                                                                                                                                                                                                               |        |             |            |            |             |        |                 |
| path cell delay                                                                                                                                                                                                               |        |             |            |            |             |        | 3.328(100.000%) |
| path net delay                                                                                                                                                                                                                |        |             |            |            |             |        | 0.000(0.000%)   |
|                                                                                                                                                                                                                               |        |             |            |            |             |        |                 |
| data require time                                                                                                                                                                                                             |        |             |            |            |             |        | 1.817           |
| data arrival time                                                                                                                                                                                                             |        |             |            |            |             |        | 3.328           |
| slack (VIOLATED)                                                                                                                                                                                                              |        |             |            |            |             |        | -1.510          |
+-------------------------------------------------------------------------------------------------------------------------------------------------------------------------------------------------------------------------------+--------+-------------+------------+------------+-------------+--------+-----------------+
+---------------------------------------------------------------------------------------------------------------------------------------------------------------------------------+--------+-------------+------------+------------+-------------+--------+-----------------+
| Point                                                                                                                                                                           | Fanout | Capacitance | Resistance | Transition | Delta Delay | Incr   | Path            |
+---------------------------------------------------------------------------------------------------------------------------------------------------------------------------------+--------+-------------+------------+------------+-------------+--------+-----------------+
| clk (port)                                                                                                                                                                      |        | 0.307       | 0.000      | 0.000      |             | 0.000  | 0.000r          |
| clk (clock net)                                                                                                                                                                 | 275    |             |            |            | NA          |        |                 |
| u_core.ctrl_ir_we_ICGX0P5H7L_E:CK (ICGX0P5H7L)                                                                                                                                  |        | 0.002       | 0.000      | 0.000      |             | 0.000  | 0.000r          |
| u_core.ctrl_ir_we_ICGX0P5H7L_E:ECK (ICGX0P5H7L)                                                                                                                                 |        | 0.057       | 0.000      | 0.000      |             | 0.000  | 0.000r          |
| ir_dbg[0]_reg_p_CK (clock net)                                                                                                                                                  | 64     |             |            |            | NA          |        |                 |
| ir_dbg[5]_reg_p:CK (DFFQX1H7L)                                                                                                                                                  |        | 0.001       | 0.000      | 0.000      |             | 0.000  | 0.000r          |
| clock core_clock (rise edge)                                                                                                                                                    |        |             |            |            |             | 0      | 0               |
| clock network delay (ideal)                                                                                                                                                     |        |             |            |            |             | 0.000  | 0.000           |
| ir_dbg[5]_reg_p:CK (DFFQX1H7L)                                                                                                                                                  |        | 0.001       | 0.000      | 0.000      |             | 0.000  | 0.000r          |
| ir_dbg[5]_reg_p:Q (DFFQX1H7L)                                                                                                                                                   |        | 0.001       | 0.000      | 0.040      |             | 0.143  | 0.143r          |
| ir_dbg_5_ (net)                                                                                                                                                                 | 2      |             |            |            | 0.000       |        |                 |
| halt_NAND3BBX0P5H7L_BN_Y_AO211X1P4H7L_A0_A1_AO211X1H7L_Y_B0_NOR4X0P7H7L_Y_A_BUFX5H7L_Y:A (BUFX5H7L)                                                                             |        | 0.001       | 0.000      | 0.040      |             | 0.000  | 0.143r          |
| halt_NAND3BBX0P5H7L_BN_Y_AO211X1P4H7L_A0_A1_AO211X1H7L_Y_B0_NOR4X0P7H7L_Y_A_BUFX5H7L_Y:Y (BUFX5H7L)                                                                             |        | 0.011       | 0.000      | 0.078      |             | 0.086  | 0.230r          |
| halt_NAND3BBX0P5H7L_BN_Y_AO211X1P4H7L_A0_A1_AO211X1H7L_Y_B0_NOR4X0P7H7L_Y_A (net)                                                                                               | 14     |             |            |            | 0.000       |        |                 |
| halt_NAND3BBX0P5H7L_BN_Y_AOI211X0P5H7L_B0_Y_NAND4X0P5H7L_C_A_NAND4X1P4H7L_Y_A_NOR4X0P5H7L_Y_C_NAND3X1P4H7L_Y:A (NAND3X1P4H7L)                                                   |        | 0.001       | 0.000      | 0.078      |             | 0.000  | 0.230r          |
| halt_NAND3BBX0P5H7L_BN_Y_AOI211X0P5H7L_B0_Y_NAND4X0P5H7L_C_A_NAND4X1P4H7L_Y_A_NOR4X0P5H7L_Y_C_NAND3X1P4H7L_Y:Y (NAND3X1P4H7L)                                                   |        | 0.007       | 0.000      | 0.241      |             | 0.172  | 0.401f          |
| halt_NAND3BBX0P5H7L_BN_Y_AOI211X0P5H7L_B0_Y_NAND4X0P5H7L_C_A_NAND4X1P4H7L_Y_A_NOR4X0P5H7L_Y_C (net)                                                                             | 6      |             |            |            | 0.000       |        |                 |
| u_core.alu_out_19__AOI22X0P5H7L_A0_B1_AOAI211X0P5H7L_Y_B0_NAND2BX0P5H7L_B_AN_NOR4X3H7L_D:C (NOR4X3H7L)                                                                          |        | 0.002       | 0.000      | 0.241      |             | 0.000  | 0.401f          |
| u_core.alu_out_19__AOI22X0P5H7L_A0_B1_AOAI211X0P5H7L_Y_B0_NAND2BX0P5H7L_B_AN_NOR4X3H7L_D:Y (NOR4X3H7L)                                                                          |        | 0.005       | 0.000      | 0.290      |             | 0.257  | 0.658r          |
| halt_NAND3BBX0P5H7L_BN_Y_AO211X1P4H7L_A0_C0_AOI2XB1X0P5H7L_Y_B0_NAND2X0P5H7L_Y_A_NAND4X1P4H7L_Y_A (net)                                                                         | 6      |             |            |            | 0.000       |        |                 |
| u_core.u_regfile.rf[2]_2__MUX4X1P4H7L_A_Y_NOR3X0P5H7L_C_Y_NOR3X0P5H7L_B_A_AND4X1P4H7L_C:A (AND4X1P4H7L)                                                                         |        | 0.001       | 0.000      | 0.290      |             | 0.000  | 0.658r          |
| u_core.u_regfile.rf[2]_2__MUX4X1P4H7L_A_Y_NOR3X0P5H7L_C_Y_NOR3X0P5H7L_B_A_AND4X1P4H7L_C:Y (AND4X1P4H7L)                                                                         |        | 0.001       | 0.000      | 0.063      |             | 0.182  | 0.840r          |
| u_core.u_regfile.rf[2]_2__MUX4X1P4H7L_A_Y_NOR3X0P5H7L_C_Y_NOR3X0P5H7L_B_A_AND4X1P4H7L_C_Y (net)                                                                                 | 1      |             |            |            | 0.000       |        |                 |
| u_core.u_regfile.rf[2]_2__MUX4X1P4H7L_A_Y_NOR3X0P5H7L_C_Y_NOR3X0P5H7L_B_A_AND4X1P4H7L_C_Y_BUFX5H7L_A:A (BUFX5H7L)                                                               |        | 0.001       | 0.000      | 0.063      |             | 0.000  | 0.840r          |
| u_core.u_regfile.rf[2]_2__MUX4X1P4H7L_A_Y_NOR3X0P5H7L_C_Y_NOR3X0P5H7L_B_A_AND4X1P4H7L_C_Y_BUFX5H7L_A:Y (BUFX5H7L)                                                               |        | 0.007       | 0.000      | 0.051      |             | 0.079  | 0.919r          |
| u_core.csr_mtvec_5__NOR2BX1H7L_AN_B_NOR2X1P4H7L_Y_B (net)                                                                                                                       | 8      |             |            |            | 0.000       |        |                 |
| halt_NAND3BBX0P5H7L_BN_Y_AOI211X0P5H7L_B0_C0_OAI211X0P7H7L_Y_B0_NAND3X0P5H7L_Y_B_OAI21X1P4H7L_B0_Y_OA31X3H7L_A2:A1 (OA31X3H7L)                                                  |        | 0.001       | 0.000      | 0.051      |             | 0.000  | 0.919r          |
| halt_NAND3BBX0P5H7L_BN_Y_AOI211X0P5H7L_B0_C0_OAI211X0P7H7L_Y_B0_NAND3X0P5H7L_Y_B_OAI21X1P4H7L_B0_Y_OA31X3H7L_A2:Y (OA31X3H7L)                                                   |        | 0.003       | 0.000      | 0.053      |             | 0.106  | 1.025r          |
| halt_NAND3BBX0P5H7L_BN_Y_AOI211X0P5H7L_B0_C0_OAI211X0P7H7L_Y_B0_NAND3X0P5H7L_Y_B_OAI21X1P4H7L_B0_Y_OA31X3H7L_A2_Y (net)                                                         | 1      |             |            |            | 0.000       |        |                 |
| halt_NAND3BBX0P5H7L_BN_Y_AOI211X0P5H7L_B0_C0_OAI211X0P7H7L_Y_B0_NAND3X0P5H7L_Y_B_OAI21X1P4H7L_B0_Y_OA31X3H7L_A2_Y_BUFX16H7L_A:A (BUFX16H7L)                                     |        | 0.003       | 0.000      | 0.053      |             | 0.000  | 1.025r          |
| halt_NAND3BBX0P5H7L_BN_Y_AOI211X0P5H7L_B0_C0_OAI211X0P7H7L_Y_B0_NAND3X0P5H7L_Y_B_OAI21X1P4H7L_B0_Y_OA31X3H7L_A2_Y_BUFX16H7L_A:Y (BUFX16H7L)                                     |        | 0.015       | 0.000      | 0.040      |             | 0.067  | 1.092r          |
| u_core.alu_result_9__OAOI211X0P5H7L_Y_A0 (net)                                                                                                                                  | 17     |             |            |            | 0.000       |        |                 |
| pc[7]_reg_p_D_OAOI211X1P4H7L_Y_A1_AOI21X0P5H7L_Y_A1_XOR2X0P5H7L_Y_A_XNOR2X0P5H7L_Y_A_XNOR2X0P5H7L_Y_A_NOR2X6H7L_Y:A (NOR2X6H7L)                                                 |        | 0.003       | 0.000      | 0.040      |             | 0.000  | 1.092r          |
| pc[7]_reg_p_D_OAOI211X1P4H7L_Y_A1_AOI21X0P5H7L_Y_A1_XOR2X0P5H7L_Y_A_XNOR2X0P5H7L_Y_A_XNOR2X0P5H7L_Y_A_NOR2X6H7L_Y:Y (NOR2X6H7L)                                                 |        | 0.007       | 0.000      | 0.039      |             | 0.034  | 1.125f          |
| pc[7]_reg_p_D_OAOI211X1P4H7L_Y_A1_AOI21X0P5H7L_Y_A1_XOR2X0P5H7L_Y_A_XNOR2X0P5H7L_Y_A_XNOR2X0P5H7L_Y_A (net)                                                                     | 5      |             |            |            | 0.000       |        |                 |
| pc[7]_reg_p_D_OAOI211X1P4H7L_Y_A1_AOI21X0P5H7L_Y_A1_XOR2X0P5H7L_Y_A_XNOR2X0P5H7L_Y_A_XNOR2X0P5H7L_Y_A_BUFX16H7L_A:A (BUFX16H7L)                                                 |        | 0.003       | 0.000      | 0.039      |             | 0.000  | 1.125f          |
| pc[7]_reg_p_D_OAOI211X1P4H7L_Y_A1_AOI21X0P5H7L_Y_A1_XOR2X0P5H7L_Y_A_XNOR2X0P5H7L_Y_A_XNOR2X0P5H7L_Y_A_BUFX16H7L_A:Y (BUFX16H7L)                                                 |        | 0.025       | 0.000      | 0.044      |             | 0.076  | 1.201f          |
| u_core.alu_result_25__AOA211X1P4H7L_Y_A1_XOR2X0P5H7L_Y_A_XOR2X1H7L_Y_B_XNOR2X0P5H7L_Y_A (net)                                                                                   | 24     |             |            |            | 0.000       |        |                 |
| u_core.alu_result_17__AOI31X0P5H7L_Y_A2_NAND2X0P5H7L_Y_B_XNOR2X0P5H7L_Y_A_XNOR2X1H7L_Y_A_XNOR2X3H7L_Y:A (XNOR2X3H7L)                                                            |        | 0.002       | 0.000      | 0.044      |             | 0.000  | 1.201f          |
| u_core.alu_result_17__AOI31X0P5H7L_Y_A2_NAND2X0P5H7L_Y_B_XNOR2X0P5H7L_Y_A_XNOR2X1H7L_Y_A_XNOR2X3H7L_Y:Y (XNOR2X3H7L)                                                            |        | 0.004       | 0.000      | 0.061      |             | 0.115  | 1.316f          |
| u_core.alu_result_17__AOI31X0P5H7L_Y_A2_NAND2X0P5H7L_Y_B_XNOR2X0P5H7L_Y_A_XNOR2X1H7L_Y_A (net)                                                                                  | 4      |             |            |            | 0.000       |        |                 |
| u_core.alu_result_19__AOA211X1P4H7L_Y_A1_XOR2X0P5H7L_Y_B_MUX2X0P5H7L_Y_S0_AOI21X1P4H7L_Y_A0_AOI21X1H7L_A0_Y_OAI211X1P4H7L_A0_B0_NAND3X1H7L_Y_C_AOI21X0P5H7L_Y:A0 (AOI21X0P5H7L) |        | 0.001       | 0.000      | 0.061      |             | 0.000  | 1.316f          |
| u_core.alu_result_19__AOA211X1P4H7L_Y_A1_XOR2X0P5H7L_Y_B_MUX2X0P5H7L_Y_S0_AOI21X1P4H7L_Y_A0_AOI21X1H7L_A0_Y_OAI211X1P4H7L_A0_B0_NAND3X1H7L_Y_C_AOI21X0P5H7L_Y:Y (AOI21X0P5H7L)  |        | 0.002       | 0.000      | 0.130      |             | 0.113  | 1.429r          |
| u_core.alu_result_19__AOA211X1P4H7L_Y_A1_XOR2X0P5H7L_Y_B_MUX2X0P5H7L_Y_S0_AOI21X1P4H7L_Y_A0_AOI21X1H7L_A0_Y_OAI211X1P4H7L_A0_B0_NAND3X1H7L_Y_C (net)                            | 2      |             |            |            | 0.000       |        |                 |
| u_core.alu_result_19__AOA211X1P4H7L_Y_A1_XOR2X0P5H7L_Y_B_MUX2X0P5H7L_Y_S0_AOI21X1P4H7L_Y_A0_AOI21X1H7L_A0_Y_OAI211X1P4H7L_A0_C0_AOAI211X0P7H7L_Y:A1 (AOAI211X0P7H7L)            |        | 0.001       | 0.000      | 0.130      |             | 0.000  | 1.429r          |
| u_core.alu_result_19__AOA211X1P4H7L_Y_A1_XOR2X0P5H7L_Y_B_MUX2X0P5H7L_Y_S0_AOI21X1P4H7L_Y_A0_AOI21X1H7L_A0_Y_OAI211X1P4H7L_A0_C0_AOAI211X0P7H7L_Y:Y (AOAI211X0P7H7L)             |        | 0.001       | 0.000      | 0.079      |             | 0.100  | 1.529f          |
| u_core.alu_result_19__AOA211X1P4H7L_Y_A1_XOR2X0P5H7L_Y_B_MUX2X0P5H7L_Y_S0_AOI21X1P4H7L_Y_A0_AOI21X1H7L_A0_Y_OAI211X1P4H7L_A0_C0 (net)                                           | 1      |             |            |            | 0.000       |        |                 |
| u_core.alu_result_19__AOA211X1P4H7L_Y_A1_XOR2X0P5H7L_Y_B_MUX2X0P5H7L_Y_S0_AOI21X1P4H7L_Y_A0_AOI21X1H7L_A0_Y_OAI211X1P4H7L_A0:C0 (OAI211X1P4H7L)                                 |        | 0.001       | 0.000      | 0.079      |             | 0.000  | 1.529f          |
| u_core.alu_result_19__AOA211X1P4H7L_Y_A1_XOR2X0P5H7L_Y_B_MUX2X0P5H7L_Y_S0_AOI21X1P4H7L_Y_A0_AOI21X1H7L_A0_Y_OAI211X1P4H7L_A0:Y (OAI211X1P4H7L)                                  |        | 0.002       | 0.000      | 0.139      |             | 0.065  | 1.595r          |
| u_core.alu_result_28__OAI31X0P5H7L_Y_A2_NOR3X0P5H7L_Y_B_AOA211X1H7L_B0_Y_NOR4X1H7L_B_A_OAOI211X1P4H7L_Y_A1 (net)                                                                | 3      |             |            |            | 0.000       |        |                 |
| u_core.alu_result_28__OAI31X0P5H7L_Y_A2_NOR3X0P5H7L_Y_B_AOA211X1H7L_B0_Y_NOR4X1H7L_B_A_OAOI211X1P4H7L_Y:A1 (OAOI211X1P4H7L)                                                     |        | 0.001       | 0.000      | 0.139      |             | 0.000  | 1.595r          |
| u_core.alu_result_28__OAI31X0P5H7L_Y_A2_NOR3X0P5H7L_Y_B_AOA211X1H7L_B0_Y_NOR4X1H7L_B_A_OAOI211X1P4H7L_Y:Y (OAOI211X1P4H7L)                                                      |        | 0.002       | 0.000      | 0.067      |             | 0.083  | 1.678f          |
| u_core.alu_result_28__OAI31X0P5H7L_Y_A2_NOR3X0P5H7L_Y_B_AOA211X1H7L_B0_Y_NOR4X1H7L_B_A (net)                                                                                    | 2      |             |            |            | 0.000       |        |                 |
| u_core.alu_result_28__OAI31X0P5H7L_Y_A2_NOR3X0P5H7L_Y_B_AOA211X1H7L_B0_Y_NOR3X1P4H7L_B:A (NOR3X1P4H7L)                                                                          |        | 0.001       | 0.000      | 0.067      |             | 0.000  | 1.678f          |
| u_core.alu_result_28__OAI31X0P5H7L_Y_A2_NOR3X0P5H7L_Y_B_AOA211X1H7L_B0_Y_NOR3X1P4H7L_B:Y (NOR3X1P4H7L)                                                                          |        | 0.004       | 0.000      | 0.261      |             | 0.187  | 1.865r          |
| u_core.alu_result_31__OAOI211X0P5H7L_Y_A1_XNOR2X0P5H7L_Y_A_AOI31X0P5H7L_Y_A1 (net)                                                                                              | 6      |             |            |            | 0.000       |        |                 |
| pc[0]_reg_p_D_AOA211X1P4H7L_Y_A0_AO221X0P7H7L_Y_A1_NOR2X0P5H7L_Y_B_MUXI2X0P7H7L_B_S0_NAND4X0P5H7L_A_Y_AOA211X2H7L_B0:A1 (AOA211X2H7L)                                           |        | 0.001       | 0.000      | 0.261      |             | 0.000  | 1.865r          |
| pc[0]_reg_p_D_AOA211X1P4H7L_Y_A0_AO221X0P7H7L_Y_A1_NOR2X0P5H7L_Y_B_MUXI2X0P7H7L_B_S0_NAND4X0P5H7L_A_Y_AOA211X2H7L_B0:Y (AOA211X2H7L)                                            |        | 0.002       | 0.000      | 0.056      |             | 0.177  | 2.042r          |
| u_core.alu_result_31__OAOI211X0P5H7L_Y_A1_NAND3X0P7H7L_C_B_OAI21X0P5H7L_Y_A1 (net)                                                                                              | 2      |             |            |            | 0.000       |        |                 |
| u_core.alu_result_31__OAOI211X0P5H7L_Y_A1_NAND3X0P7H7L_C_B_OAI21X0P5H7L_Y_A1_OAI211X2H7L_A1:A1 (OAI211X2H7L)                                                                    |        | 0.001       | 0.000      | 0.056      |             | 0.000  | 2.042r          |
| u_core.alu_result_31__OAOI211X0P5H7L_Y_A1_NAND3X0P7H7L_C_B_OAI21X0P5H7L_Y_A1_OAI211X2H7L_A1:Y (OAI211X2H7L)                                                                     |        | 0.003       | 0.000      | 0.105      |             | 0.089  | 2.130f          |
| u_core.alu_result_31__OAOI211X0P5H7L_Y_A1_OA221X4H7L_B0_B1_OR2X1P4H7L_Y_B (net)                                                                                                 | 4      |             |            |            | 0.000       |        |                 |
| halt_NAND3BBX0P5H7L_BN_Y_AOI211X0P5H7L_B0_Y_INVX0P5H7L_A_Y_AOAI211X1P4H7L_C0:A0 (AOAI211X1P4H7L)                                                                                |        | 0.001       | 0.000      | 0.105      |             | 0.000  | 2.130f          |
| halt_NAND3BBX0P5H7L_BN_Y_AOI211X0P5H7L_B0_Y_INVX0P5H7L_A_Y_AOAI211X1P4H7L_C0:Y (AOAI211X1P4H7L)                                                                                 |        | 0.004       | 0.000      | 0.180      |             | 0.151  | 2.281r          |
| u_core.alu_out_17__NAND2X0P5H7L_A_Y_OA221X0P5H7L_C0_B0_NAND2X0P5H7L_Y_B (net)                                                                                                   | 5      |             |            |            | 0.000       |        |                 |
| u_core.alu_out_17__NAND2X0P5H7L_A_Y_OA221X0P5H7L_C0_A1_NAND2X1P4H7L_Y:B (NAND2X1P4H7L)                                                                                          |        | 0.001       | 0.000      | 0.180      |             | 0.000  | 2.281r          |
| u_core.alu_out_17__NAND2X0P5H7L_A_Y_OA221X0P5H7L_C0_A1_NAND2X1P4H7L_Y:Y (NAND2X1P4H7L)                                                                                          |        | 0.003       | 0.000      | 0.104      |             | 0.096  | 2.378f          |
| u_core.alu_out_17__NAND2X0P5H7L_A_Y_OA221X0P5H7L_C0_A1 (net)                                                                                                                    | 4      |             |            |            | 0.000       |        |                 |
| u_core.alu_out_17__NAND2X0P5H7L_A_Y_OA221X0P5H7L_C0_A1_BUFX3P5H7L_A:A (BUFX3P5H7L)                                                                                              |        | 0.001       | 0.000      | 0.104      |             | 0.000  | 2.378f          |
| u_core.alu_out_17__NAND2X0P5H7L_A_Y_OA221X0P5H7L_C0_A1_BUFX3P5H7L_A:Y (BUFX3P5H7L)                                                                                              |        | 0.018       | 0.000      | 0.105      |             | 0.139  | 2.516f          |
| u_core.alu_out_6__AOI2BB2X0P5H7L_B0_A1N (net)                                                                                                                                   | 24     |             |            |            | 0.000       |        |                 |
| u_core.alu_out_2__AOI21X0P5H7L_A0_Y_OAI221X0P5H7L_C0:A1 (OAI221X0P5H7L)                                                                                                         |        | 0.001       | 0.000      | 0.105      |             | 0.000  | 2.516f          |
| u_core.alu_out_2__AOI21X0P5H7L_A0_Y_OAI221X0P5H7L_C0:Y (OAI221X0P5H7L)                                                                                                          |        | 0.023       | 0.000      | 1.369      |             | 0.811  | 3.328r          |
| u_core.u_regfile.w_data_2_ (net)                                                                                                                                                | 31     |             |            |            | 0.000       |        |                 |
| u_core.u_regfile.rf[29]_2__reg_p:D (DFFQX1H7L)                                                                                                                                  |        | 0.001       | 0.000      | 1.369      |             | 0.000  | 3.328r          |
|                                                                                                                                                                                 |        |             |            |            |             |        |                 |
| clk (port)                                                                                                                                                                      |        | 0.223       | 0.000      | 0.000      |             | 0.000  | 0.000r          |
| clk (clock net)                                                                                                                                                                 | 275    |             |            |            | NA          |        |                 |
| halt_NAND3BBX0P5H7L_BN_C_OAI21X0P5H7L_B0_Y_OAI21X0P5H7L_A0_Y_INVX0P5H7L_A_Y_NAND2X0P5H7L_B_Y_OR2X1P4H7L_A_Y_NOR2X0P5H7L_B_2_Y_ICGX0P5H7L_E:CK (ICGX0P5H7L)                      |        | 0.002       | 0.000      | 0.000      |             | 0.000  | 0.000r          |
| halt_NAND3BBX0P5H7L_BN_C_OAI21X0P5H7L_B0_Y_OAI21X0P5H7L_A0_Y_INVX0P5H7L_A_Y_NAND2X0P5H7L_B_Y_OR2X1P4H7L_A_Y_NOR2X0P5H7L_B_2_Y_ICGX0P5H7L_E:ECK (ICGX0P5H7L)                     |        | 0.022       | 0.000      | 0.000      |             | 0.000  | 0.000r          |
| u_core.u_regfile.rf[29]_0__reg_p_CK (clock net)                                                                                                                                 | 32     |             |            |            | NA          |        |                 |
| u_core.u_regfile.rf[29]_2__reg_p:CK (DFFQX1H7L)                                                                                                                                 |        | 0.001       | 0.000      | 0.000      |             | 0.000  | 0.000r          |
| clock core_clock (rise edge)                                                                                                                                                    |        |             |            |            |             | 2      | 2               |
| clock network delay (ideal)                                                                                                                                                     |        |             |            |            |             | 0.000  | 2.000           |
| u_core.u_regfile.rf[29]_2__reg_p:CK (DFFQX1H7L)                                                                                                                                 |        |             |            |            |             |        | 2.000r          |
| library setup time                                                                                                                                                              |        |             |            |            |             | -0.183 | 1.817           |
| clock reconvergence pessimism                                                                                                                                                   |        |             |            |            |             | 0.000  | 1.817           |
|                                                                                                                                                                                 |        |             |            |            |             |        |                 |
| path cell delay                                                                                                                                                                 |        |             |            |            |             |        | 3.328(100.000%) |
| path net delay                                                                                                                                                                  |        |             |            |            |             |        | 0.000(0.000%)   |
|                                                                                                                                                                                 |        |             |            |            |             |        |                 |
| data require time                                                                                                                                                               |        |             |            |            |             |        | 1.817           |
| data arrival time                                                                                                                                                               |        |             |            |            |             |        | 3.328           |
| slack (VIOLATED)                                                                                                                                                                |        |             |            |            |             |        | -1.510          |
+---------------------------------------------------------------------------------------------------------------------------------------------------------------------------------+--------+-------------+------------+------------+-------------+--------+-----------------+
+---------------------------------------------------------------------------------------------------------------------------------------------------------------------------------+--------+-------------+------------+------------+-------------+--------+-----------------+
| Point                                                                                                                                                                           | Fanout | Capacitance | Resistance | Transition | Delta Delay | Incr   | Path            |
+---------------------------------------------------------------------------------------------------------------------------------------------------------------------------------+--------+-------------+------------+------------+-------------+--------+-----------------+
| clk (port)                                                                                                                                                                      |        | 0.307       | 0.000      | 0.000      |             | 0.000  | 0.000r          |
| clk (clock net)                                                                                                                                                                 | 275    |             |            |            | NA          |        |                 |
| u_core.ctrl_ir_we_ICGX0P5H7L_E:CK (ICGX0P5H7L)                                                                                                                                  |        | 0.002       | 0.000      | 0.000      |             | 0.000  | 0.000r          |
| u_core.ctrl_ir_we_ICGX0P5H7L_E:ECK (ICGX0P5H7L)                                                                                                                                 |        | 0.057       | 0.000      | 0.000      |             | 0.000  | 0.000r          |
| ir_dbg[0]_reg_p_CK (clock net)                                                                                                                                                  | 64     |             |            |            | NA          |        |                 |
| ir_dbg[5]_reg_p:CK (DFFQX1H7L)                                                                                                                                                  |        | 0.001       | 0.000      | 0.000      |             | 0.000  | 0.000r          |
| clock core_clock (rise edge)                                                                                                                                                    |        |             |            |            |             | 0      | 0               |
| clock network delay (ideal)                                                                                                                                                     |        |             |            |            |             | 0.000  | 0.000           |
| ir_dbg[5]_reg_p:CK (DFFQX1H7L)                                                                                                                                                  |        | 0.001       | 0.000      | 0.000      |             | 0.000  | 0.000r          |
| ir_dbg[5]_reg_p:Q (DFFQX1H7L)                                                                                                                                                   |        | 0.001       | 0.000      | 0.040      |             | 0.143  | 0.143r          |
| ir_dbg_5_ (net)                                                                                                                                                                 | 2      |             |            |            | 0.000       |        |                 |
| halt_NAND3BBX0P5H7L_BN_Y_AO211X1P4H7L_A0_A1_AO211X1H7L_Y_B0_NOR4X0P7H7L_Y_A_BUFX5H7L_Y:A (BUFX5H7L)                                                                             |        | 0.001       | 0.000      | 0.040      |             | 0.000  | 0.143r          |
| halt_NAND3BBX0P5H7L_BN_Y_AO211X1P4H7L_A0_A1_AO211X1H7L_Y_B0_NOR4X0P7H7L_Y_A_BUFX5H7L_Y:Y (BUFX5H7L)                                                                             |        | 0.011       | 0.000      | 0.078      |             | 0.086  | 0.230r          |
| halt_NAND3BBX0P5H7L_BN_Y_AO211X1P4H7L_A0_A1_AO211X1H7L_Y_B0_NOR4X0P7H7L_Y_A (net)                                                                                               | 14     |             |            |            | 0.000       |        |                 |
| halt_NAND3BBX0P5H7L_BN_Y_AOI211X0P5H7L_B0_Y_NAND4X0P5H7L_C_A_NAND4X1P4H7L_Y_A_NOR4X0P5H7L_Y_C_NAND3X1P4H7L_Y:A (NAND3X1P4H7L)                                                   |        | 0.001       | 0.000      | 0.078      |             | 0.000  | 0.230r          |
| halt_NAND3BBX0P5H7L_BN_Y_AOI211X0P5H7L_B0_Y_NAND4X0P5H7L_C_A_NAND4X1P4H7L_Y_A_NOR4X0P5H7L_Y_C_NAND3X1P4H7L_Y:Y (NAND3X1P4H7L)                                                   |        | 0.007       | 0.000      | 0.241      |             | 0.172  | 0.401f          |
| halt_NAND3BBX0P5H7L_BN_Y_AOI211X0P5H7L_B0_Y_NAND4X0P5H7L_C_A_NAND4X1P4H7L_Y_A_NOR4X0P5H7L_Y_C (net)                                                                             | 6      |             |            |            | 0.000       |        |                 |
| u_core.alu_out_19__AOI22X0P5H7L_A0_B1_AOAI211X0P5H7L_Y_B0_NAND2BX0P5H7L_B_AN_NOR4X3H7L_D:C (NOR4X3H7L)                                                                          |        | 0.002       | 0.000      | 0.241      |             | 0.000  | 0.401f          |
| u_core.alu_out_19__AOI22X0P5H7L_A0_B1_AOAI211X0P5H7L_Y_B0_NAND2BX0P5H7L_B_AN_NOR4X3H7L_D:Y (NOR4X3H7L)                                                                          |        | 0.005       | 0.000      | 0.290      |             | 0.257  | 0.658r          |
| halt_NAND3BBX0P5H7L_BN_Y_AO211X1P4H7L_A0_C0_AOI2XB1X0P5H7L_Y_B0_NAND2X0P5H7L_Y_A_NAND4X1P4H7L_Y_A (net)                                                                         | 6      |             |            |            | 0.000       |        |                 |
| u_core.u_regfile.rf[2]_2__MUX4X1P4H7L_A_Y_NOR3X0P5H7L_C_Y_NOR3X0P5H7L_B_A_AND4X1P4H7L_C:A (AND4X1P4H7L)                                                                         |        | 0.001       | 0.000      | 0.290      |             | 0.000  | 0.658r          |
| u_core.u_regfile.rf[2]_2__MUX4X1P4H7L_A_Y_NOR3X0P5H7L_C_Y_NOR3X0P5H7L_B_A_AND4X1P4H7L_C:Y (AND4X1P4H7L)                                                                         |        | 0.001       | 0.000      | 0.063      |             | 0.182  | 0.840r          |
| u_core.u_regfile.rf[2]_2__MUX4X1P4H7L_A_Y_NOR3X0P5H7L_C_Y_NOR3X0P5H7L_B_A_AND4X1P4H7L_C_Y (net)                                                                                 | 1      |             |            |            | 0.000       |        |                 |
| u_core.u_regfile.rf[2]_2__MUX4X1P4H7L_A_Y_NOR3X0P5H7L_C_Y_NOR3X0P5H7L_B_A_AND4X1P4H7L_C_Y_BUFX5H7L_A:A (BUFX5H7L)                                                               |        | 0.001       | 0.000      | 0.063      |             | 0.000  | 0.840r          |
| u_core.u_regfile.rf[2]_2__MUX4X1P4H7L_A_Y_NOR3X0P5H7L_C_Y_NOR3X0P5H7L_B_A_AND4X1P4H7L_C_Y_BUFX5H7L_A:Y (BUFX5H7L)                                                               |        | 0.007       | 0.000      | 0.051      |             | 0.079  | 0.919r          |
| u_core.csr_mtvec_5__NOR2BX1H7L_AN_B_NOR2X1P4H7L_Y_B (net)                                                                                                                       | 8      |             |            |            | 0.000       |        |                 |
| halt_NAND3BBX0P5H7L_BN_Y_AOI211X0P5H7L_B0_C0_OAI211X0P7H7L_Y_B0_NAND3X0P5H7L_Y_B_OAI21X1P4H7L_B0_Y_OA31X3H7L_A2:A1 (OA31X3H7L)                                                  |        | 0.001       | 0.000      | 0.051      |             | 0.000  | 0.919r          |
| halt_NAND3BBX0P5H7L_BN_Y_AOI211X0P5H7L_B0_C0_OAI211X0P7H7L_Y_B0_NAND3X0P5H7L_Y_B_OAI21X1P4H7L_B0_Y_OA31X3H7L_A2:Y (OA31X3H7L)                                                   |        | 0.003       | 0.000      | 0.053      |             | 0.106  | 1.025r          |
| halt_NAND3BBX0P5H7L_BN_Y_AOI211X0P5H7L_B0_C0_OAI211X0P7H7L_Y_B0_NAND3X0P5H7L_Y_B_OAI21X1P4H7L_B0_Y_OA31X3H7L_A2_Y (net)                                                         | 1      |             |            |            | 0.000       |        |                 |
| halt_NAND3BBX0P5H7L_BN_Y_AOI211X0P5H7L_B0_C0_OAI211X0P7H7L_Y_B0_NAND3X0P5H7L_Y_B_OAI21X1P4H7L_B0_Y_OA31X3H7L_A2_Y_BUFX16H7L_A:A (BUFX16H7L)                                     |        | 0.003       | 0.000      | 0.053      |             | 0.000  | 1.025r          |
| halt_NAND3BBX0P5H7L_BN_Y_AOI211X0P5H7L_B0_C0_OAI211X0P7H7L_Y_B0_NAND3X0P5H7L_Y_B_OAI21X1P4H7L_B0_Y_OA31X3H7L_A2_Y_BUFX16H7L_A:Y (BUFX16H7L)                                     |        | 0.015       | 0.000      | 0.040      |             | 0.067  | 1.092r          |
| u_core.alu_result_9__OAOI211X0P5H7L_Y_A0 (net)                                                                                                                                  | 17     |             |            |            | 0.000       |        |                 |
| pc[7]_reg_p_D_OAOI211X1P4H7L_Y_A1_AOI21X0P5H7L_Y_A1_XOR2X0P5H7L_Y_A_XNOR2X0P5H7L_Y_A_XNOR2X0P5H7L_Y_A_NOR2X6H7L_Y:A (NOR2X6H7L)                                                 |        | 0.003       | 0.000      | 0.040      |             | 0.000  | 1.092r          |
| pc[7]_reg_p_D_OAOI211X1P4H7L_Y_A1_AOI21X0P5H7L_Y_A1_XOR2X0P5H7L_Y_A_XNOR2X0P5H7L_Y_A_XNOR2X0P5H7L_Y_A_NOR2X6H7L_Y:Y (NOR2X6H7L)                                                 |        | 0.007       | 0.000      | 0.039      |             | 0.034  | 1.125f          |
| pc[7]_reg_p_D_OAOI211X1P4H7L_Y_A1_AOI21X0P5H7L_Y_A1_XOR2X0P5H7L_Y_A_XNOR2X0P5H7L_Y_A_XNOR2X0P5H7L_Y_A (net)                                                                     | 5      |             |            |            | 0.000       |        |                 |
| pc[7]_reg_p_D_OAOI211X1P4H7L_Y_A1_AOI21X0P5H7L_Y_A1_XOR2X0P5H7L_Y_A_XNOR2X0P5H7L_Y_A_XNOR2X0P5H7L_Y_A_BUFX16H7L_A:A (BUFX16H7L)                                                 |        | 0.003       | 0.000      | 0.039      |             | 0.000  | 1.125f          |
| pc[7]_reg_p_D_OAOI211X1P4H7L_Y_A1_AOI21X0P5H7L_Y_A1_XOR2X0P5H7L_Y_A_XNOR2X0P5H7L_Y_A_XNOR2X0P5H7L_Y_A_BUFX16H7L_A:Y (BUFX16H7L)                                                 |        | 0.025       | 0.000      | 0.044      |             | 0.076  | 1.201f          |
| u_core.alu_result_25__AOA211X1P4H7L_Y_A1_XOR2X0P5H7L_Y_A_XOR2X1H7L_Y_B_XNOR2X0P5H7L_Y_A (net)                                                                                   | 24     |             |            |            | 0.000       |        |                 |
| u_core.alu_result_17__AOI31X0P5H7L_Y_A2_NAND2X0P5H7L_Y_B_XNOR2X0P5H7L_Y_A_XNOR2X1H7L_Y_A_XNOR2X3H7L_Y:A (XNOR2X3H7L)                                                            |        | 0.002       | 0.000      | 0.044      |             | 0.000  | 1.201f          |
| u_core.alu_result_17__AOI31X0P5H7L_Y_A2_NAND2X0P5H7L_Y_B_XNOR2X0P5H7L_Y_A_XNOR2X1H7L_Y_A_XNOR2X3H7L_Y:Y (XNOR2X3H7L)                                                            |        | 0.004       | 0.000      | 0.061      |             | 0.115  | 1.316f          |
| u_core.alu_result_17__AOI31X0P5H7L_Y_A2_NAND2X0P5H7L_Y_B_XNOR2X0P5H7L_Y_A_XNOR2X1H7L_Y_A (net)                                                                                  | 4      |             |            |            | 0.000       |        |                 |
| u_core.alu_result_19__AOA211X1P4H7L_Y_A1_XOR2X0P5H7L_Y_B_MUX2X0P5H7L_Y_S0_AOI21X1P4H7L_Y_A0_AOI21X1H7L_A0_Y_OAI211X1P4H7L_A0_B0_NAND3X1H7L_Y_C_AOI21X0P5H7L_Y:A0 (AOI21X0P5H7L) |        | 0.001       | 0.000      | 0.061      |             | 0.000  | 1.316f          |
| u_core.alu_result_19__AOA211X1P4H7L_Y_A1_XOR2X0P5H7L_Y_B_MUX2X0P5H7L_Y_S0_AOI21X1P4H7L_Y_A0_AOI21X1H7L_A0_Y_OAI211X1P4H7L_A0_B0_NAND3X1H7L_Y_C_AOI21X0P5H7L_Y:Y (AOI21X0P5H7L)  |        | 0.002       | 0.000      | 0.130      |             | 0.113  | 1.429r          |
| u_core.alu_result_19__AOA211X1P4H7L_Y_A1_XOR2X0P5H7L_Y_B_MUX2X0P5H7L_Y_S0_AOI21X1P4H7L_Y_A0_AOI21X1H7L_A0_Y_OAI211X1P4H7L_A0_B0_NAND3X1H7L_Y_C (net)                            | 2      |             |            |            | 0.000       |        |                 |
| u_core.alu_result_19__AOA211X1P4H7L_Y_A1_XOR2X0P5H7L_Y_B_MUX2X0P5H7L_Y_S0_AOI21X1P4H7L_Y_A0_AOI21X1H7L_A0_Y_OAI211X1P4H7L_A0_C0_AOAI211X0P7H7L_Y:A1 (AOAI211X0P7H7L)            |        | 0.001       | 0.000      | 0.130      |             | 0.000  | 1.429r          |
| u_core.alu_result_19__AOA211X1P4H7L_Y_A1_XOR2X0P5H7L_Y_B_MUX2X0P5H7L_Y_S0_AOI21X1P4H7L_Y_A0_AOI21X1H7L_A0_Y_OAI211X1P4H7L_A0_C0_AOAI211X0P7H7L_Y:Y (AOAI211X0P7H7L)             |        | 0.001       | 0.000      | 0.079      |             | 0.100  | 1.529f          |
| u_core.alu_result_19__AOA211X1P4H7L_Y_A1_XOR2X0P5H7L_Y_B_MUX2X0P5H7L_Y_S0_AOI21X1P4H7L_Y_A0_AOI21X1H7L_A0_Y_OAI211X1P4H7L_A0_C0 (net)                                           | 1      |             |            |            | 0.000       |        |                 |
| u_core.alu_result_19__AOA211X1P4H7L_Y_A1_XOR2X0P5H7L_Y_B_MUX2X0P5H7L_Y_S0_AOI21X1P4H7L_Y_A0_AOI21X1H7L_A0_Y_OAI211X1P4H7L_A0:C0 (OAI211X1P4H7L)                                 |        | 0.001       | 0.000      | 0.079      |             | 0.000  | 1.529f          |
| u_core.alu_result_19__AOA211X1P4H7L_Y_A1_XOR2X0P5H7L_Y_B_MUX2X0P5H7L_Y_S0_AOI21X1P4H7L_Y_A0_AOI21X1H7L_A0_Y_OAI211X1P4H7L_A0:Y (OAI211X1P4H7L)                                  |        | 0.002       | 0.000      | 0.139      |             | 0.065  | 1.595r          |
| u_core.alu_result_28__OAI31X0P5H7L_Y_A2_NOR3X0P5H7L_Y_B_AOA211X1H7L_B0_Y_NOR4X1H7L_B_A_OAOI211X1P4H7L_Y_A1 (net)                                                                | 3      |             |            |            | 0.000       |        |                 |
| u_core.alu_result_28__OAI31X0P5H7L_Y_A2_NOR3X0P5H7L_Y_B_AOA211X1H7L_B0_Y_NOR4X1H7L_B_A_OAOI211X1P4H7L_Y:A1 (OAOI211X1P4H7L)                                                     |        | 0.001       | 0.000      | 0.139      |             | 0.000  | 1.595r          |
| u_core.alu_result_28__OAI31X0P5H7L_Y_A2_NOR3X0P5H7L_Y_B_AOA211X1H7L_B0_Y_NOR4X1H7L_B_A_OAOI211X1P4H7L_Y:Y (OAOI211X1P4H7L)                                                      |        | 0.002       | 0.000      | 0.067      |             | 0.083  | 1.678f          |
| u_core.alu_result_28__OAI31X0P5H7L_Y_A2_NOR3X0P5H7L_Y_B_AOA211X1H7L_B0_Y_NOR4X1H7L_B_A (net)                                                                                    | 2      |             |            |            | 0.000       |        |                 |
| u_core.alu_result_28__OAI31X0P5H7L_Y_A2_NOR3X0P5H7L_Y_B_AOA211X1H7L_B0_Y_NOR3X1P4H7L_B:A (NOR3X1P4H7L)                                                                          |        | 0.001       | 0.000      | 0.067      |             | 0.000  | 1.678f          |
| u_core.alu_result_28__OAI31X0P5H7L_Y_A2_NOR3X0P5H7L_Y_B_AOA211X1H7L_B0_Y_NOR3X1P4H7L_B:Y (NOR3X1P4H7L)                                                                          |        | 0.004       | 0.000      | 0.261      |             | 0.187  | 1.865r          |
| u_core.alu_result_31__OAOI211X0P5H7L_Y_A1_XNOR2X0P5H7L_Y_A_AOI31X0P5H7L_Y_A1 (net)                                                                                              | 6      |             |            |            | 0.000       |        |                 |
| pc[0]_reg_p_D_AOA211X1P4H7L_Y_A0_AO221X0P7H7L_Y_A1_NOR2X0P5H7L_Y_B_MUXI2X0P7H7L_B_S0_NAND4X0P5H7L_A_Y_AOA211X2H7L_B0:A1 (AOA211X2H7L)                                           |        | 0.001       | 0.000      | 0.261      |             | 0.000  | 1.865r          |
| pc[0]_reg_p_D_AOA211X1P4H7L_Y_A0_AO221X0P7H7L_Y_A1_NOR2X0P5H7L_Y_B_MUXI2X0P7H7L_B_S0_NAND4X0P5H7L_A_Y_AOA211X2H7L_B0:Y (AOA211X2H7L)                                            |        | 0.002       | 0.000      | 0.056      |             | 0.177  | 2.042r          |
| u_core.alu_result_31__OAOI211X0P5H7L_Y_A1_NAND3X0P7H7L_C_B_OAI21X0P5H7L_Y_A1 (net)                                                                                              | 2      |             |            |            | 0.000       |        |                 |
| u_core.alu_result_31__OAOI211X0P5H7L_Y_A1_NAND3X0P7H7L_C_B_OAI21X0P5H7L_Y_A1_OAI211X2H7L_A1:A1 (OAI211X2H7L)                                                                    |        | 0.001       | 0.000      | 0.056      |             | 0.000  | 2.042r          |
| u_core.alu_result_31__OAOI211X0P5H7L_Y_A1_NAND3X0P7H7L_C_B_OAI21X0P5H7L_Y_A1_OAI211X2H7L_A1:Y (OAI211X2H7L)                                                                     |        | 0.003       | 0.000      | 0.105      |             | 0.089  | 2.130f          |
| u_core.alu_result_31__OAOI211X0P5H7L_Y_A1_OA221X4H7L_B0_B1_OR2X1P4H7L_Y_B (net)                                                                                                 | 4      |             |            |            | 0.000       |        |                 |
| halt_NAND3BBX0P5H7L_BN_Y_AOI211X0P5H7L_B0_Y_INVX0P5H7L_A_Y_AOAI211X1P4H7L_C0:A0 (AOAI211X1P4H7L)                                                                                |        | 0.001       | 0.000      | 0.105      |             | 0.000  | 2.130f          |
| halt_NAND3BBX0P5H7L_BN_Y_AOI211X0P5H7L_B0_Y_INVX0P5H7L_A_Y_AOAI211X1P4H7L_C0:Y (AOAI211X1P4H7L)                                                                                 |        | 0.004       | 0.000      | 0.180      |             | 0.151  | 2.281r          |
| u_core.alu_out_17__NAND2X0P5H7L_A_Y_OA221X0P5H7L_C0_B0_NAND2X0P5H7L_Y_B (net)                                                                                                   | 5      |             |            |            | 0.000       |        |                 |
| u_core.alu_out_17__NAND2X0P5H7L_A_Y_OA221X0P5H7L_C0_A1_NAND2X1P4H7L_Y:B (NAND2X1P4H7L)                                                                                          |        | 0.001       | 0.000      | 0.180      |             | 0.000  | 2.281r          |
| u_core.alu_out_17__NAND2X0P5H7L_A_Y_OA221X0P5H7L_C0_A1_NAND2X1P4H7L_Y:Y (NAND2X1P4H7L)                                                                                          |        | 0.003       | 0.000      | 0.104      |             | 0.096  | 2.378f          |
| u_core.alu_out_17__NAND2X0P5H7L_A_Y_OA221X0P5H7L_C0_A1 (net)                                                                                                                    | 4      |             |            |            | 0.000       |        |                 |
| u_core.alu_out_17__NAND2X0P5H7L_A_Y_OA221X0P5H7L_C0_A1_BUFX3P5H7L_A:A (BUFX3P5H7L)                                                                                              |        | 0.001       | 0.000      | 0.104      |             | 0.000  | 2.378f          |
| u_core.alu_out_17__NAND2X0P5H7L_A_Y_OA221X0P5H7L_C0_A1_BUFX3P5H7L_A:Y (BUFX3P5H7L)                                                                                              |        | 0.018       | 0.000      | 0.105      |             | 0.139  | 2.516f          |
| u_core.alu_out_6__AOI2BB2X0P5H7L_B0_A1N (net)                                                                                                                                   | 24     |             |            |            | 0.000       |        |                 |
| u_core.alu_out_2__AOI21X0P5H7L_A0_Y_OAI221X0P5H7L_C0:A1 (OAI221X0P5H7L)                                                                                                         |        | 0.001       | 0.000      | 0.105      |             | 0.000  | 2.516f          |
| u_core.alu_out_2__AOI21X0P5H7L_A0_Y_OAI221X0P5H7L_C0:Y (OAI221X0P5H7L)                                                                                                          |        | 0.023       | 0.000      | 1.369      |             | 0.811  | 3.328r          |
| u_core.u_regfile.w_data_2_ (net)                                                                                                                                                | 31     |             |            |            | 0.000       |        |                 |
| u_core.u_regfile.rf[21]_2__reg_p:D (DFFQX1H7L)                                                                                                                                  |        | 0.001       | 0.000      | 1.369      |             | 0.000  | 3.328r          |
|                                                                                                                                                                                 |        |             |            |            |             |        |                 |
| clk (port)                                                                                                                                                                      |        | 0.223       | 0.000      | 0.000      |             | 0.000  | 0.000r          |
| clk (clock net)                                                                                                                                                                 | 275    |             |            |            | NA          |        |                 |
| halt_NAND3BBX0P5H7L_BN_C_OAI21X0P5H7L_B0_Y_OAI21X0P5H7L_A0_Y_INVX0P5H7L_A_Y_NAND3X0P5H7L_B_Y_NOR2X0P5H7L_B_2_Y_ICGX0P5H7L_E:CK (ICGX0P5H7L)                                     |        | 0.002       | 0.000      | 0.000      |             | 0.000  | 0.000r          |
| halt_NAND3BBX0P5H7L_BN_C_OAI21X0P5H7L_B0_Y_OAI21X0P5H7L_A0_Y_INVX0P5H7L_A_Y_NAND3X0P5H7L_B_Y_NOR2X0P5H7L_B_2_Y_ICGX0P5H7L_E:ECK (ICGX0P5H7L)                                    |        | 0.022       | 0.000      | 0.000      |             | 0.000  | 0.000r          |
| u_core.u_regfile.rf[21]_0__reg_p_CK (clock net)                                                                                                                                 | 32     |             |            |            | NA          |        |                 |
| u_core.u_regfile.rf[21]_2__reg_p:CK (DFFQX1H7L)                                                                                                                                 |        | 0.001       | 0.000      | 0.000      |             | 0.000  | 0.000r          |
| clock core_clock (rise edge)                                                                                                                                                    |        |             |            |            |             | 2      | 2               |
| clock network delay (ideal)                                                                                                                                                     |        |             |            |            |             | 0.000  | 2.000           |
| u_core.u_regfile.rf[21]_2__reg_p:CK (DFFQX1H7L)                                                                                                                                 |        |             |            |            |             |        | 2.000r          |
| library setup time                                                                                                                                                              |        |             |            |            |             | -0.183 | 1.817           |
| clock reconvergence pessimism                                                                                                                                                   |        |             |            |            |             | 0.000  | 1.817           |
|                                                                                                                                                                                 |        |             |            |            |             |        |                 |
| path cell delay                                                                                                                                                                 |        |             |            |            |             |        | 3.328(100.000%) |
| path net delay                                                                                                                                                                  |        |             |            |            |             |        | 0.000(0.000%)   |
|                                                                                                                                                                                 |        |             |            |            |             |        |                 |
| data require time                                                                                                                                                               |        |             |            |            |             |        | 1.817           |
| data arrival time                                                                                                                                                               |        |             |            |            |             |        | 3.328           |
| slack (VIOLATED)                                                                                                                                                                |        |             |            |            |             |        | -1.510          |
+---------------------------------------------------------------------------------------------------------------------------------------------------------------------------------+--------+-------------+------------+------------+-------------+--------+-----------------+
+---------------------------------------------------------------------------------------------------------------------------------------------------------------------------------+--------+-------------+------------+------------+-------------+--------+-----------------+
| Point                                                                                                                                                                           | Fanout | Capacitance | Resistance | Transition | Delta Delay | Incr   | Path            |
+---------------------------------------------------------------------------------------------------------------------------------------------------------------------------------+--------+-------------+------------+------------+-------------+--------+-----------------+
| clk (port)                                                                                                                                                                      |        | 0.307       | 0.000      | 0.000      |             | 0.000  | 0.000r          |
| clk (clock net)                                                                                                                                                                 | 275    |             |            |            | NA          |        |                 |
| u_core.ctrl_ir_we_ICGX0P5H7L_E:CK (ICGX0P5H7L)                                                                                                                                  |        | 0.002       | 0.000      | 0.000      |             | 0.000  | 0.000r          |
| u_core.ctrl_ir_we_ICGX0P5H7L_E:ECK (ICGX0P5H7L)                                                                                                                                 |        | 0.057       | 0.000      | 0.000      |             | 0.000  | 0.000r          |
| ir_dbg[0]_reg_p_CK (clock net)                                                                                                                                                  | 64     |             |            |            | NA          |        |                 |
| ir_dbg[5]_reg_p:CK (DFFQX1H7L)                                                                                                                                                  |        | 0.001       | 0.000      | 0.000      |             | 0.000  | 0.000r          |
| clock core_clock (rise edge)                                                                                                                                                    |        |             |            |            |             | 0      | 0               |
| clock network delay (ideal)                                                                                                                                                     |        |             |            |            |             | 0.000  | 0.000           |
| ir_dbg[5]_reg_p:CK (DFFQX1H7L)                                                                                                                                                  |        | 0.001       | 0.000      | 0.000      |             | 0.000  | 0.000r          |
| ir_dbg[5]_reg_p:Q (DFFQX1H7L)                                                                                                                                                   |        | 0.001       | 0.000      | 0.040      |             | 0.143  | 0.143r          |
| ir_dbg_5_ (net)                                                                                                                                                                 | 2      |             |            |            | 0.000       |        |                 |
| halt_NAND3BBX0P5H7L_BN_Y_AO211X1P4H7L_A0_A1_AO211X1H7L_Y_B0_NOR4X0P7H7L_Y_A_BUFX5H7L_Y:A (BUFX5H7L)                                                                             |        | 0.001       | 0.000      | 0.040      |             | 0.000  | 0.143r          |
| halt_NAND3BBX0P5H7L_BN_Y_AO211X1P4H7L_A0_A1_AO211X1H7L_Y_B0_NOR4X0P7H7L_Y_A_BUFX5H7L_Y:Y (BUFX5H7L)                                                                             |        | 0.011       | 0.000      | 0.078      |             | 0.086  | 0.230r          |
| halt_NAND3BBX0P5H7L_BN_Y_AO211X1P4H7L_A0_A1_AO211X1H7L_Y_B0_NOR4X0P7H7L_Y_A (net)                                                                                               | 14     |             |            |            | 0.000       |        |                 |
| halt_NAND3BBX0P5H7L_BN_Y_AOI211X0P5H7L_B0_Y_NAND4X0P5H7L_C_A_NAND4X1P4H7L_Y_A_NOR4X0P5H7L_Y_C_NAND3X1P4H7L_Y:A (NAND3X1P4H7L)                                                   |        | 0.001       | 0.000      | 0.078      |             | 0.000  | 0.230r          |
| halt_NAND3BBX0P5H7L_BN_Y_AOI211X0P5H7L_B0_Y_NAND4X0P5H7L_C_A_NAND4X1P4H7L_Y_A_NOR4X0P5H7L_Y_C_NAND3X1P4H7L_Y:Y (NAND3X1P4H7L)                                                   |        | 0.007       | 0.000      | 0.241      |             | 0.172  | 0.401f          |
| halt_NAND3BBX0P5H7L_BN_Y_AOI211X0P5H7L_B0_Y_NAND4X0P5H7L_C_A_NAND4X1P4H7L_Y_A_NOR4X0P5H7L_Y_C (net)                                                                             | 6      |             |            |            | 0.000       |        |                 |
| u_core.alu_out_19__AOI22X0P5H7L_A0_B1_AOAI211X0P5H7L_Y_B0_NAND2BX0P5H7L_B_AN_NOR4X3H7L_D:C (NOR4X3H7L)                                                                          |        | 0.002       | 0.000      | 0.241      |             | 0.000  | 0.401f          |
| u_core.alu_out_19__AOI22X0P5H7L_A0_B1_AOAI211X0P5H7L_Y_B0_NAND2BX0P5H7L_B_AN_NOR4X3H7L_D:Y (NOR4X3H7L)                                                                          |        | 0.005       | 0.000      | 0.290      |             | 0.257  | 0.658r          |
| halt_NAND3BBX0P5H7L_BN_Y_AO211X1P4H7L_A0_C0_AOI2XB1X0P5H7L_Y_B0_NAND2X0P5H7L_Y_A_NAND4X1P4H7L_Y_A (net)                                                                         | 6      |             |            |            | 0.000       |        |                 |
| u_core.u_regfile.rf[2]_2__MUX4X1P4H7L_A_Y_NOR3X0P5H7L_C_Y_NOR3X0P5H7L_B_A_AND4X1P4H7L_C:A (AND4X1P4H7L)                                                                         |        | 0.001       | 0.000      | 0.290      |             | 0.000  | 0.658r          |
| u_core.u_regfile.rf[2]_2__MUX4X1P4H7L_A_Y_NOR3X0P5H7L_C_Y_NOR3X0P5H7L_B_A_AND4X1P4H7L_C:Y (AND4X1P4H7L)                                                                         |        | 0.001       | 0.000      | 0.063      |             | 0.182  | 0.840r          |
| u_core.u_regfile.rf[2]_2__MUX4X1P4H7L_A_Y_NOR3X0P5H7L_C_Y_NOR3X0P5H7L_B_A_AND4X1P4H7L_C_Y (net)                                                                                 | 1      |             |            |            | 0.000       |        |                 |
| u_core.u_regfile.rf[2]_2__MUX4X1P4H7L_A_Y_NOR3X0P5H7L_C_Y_NOR3X0P5H7L_B_A_AND4X1P4H7L_C_Y_BUFX5H7L_A:A (BUFX5H7L)                                                               |        | 0.001       | 0.000      | 0.063      |             | 0.000  | 0.840r          |
| u_core.u_regfile.rf[2]_2__MUX4X1P4H7L_A_Y_NOR3X0P5H7L_C_Y_NOR3X0P5H7L_B_A_AND4X1P4H7L_C_Y_BUFX5H7L_A:Y (BUFX5H7L)                                                               |        | 0.007       | 0.000      | 0.051      |             | 0.079  | 0.919r          |
| u_core.csr_mtvec_5__NOR2BX1H7L_AN_B_NOR2X1P4H7L_Y_B (net)                                                                                                                       | 8      |             |            |            | 0.000       |        |                 |
| halt_NAND3BBX0P5H7L_BN_Y_AOI211X0P5H7L_B0_C0_OAI211X0P7H7L_Y_B0_NAND3X0P5H7L_Y_B_OAI21X1P4H7L_B0_Y_OA31X3H7L_A2:A1 (OA31X3H7L)                                                  |        | 0.001       | 0.000      | 0.051      |             | 0.000  | 0.919r          |
| halt_NAND3BBX0P5H7L_BN_Y_AOI211X0P5H7L_B0_C0_OAI211X0P7H7L_Y_B0_NAND3X0P5H7L_Y_B_OAI21X1P4H7L_B0_Y_OA31X3H7L_A2:Y (OA31X3H7L)                                                   |        | 0.003       | 0.000      | 0.053      |             | 0.106  | 1.025r          |
| halt_NAND3BBX0P5H7L_BN_Y_AOI211X0P5H7L_B0_C0_OAI211X0P7H7L_Y_B0_NAND3X0P5H7L_Y_B_OAI21X1P4H7L_B0_Y_OA31X3H7L_A2_Y (net)                                                         | 1      |             |            |            | 0.000       |        |                 |
| halt_NAND3BBX0P5H7L_BN_Y_AOI211X0P5H7L_B0_C0_OAI211X0P7H7L_Y_B0_NAND3X0P5H7L_Y_B_OAI21X1P4H7L_B0_Y_OA31X3H7L_A2_Y_BUFX16H7L_A:A (BUFX16H7L)                                     |        | 0.003       | 0.000      | 0.053      |             | 0.000  | 1.025r          |
| halt_NAND3BBX0P5H7L_BN_Y_AOI211X0P5H7L_B0_C0_OAI211X0P7H7L_Y_B0_NAND3X0P5H7L_Y_B_OAI21X1P4H7L_B0_Y_OA31X3H7L_A2_Y_BUFX16H7L_A:Y (BUFX16H7L)                                     |        | 0.015       | 0.000      | 0.040      |             | 0.067  | 1.092r          |
| u_core.alu_result_9__OAOI211X0P5H7L_Y_A0 (net)                                                                                                                                  | 17     |             |            |            | 0.000       |        |                 |
| pc[7]_reg_p_D_OAOI211X1P4H7L_Y_A1_AOI21X0P5H7L_Y_A1_XOR2X0P5H7L_Y_A_XNOR2X0P5H7L_Y_A_XNOR2X0P5H7L_Y_A_NOR2X6H7L_Y:A (NOR2X6H7L)                                                 |        | 0.003       | 0.000      | 0.040      |             | 0.000  | 1.092r          |
| pc[7]_reg_p_D_OAOI211X1P4H7L_Y_A1_AOI21X0P5H7L_Y_A1_XOR2X0P5H7L_Y_A_XNOR2X0P5H7L_Y_A_XNOR2X0P5H7L_Y_A_NOR2X6H7L_Y:Y (NOR2X6H7L)                                                 |        | 0.007       | 0.000      | 0.039      |             | 0.034  | 1.125f          |
| pc[7]_reg_p_D_OAOI211X1P4H7L_Y_A1_AOI21X0P5H7L_Y_A1_XOR2X0P5H7L_Y_A_XNOR2X0P5H7L_Y_A_XNOR2X0P5H7L_Y_A (net)                                                                     | 5      |             |            |            | 0.000       |        |                 |
| pc[7]_reg_p_D_OAOI211X1P4H7L_Y_A1_AOI21X0P5H7L_Y_A1_XOR2X0P5H7L_Y_A_XNOR2X0P5H7L_Y_A_XNOR2X0P5H7L_Y_A_BUFX16H7L_A:A (BUFX16H7L)                                                 |        | 0.003       | 0.000      | 0.039      |             | 0.000  | 1.125f          |
| pc[7]_reg_p_D_OAOI211X1P4H7L_Y_A1_AOI21X0P5H7L_Y_A1_XOR2X0P5H7L_Y_A_XNOR2X0P5H7L_Y_A_XNOR2X0P5H7L_Y_A_BUFX16H7L_A:Y (BUFX16H7L)                                                 |        | 0.025       | 0.000      | 0.044      |             | 0.076  | 1.201f          |
| u_core.alu_result_25__AOA211X1P4H7L_Y_A1_XOR2X0P5H7L_Y_A_XOR2X1H7L_Y_B_XNOR2X0P5H7L_Y_A (net)                                                                                   | 24     |             |            |            | 0.000       |        |                 |
| u_core.alu_result_17__AOI31X0P5H7L_Y_A2_NAND2X0P5H7L_Y_B_XNOR2X0P5H7L_Y_A_XNOR2X1H7L_Y_A_XNOR2X3H7L_Y:A (XNOR2X3H7L)                                                            |        | 0.002       | 0.000      | 0.044      |             | 0.000  | 1.201f          |
| u_core.alu_result_17__AOI31X0P5H7L_Y_A2_NAND2X0P5H7L_Y_B_XNOR2X0P5H7L_Y_A_XNOR2X1H7L_Y_A_XNOR2X3H7L_Y:Y (XNOR2X3H7L)                                                            |        | 0.004       | 0.000      | 0.061      |             | 0.115  | 1.316f          |
| u_core.alu_result_17__AOI31X0P5H7L_Y_A2_NAND2X0P5H7L_Y_B_XNOR2X0P5H7L_Y_A_XNOR2X1H7L_Y_A (net)                                                                                  | 4      |             |            |            | 0.000       |        |                 |
| u_core.alu_result_19__AOA211X1P4H7L_Y_A1_XOR2X0P5H7L_Y_B_MUX2X0P5H7L_Y_S0_AOI21X1P4H7L_Y_A0_AOI21X1H7L_A0_Y_OAI211X1P4H7L_A0_B0_NAND3X1H7L_Y_C_AOI21X0P5H7L_Y:A0 (AOI21X0P5H7L) |        | 0.001       | 0.000      | 0.061      |             | 0.000  | 1.316f          |
| u_core.alu_result_19__AOA211X1P4H7L_Y_A1_XOR2X0P5H7L_Y_B_MUX2X0P5H7L_Y_S0_AOI21X1P4H7L_Y_A0_AOI21X1H7L_A0_Y_OAI211X1P4H7L_A0_B0_NAND3X1H7L_Y_C_AOI21X0P5H7L_Y:Y (AOI21X0P5H7L)  |        | 0.002       | 0.000      | 0.130      |             | 0.113  | 1.429r          |
| u_core.alu_result_19__AOA211X1P4H7L_Y_A1_XOR2X0P5H7L_Y_B_MUX2X0P5H7L_Y_S0_AOI21X1P4H7L_Y_A0_AOI21X1H7L_A0_Y_OAI211X1P4H7L_A0_B0_NAND3X1H7L_Y_C (net)                            | 2      |             |            |            | 0.000       |        |                 |
| u_core.alu_result_19__AOA211X1P4H7L_Y_A1_XOR2X0P5H7L_Y_B_MUX2X0P5H7L_Y_S0_AOI21X1P4H7L_Y_A0_AOI21X1H7L_A0_Y_OAI211X1P4H7L_A0_C0_AOAI211X0P7H7L_Y:A1 (AOAI211X0P7H7L)            |        | 0.001       | 0.000      | 0.130      |             | 0.000  | 1.429r          |
| u_core.alu_result_19__AOA211X1P4H7L_Y_A1_XOR2X0P5H7L_Y_B_MUX2X0P5H7L_Y_S0_AOI21X1P4H7L_Y_A0_AOI21X1H7L_A0_Y_OAI211X1P4H7L_A0_C0_AOAI211X0P7H7L_Y:Y (AOAI211X0P7H7L)             |        | 0.001       | 0.000      | 0.079      |             | 0.100  | 1.529f          |
| u_core.alu_result_19__AOA211X1P4H7L_Y_A1_XOR2X0P5H7L_Y_B_MUX2X0P5H7L_Y_S0_AOI21X1P4H7L_Y_A0_AOI21X1H7L_A0_Y_OAI211X1P4H7L_A0_C0 (net)                                           | 1      |             |            |            | 0.000       |        |                 |
| u_core.alu_result_19__AOA211X1P4H7L_Y_A1_XOR2X0P5H7L_Y_B_MUX2X0P5H7L_Y_S0_AOI21X1P4H7L_Y_A0_AOI21X1H7L_A0_Y_OAI211X1P4H7L_A0:C0 (OAI211X1P4H7L)                                 |        | 0.001       | 0.000      | 0.079      |             | 0.000  | 1.529f          |
| u_core.alu_result_19__AOA211X1P4H7L_Y_A1_XOR2X0P5H7L_Y_B_MUX2X0P5H7L_Y_S0_AOI21X1P4H7L_Y_A0_AOI21X1H7L_A0_Y_OAI211X1P4H7L_A0:Y (OAI211X1P4H7L)                                  |        | 0.002       | 0.000      | 0.139      |             | 0.065  | 1.595r          |
| u_core.alu_result_28__OAI31X0P5H7L_Y_A2_NOR3X0P5H7L_Y_B_AOA211X1H7L_B0_Y_NOR4X1H7L_B_A_OAOI211X1P4H7L_Y_A1 (net)                                                                | 3      |             |            |            | 0.000       |        |                 |
| u_core.alu_result_28__OAI31X0P5H7L_Y_A2_NOR3X0P5H7L_Y_B_AOA211X1H7L_B0_Y_NOR4X1H7L_B_A_OAOI211X1P4H7L_Y:A1 (OAOI211X1P4H7L)                                                     |        | 0.001       | 0.000      | 0.139      |             | 0.000  | 1.595r          |
| u_core.alu_result_28__OAI31X0P5H7L_Y_A2_NOR3X0P5H7L_Y_B_AOA211X1H7L_B0_Y_NOR4X1H7L_B_A_OAOI211X1P4H7L_Y:Y (OAOI211X1P4H7L)                                                      |        | 0.002       | 0.000      | 0.067      |             | 0.083  | 1.678f          |
| u_core.alu_result_28__OAI31X0P5H7L_Y_A2_NOR3X0P5H7L_Y_B_AOA211X1H7L_B0_Y_NOR4X1H7L_B_A (net)                                                                                    | 2      |             |            |            | 0.000       |        |                 |
| u_core.alu_result_28__OAI31X0P5H7L_Y_A2_NOR3X0P5H7L_Y_B_AOA211X1H7L_B0_Y_NOR3X1P4H7L_B:A (NOR3X1P4H7L)                                                                          |        | 0.001       | 0.000      | 0.067      |             | 0.000  | 1.678f          |
| u_core.alu_result_28__OAI31X0P5H7L_Y_A2_NOR3X0P5H7L_Y_B_AOA211X1H7L_B0_Y_NOR3X1P4H7L_B:Y (NOR3X1P4H7L)                                                                          |        | 0.004       | 0.000      | 0.261      |             | 0.187  | 1.865r          |
| u_core.alu_result_31__OAOI211X0P5H7L_Y_A1_XNOR2X0P5H7L_Y_A_AOI31X0P5H7L_Y_A1 (net)                                                                                              | 6      |             |            |            | 0.000       |        |                 |
| pc[0]_reg_p_D_AOA211X1P4H7L_Y_A0_AO221X0P7H7L_Y_A1_NOR2X0P5H7L_Y_B_MUXI2X0P7H7L_B_S0_NAND4X0P5H7L_A_Y_AOA211X2H7L_B0:A1 (AOA211X2H7L)                                           |        | 0.001       | 0.000      | 0.261      |             | 0.000  | 1.865r          |
| pc[0]_reg_p_D_AOA211X1P4H7L_Y_A0_AO221X0P7H7L_Y_A1_NOR2X0P5H7L_Y_B_MUXI2X0P7H7L_B_S0_NAND4X0P5H7L_A_Y_AOA211X2H7L_B0:Y (AOA211X2H7L)                                            |        | 0.002       | 0.000      | 0.056      |             | 0.177  | 2.042r          |
| u_core.alu_result_31__OAOI211X0P5H7L_Y_A1_NAND3X0P7H7L_C_B_OAI21X0P5H7L_Y_A1 (net)                                                                                              | 2      |             |            |            | 0.000       |        |                 |
| u_core.alu_result_31__OAOI211X0P5H7L_Y_A1_NAND3X0P7H7L_C_B_OAI21X0P5H7L_Y_A1_OAI211X2H7L_A1:A1 (OAI211X2H7L)                                                                    |        | 0.001       | 0.000      | 0.056      |             | 0.000  | 2.042r          |
| u_core.alu_result_31__OAOI211X0P5H7L_Y_A1_NAND3X0P7H7L_C_B_OAI21X0P5H7L_Y_A1_OAI211X2H7L_A1:Y (OAI211X2H7L)                                                                     |        | 0.003       | 0.000      | 0.105      |             | 0.089  | 2.130f          |
| u_core.alu_result_31__OAOI211X0P5H7L_Y_A1_OA221X4H7L_B0_B1_OR2X1P4H7L_Y_B (net)                                                                                                 | 4      |             |            |            | 0.000       |        |                 |
| u_core.alu_result_31__OAOI211X0P5H7L_Y_A1_OA221X4H7L_B0_B1_OR2X1P4H7L_Y:B (OR2X1P4H7L)                                                                                          |        | 0.001       | 0.000      | 0.105      |             | 0.000  | 2.130f          |
| u_core.alu_result_31__OAOI211X0P5H7L_Y_A1_OA221X4H7L_B0_B1_OR2X1P4H7L_Y:Y (OR2X1P4H7L)                                                                                          |        | 0.001       | 0.000      | 0.037      |             | 0.113  | 2.243f          |
| u_core.alu_result_31__OAOI211X0P5H7L_Y_A1_OA221X4H7L_B0_B1 (net)                                                                                                                | 1      |             |            |            | 0.000       |        |                 |
| u_core.alu_result_31__OAOI211X0P5H7L_Y_A1_OA221X4H7L_B0:B1 (OA221X4H7L)                                                                                                         |        | 0.001       | 0.000      | 0.037      |             | 0.000  | 2.243f          |
| u_core.alu_result_31__OAOI211X0P5H7L_Y_A1_OA221X4H7L_B0:Y (OA221X4H7L)                                                                                                          |        | 0.002       | 0.000      | 0.050      |             | 0.124  | 2.367f          |
| pc[0]_reg_p_D_AOA211X1P4H7L_Y_A0_AO221X0P7H7L_Y_B1 (net)                                                                                                                        | 3      |             |            |            | 0.000       |        |                 |
| pc[0]_reg_p_D_AOA211X1P4H7L_Y_A1_NAND2X0P5H7L_Y_B_OAI21X0P5H7L_Y_A1_OAO211X4H7L_A1:A0 (OAO211X4H7L)                                                                             |        | 0.001       | 0.000      | 0.050      |             | 0.000  | 2.367f          |
| pc[0]_reg_p_D_AOA211X1P4H7L_Y_A1_NAND2X0P5H7L_Y_B_OAI21X0P5H7L_Y_A1_OAO211X4H7L_A1:Y (OAO211X4H7L)                                                                              |        | 0.003       | 0.000      | 0.060      |             | 0.169  | 2.536f          |
| pc[0]_reg_p_D_AOA211X1P4H7L_Y_A1_NAND2X0P5H7L_Y_B_OAI21X0P5H7L_Y_A1_OAO211X4H7L_A1_Y (net)                                                                                      | 1      |             |            |            | 0.000       |        |                 |
| pc[0]_reg_p_D_AOA211X1P4H7L_Y_A1_NAND2X0P5H7L_Y_B_OAI21X0P5H7L_Y_A1_OAO211X4H7L_A1_Y_BUFX12H7L_A:A (BUFX12H7L)                                                                  |        | 0.003       | 0.000      | 0.060      |             | 0.000  | 2.536f          |
| pc[0]_reg_p_D_AOA211X1P4H7L_Y_A1_NAND2X0P5H7L_Y_B_OAI21X0P5H7L_Y_A1_OAO211X4H7L_A1_Y_BUFX12H7L_A:Y (BUFX12H7L)                                                                  |        | 0.010       | 0.000      | 0.032      |             | 0.074  | 2.611f          |
| pc[20]_reg_p_D_NOR2X1P4H7L_Y_B_MUX2X0P5H7L_Y_S0 (net)                                                                                                                           | 6      |             |            |            | 0.000       |        |                 |
| pc[20]_reg_p_D_NOR2X1P4H7L_Y_B_MUX2X0P5H7L_Y_S0_BUFX7H7L_A:A (BUFX7H7L)                                                                                                         |        | 0.002       | 0.000      | 0.032      |             | 0.000  | 2.611f          |
| pc[20]_reg_p_D_NOR2X1P4H7L_Y_B_MUX2X0P5H7L_Y_S0_BUFX7H7L_A:Y (BUFX7H7L)                                                                                                         |        | 0.017       | 0.000      | 0.057      |             | 0.083  | 2.693f          |
| pc[9]_reg_p_D_AOA211X1P4H7L_Y_A0 (net)                                                                                                                                          | 24     |             |            |            | 0.000       |        |                 |
| pc[0]_reg_p_CK_ICGX0P5H7L_ECK_E_OA21X0P7H7L_Y:A0 (OA21X0P7H7L)                                                                                                                  |        | 0.001       | 0.000      | 0.057      |             | 0.000  | 2.693f          |
| pc[0]_reg_p_CK_ICGX0P5H7L_ECK_E_OA21X0P7H7L_Y:Y (OA21X0P7H7L)                                                                                                                   |        | 0.001       | 0.000      | 0.049      |             | 0.113  | 2.806f          |
| pc[0]_reg_p_CK_ICGX0P5H7L_ECK_E (net)                                                                                                                                           | 1      |             |            |            | 0.000       |        |                 |
| pc[0]_reg_p_CK_ICGX0P5H7L_ECK:E (ICGX0P5H7L)                                                                                                                                    |        | 0.001       | 0.000      | 0.049      |             | 0.000  | 2.806f          |
|                                                                                                                                                                                 |        |             |            |            |             |        |                 |
| clk (port)                                                                                                                                                                      |        | 0.223       | 0.000      | 0.000      |             | 0.000  | 0.000r          |
| clk (clock net)                                                                                                                                                                 | 275    |             |            |            | NA          |        |                 |
| pc[0]_reg_p_CK_ICGX0P5H7L_ECK:CK (ICGX0P5H7L)                                                                                                                                   |        | 0.002       | 0.000      | 0.000      |             | 0.000  | 0.000r          |
| clock core_clock (rise edge)                                                                                                                                                    |        |             |            |            |             | 2      | 2               |
| clock network delay (ideal)                                                                                                                                                     |        |             |            |            |             | 0.000  | 2.000           |
| pc[0]_reg_p_CK_ICGX0P5H7L_ECK:CK (ICGX0P5H7L)                                                                                                                                   |        |             |            |            |             |        | 2.000r          |
| library setup time                                                                                                                                                              |        |             |            |            |             | -0.064 | 1.936           |
| clock reconvergence pessimism                                                                                                                                                   |        |             |            |            |             | 0.000  | 1.936           |
|                                                                                                                                                                                 |        |             |            |            |             |        |                 |
| path cell delay                                                                                                                                                                 |        |             |            |            |             |        | 2.806(100.000%) |
| path net delay                                                                                                                                                                  |        |             |            |            |             |        | 0.000(0.000%)   |
|                                                                                                                                                                                 |        |             |            |            |             |        |                 |
| data require time                                                                                                                                                               |        |             |            |            |             |        | 1.936           |
| data arrival time                                                                                                                                                               |        |             |            |            |             |        | 2.806           |
| slack (VIOLATED)                                                                                                                                                                |        |             |            |            |             |        | -0.870          |
+---------------------------------------------------------------------------------------------------------------------------------------------------------------------------------+--------+-------------+------------+------------+-------------+--------+-----------------+
+---------------------------------------------------------------------------------------------------------------------------------------------------------------------------------+--------+-------------+------------+------------+-------------+--------+-----------------+
| Point                                                                                                                                                                           | Fanout | Capacitance | Resistance | Transition | Delta Delay | Incr   | Path            |
+---------------------------------------------------------------------------------------------------------------------------------------------------------------------------------+--------+-------------+------------+------------+-------------+--------+-----------------+
| clk (port)                                                                                                                                                                      |        | 0.307       | 0.000      | 0.000      |             | 0.000  | 0.000r          |
| clk (clock net)                                                                                                                                                                 | 275    |             |            |            | NA          |        |                 |
| u_core.ctrl_ir_we_ICGX0P5H7L_E:CK (ICGX0P5H7L)                                                                                                                                  |        | 0.002       | 0.000      | 0.000      |             | 0.000  | 0.000r          |
| u_core.ctrl_ir_we_ICGX0P5H7L_E:ECK (ICGX0P5H7L)                                                                                                                                 |        | 0.057       | 0.000      | 0.000      |             | 0.000  | 0.000r          |
| ir_dbg[0]_reg_p_CK (clock net)                                                                                                                                                  | 64     |             |            |            | NA          |        |                 |
| ir_dbg[5]_reg_p:CK (DFFQX1H7L)                                                                                                                                                  |        | 0.001       | 0.000      | 0.000      |             | 0.000  | 0.000r          |
| clock core_clock (rise edge)                                                                                                                                                    |        |             |            |            |             | 0      | 0               |
| clock network delay (ideal)                                                                                                                                                     |        |             |            |            |             | 0.000  | 0.000           |
| ir_dbg[5]_reg_p:CK (DFFQX1H7L)                                                                                                                                                  |        | 0.001       | 0.000      | 0.000      |             | 0.000  | 0.000r          |
| ir_dbg[5]_reg_p:Q (DFFQX1H7L)                                                                                                                                                   |        | 0.001       | 0.000      | 0.040      |             | 0.143  | 0.143r          |
| ir_dbg_5_ (net)                                                                                                                                                                 | 2      |             |            |            | 0.000       |        |                 |
| halt_NAND3BBX0P5H7L_BN_Y_AO211X1P4H7L_A0_A1_AO211X1H7L_Y_B0_NOR4X0P7H7L_Y_A_BUFX5H7L_Y:A (BUFX5H7L)                                                                             |        | 0.001       | 0.000      | 0.040      |             | 0.000  | 0.143r          |
| halt_NAND3BBX0P5H7L_BN_Y_AO211X1P4H7L_A0_A1_AO211X1H7L_Y_B0_NOR4X0P7H7L_Y_A_BUFX5H7L_Y:Y (BUFX5H7L)                                                                             |        | 0.011       | 0.000      | 0.078      |             | 0.086  | 0.230r          |
| halt_NAND3BBX0P5H7L_BN_Y_AO211X1P4H7L_A0_A1_AO211X1H7L_Y_B0_NOR4X0P7H7L_Y_A (net)                                                                                               | 14     |             |            |            | 0.000       |        |                 |
| halt_NAND3BBX0P5H7L_BN_Y_AOI211X0P5H7L_B0_Y_NAND4X0P5H7L_C_A_NAND4X1P4H7L_Y_A_NOR4X0P5H7L_Y_C_NAND3X1P4H7L_Y:A (NAND3X1P4H7L)                                                   |        | 0.001       | 0.000      | 0.078      |             | 0.000  | 0.230r          |
| halt_NAND3BBX0P5H7L_BN_Y_AOI211X0P5H7L_B0_Y_NAND4X0P5H7L_C_A_NAND4X1P4H7L_Y_A_NOR4X0P5H7L_Y_C_NAND3X1P4H7L_Y:Y (NAND3X1P4H7L)                                                   |        | 0.007       | 0.000      | 0.241      |             | 0.172  | 0.401f          |
| halt_NAND3BBX0P5H7L_BN_Y_AOI211X0P5H7L_B0_Y_NAND4X0P5H7L_C_A_NAND4X1P4H7L_Y_A_NOR4X0P5H7L_Y_C (net)                                                                             | 6      |             |            |            | 0.000       |        |                 |
| u_core.alu_out_19__AOI22X0P5H7L_A0_B1_AOAI211X0P5H7L_Y_B0_NAND2BX0P5H7L_B_AN_NOR4X3H7L_D:C (NOR4X3H7L)                                                                          |        | 0.002       | 0.000      | 0.241      |             | 0.000  | 0.401f          |
| u_core.alu_out_19__AOI22X0P5H7L_A0_B1_AOAI211X0P5H7L_Y_B0_NAND2BX0P5H7L_B_AN_NOR4X3H7L_D:Y (NOR4X3H7L)                                                                          |        | 0.005       | 0.000      | 0.290      |             | 0.257  | 0.658r          |
| halt_NAND3BBX0P5H7L_BN_Y_AO211X1P4H7L_A0_C0_AOI2XB1X0P5H7L_Y_B0_NAND2X0P5H7L_Y_A_NAND4X1P4H7L_Y_A (net)                                                                         | 6      |             |            |            | 0.000       |        |                 |
| u_core.u_regfile.rf[2]_2__MUX4X1P4H7L_A_Y_NOR3X0P5H7L_C_Y_NOR3X0P5H7L_B_A_AND4X1P4H7L_C:A (AND4X1P4H7L)                                                                         |        | 0.001       | 0.000      | 0.290      |             | 0.000  | 0.658r          |
| u_core.u_regfile.rf[2]_2__MUX4X1P4H7L_A_Y_NOR3X0P5H7L_C_Y_NOR3X0P5H7L_B_A_AND4X1P4H7L_C:Y (AND4X1P4H7L)                                                                         |        | 0.001       | 0.000      | 0.063      |             | 0.182  | 0.840r          |
| u_core.u_regfile.rf[2]_2__MUX4X1P4H7L_A_Y_NOR3X0P5H7L_C_Y_NOR3X0P5H7L_B_A_AND4X1P4H7L_C_Y (net)                                                                                 | 1      |             |            |            | 0.000       |        |                 |
| u_core.u_regfile.rf[2]_2__MUX4X1P4H7L_A_Y_NOR3X0P5H7L_C_Y_NOR3X0P5H7L_B_A_AND4X1P4H7L_C_Y_BUFX5H7L_A:A (BUFX5H7L)                                                               |        | 0.001       | 0.000      | 0.063      |             | 0.000  | 0.840r          |
| u_core.u_regfile.rf[2]_2__MUX4X1P4H7L_A_Y_NOR3X0P5H7L_C_Y_NOR3X0P5H7L_B_A_AND4X1P4H7L_C_Y_BUFX5H7L_A:Y (BUFX5H7L)                                                               |        | 0.007       | 0.000      | 0.051      |             | 0.079  | 0.919r          |
| u_core.csr_mtvec_5__NOR2BX1H7L_AN_B_NOR2X1P4H7L_Y_B (net)                                                                                                                       | 8      |             |            |            | 0.000       |        |                 |
| halt_NAND3BBX0P5H7L_BN_Y_AOI211X0P5H7L_B0_C0_OAI211X0P7H7L_Y_B0_NAND3X0P5H7L_Y_B_OAI21X1P4H7L_B0_Y_OA31X3H7L_A2:A1 (OA31X3H7L)                                                  |        | 0.001       | 0.000      | 0.051      |             | 0.000  | 0.919r          |
| halt_NAND3BBX0P5H7L_BN_Y_AOI211X0P5H7L_B0_C0_OAI211X0P7H7L_Y_B0_NAND3X0P5H7L_Y_B_OAI21X1P4H7L_B0_Y_OA31X3H7L_A2:Y (OA31X3H7L)                                                   |        | 0.003       | 0.000      | 0.053      |             | 0.106  | 1.025r          |
| halt_NAND3BBX0P5H7L_BN_Y_AOI211X0P5H7L_B0_C0_OAI211X0P7H7L_Y_B0_NAND3X0P5H7L_Y_B_OAI21X1P4H7L_B0_Y_OA31X3H7L_A2_Y (net)                                                         | 1      |             |            |            | 0.000       |        |                 |
| halt_NAND3BBX0P5H7L_BN_Y_AOI211X0P5H7L_B0_C0_OAI211X0P7H7L_Y_B0_NAND3X0P5H7L_Y_B_OAI21X1P4H7L_B0_Y_OA31X3H7L_A2_Y_BUFX16H7L_A:A (BUFX16H7L)                                     |        | 0.003       | 0.000      | 0.053      |             | 0.000  | 1.025r          |
| halt_NAND3BBX0P5H7L_BN_Y_AOI211X0P5H7L_B0_C0_OAI211X0P7H7L_Y_B0_NAND3X0P5H7L_Y_B_OAI21X1P4H7L_B0_Y_OA31X3H7L_A2_Y_BUFX16H7L_A:Y (BUFX16H7L)                                     |        | 0.015       | 0.000      | 0.040      |             | 0.067  | 1.092r          |
| u_core.alu_result_9__OAOI211X0P5H7L_Y_A0 (net)                                                                                                                                  | 17     |             |            |            | 0.000       |        |                 |
| pc[7]_reg_p_D_OAOI211X1P4H7L_Y_A1_AOI21X0P5H7L_Y_A1_XOR2X0P5H7L_Y_A_XNOR2X0P5H7L_Y_A_XNOR2X0P5H7L_Y_A_NOR2X6H7L_Y:A (NOR2X6H7L)                                                 |        | 0.003       | 0.000      | 0.040      |             | 0.000  | 1.092r          |
| pc[7]_reg_p_D_OAOI211X1P4H7L_Y_A1_AOI21X0P5H7L_Y_A1_XOR2X0P5H7L_Y_A_XNOR2X0P5H7L_Y_A_XNOR2X0P5H7L_Y_A_NOR2X6H7L_Y:Y (NOR2X6H7L)                                                 |        | 0.007       | 0.000      | 0.039      |             | 0.034  | 1.125f          |
| pc[7]_reg_p_D_OAOI211X1P4H7L_Y_A1_AOI21X0P5H7L_Y_A1_XOR2X0P5H7L_Y_A_XNOR2X0P5H7L_Y_A_XNOR2X0P5H7L_Y_A (net)                                                                     | 5      |             |            |            | 0.000       |        |                 |
| pc[7]_reg_p_D_OAOI211X1P4H7L_Y_A1_AOI21X0P5H7L_Y_A1_XOR2X0P5H7L_Y_A_XNOR2X0P5H7L_Y_A_XNOR2X0P5H7L_Y_A_BUFX16H7L_A:A (BUFX16H7L)                                                 |        | 0.003       | 0.000      | 0.039      |             | 0.000  | 1.125f          |
| pc[7]_reg_p_D_OAOI211X1P4H7L_Y_A1_AOI21X0P5H7L_Y_A1_XOR2X0P5H7L_Y_A_XNOR2X0P5H7L_Y_A_XNOR2X0P5H7L_Y_A_BUFX16H7L_A:Y (BUFX16H7L)                                                 |        | 0.025       | 0.000      | 0.044      |             | 0.076  | 1.201f          |
| u_core.alu_result_25__AOA211X1P4H7L_Y_A1_XOR2X0P5H7L_Y_A_XOR2X1H7L_Y_B_XNOR2X0P5H7L_Y_A (net)                                                                                   | 24     |             |            |            | 0.000       |        |                 |
| u_core.alu_result_17__AOI31X0P5H7L_Y_A2_NAND2X0P5H7L_Y_B_XNOR2X0P5H7L_Y_A_XNOR2X1H7L_Y_A_XNOR2X3H7L_Y:A (XNOR2X3H7L)                                                            |        | 0.002       | 0.000      | 0.044      |             | 0.000  | 1.201f          |
| u_core.alu_result_17__AOI31X0P5H7L_Y_A2_NAND2X0P5H7L_Y_B_XNOR2X0P5H7L_Y_A_XNOR2X1H7L_Y_A_XNOR2X3H7L_Y:Y (XNOR2X3H7L)                                                            |        | 0.004       | 0.000      | 0.061      |             | 0.115  | 1.316f          |
| u_core.alu_result_17__AOI31X0P5H7L_Y_A2_NAND2X0P5H7L_Y_B_XNOR2X0P5H7L_Y_A_XNOR2X1H7L_Y_A (net)                                                                                  | 4      |             |            |            | 0.000       |        |                 |
| u_core.alu_result_19__AOA211X1P4H7L_Y_A1_XOR2X0P5H7L_Y_B_MUX2X0P5H7L_Y_S0_AOI21X1P4H7L_Y_A0_AOI21X1H7L_A0_Y_OAI211X1P4H7L_A0_B0_NAND3X1H7L_Y_C_AOI21X0P5H7L_Y:A0 (AOI21X0P5H7L) |        | 0.001       | 0.000      | 0.061      |             | 0.000  | 1.316f          |
| u_core.alu_result_19__AOA211X1P4H7L_Y_A1_XOR2X0P5H7L_Y_B_MUX2X0P5H7L_Y_S0_AOI21X1P4H7L_Y_A0_AOI21X1H7L_A0_Y_OAI211X1P4H7L_A0_B0_NAND3X1H7L_Y_C_AOI21X0P5H7L_Y:Y (AOI21X0P5H7L)  |        | 0.002       | 0.000      | 0.130      |             | 0.113  | 1.429r          |
| u_core.alu_result_19__AOA211X1P4H7L_Y_A1_XOR2X0P5H7L_Y_B_MUX2X0P5H7L_Y_S0_AOI21X1P4H7L_Y_A0_AOI21X1H7L_A0_Y_OAI211X1P4H7L_A0_B0_NAND3X1H7L_Y_C (net)                            | 2      |             |            |            | 0.000       |        |                 |
| u_core.alu_result_19__AOA211X1P4H7L_Y_A1_XOR2X0P5H7L_Y_B_MUX2X0P5H7L_Y_S0_AOI21X1P4H7L_Y_A0_AOI21X1H7L_A0_Y_OAI211X1P4H7L_A0_C0_AOAI211X0P7H7L_Y:A1 (AOAI211X0P7H7L)            |        | 0.001       | 0.000      | 0.130      |             | 0.000  | 1.429r          |
| u_core.alu_result_19__AOA211X1P4H7L_Y_A1_XOR2X0P5H7L_Y_B_MUX2X0P5H7L_Y_S0_AOI21X1P4H7L_Y_A0_AOI21X1H7L_A0_Y_OAI211X1P4H7L_A0_C0_AOAI211X0P7H7L_Y:Y (AOAI211X0P7H7L)             |        | 0.001       | 0.000      | 0.079      |             | 0.100  | 1.529f          |
| u_core.alu_result_19__AOA211X1P4H7L_Y_A1_XOR2X0P5H7L_Y_B_MUX2X0P5H7L_Y_S0_AOI21X1P4H7L_Y_A0_AOI21X1H7L_A0_Y_OAI211X1P4H7L_A0_C0 (net)                                           | 1      |             |            |            | 0.000       |        |                 |
| u_core.alu_result_19__AOA211X1P4H7L_Y_A1_XOR2X0P5H7L_Y_B_MUX2X0P5H7L_Y_S0_AOI21X1P4H7L_Y_A0_AOI21X1H7L_A0_Y_OAI211X1P4H7L_A0:C0 (OAI211X1P4H7L)                                 |        | 0.001       | 0.000      | 0.079      |             | 0.000  | 1.529f          |
| u_core.alu_result_19__AOA211X1P4H7L_Y_A1_XOR2X0P5H7L_Y_B_MUX2X0P5H7L_Y_S0_AOI21X1P4H7L_Y_A0_AOI21X1H7L_A0_Y_OAI211X1P4H7L_A0:Y (OAI211X1P4H7L)                                  |        | 0.002       | 0.000      | 0.139      |             | 0.065  | 1.595r          |
| u_core.alu_result_28__OAI31X0P5H7L_Y_A2_NOR3X0P5H7L_Y_B_AOA211X1H7L_B0_Y_NOR4X1H7L_B_A_OAOI211X1P4H7L_Y_A1 (net)                                                                | 3      |             |            |            | 0.000       |        |                 |
| u_core.alu_result_28__OAI31X0P5H7L_Y_A2_NOR3X0P5H7L_Y_B_AOA211X1H7L_B0_Y_NOR4X1H7L_B_A_OAOI211X1P4H7L_Y:A1 (OAOI211X1P4H7L)                                                     |        | 0.001       | 0.000      | 0.139      |             | 0.000  | 1.595r          |
| u_core.alu_result_28__OAI31X0P5H7L_Y_A2_NOR3X0P5H7L_Y_B_AOA211X1H7L_B0_Y_NOR4X1H7L_B_A_OAOI211X1P4H7L_Y:Y (OAOI211X1P4H7L)                                                      |        | 0.002       | 0.000      | 0.067      |             | 0.083  | 1.678f          |
| u_core.alu_result_28__OAI31X0P5H7L_Y_A2_NOR3X0P5H7L_Y_B_AOA211X1H7L_B0_Y_NOR4X1H7L_B_A (net)                                                                                    | 2      |             |            |            | 0.000       |        |                 |
| u_core.alu_result_28__OAI31X0P5H7L_Y_A2_NOR3X0P5H7L_Y_B_AOA211X1H7L_B0_Y_NOR3X1P4H7L_B:A (NOR3X1P4H7L)                                                                          |        | 0.001       | 0.000      | 0.067      |             | 0.000  | 1.678f          |
| u_core.alu_result_28__OAI31X0P5H7L_Y_A2_NOR3X0P5H7L_Y_B_AOA211X1H7L_B0_Y_NOR3X1P4H7L_B:Y (NOR3X1P4H7L)                                                                          |        | 0.004       | 0.000      | 0.261      |             | 0.187  | 1.865r          |
| u_core.alu_result_31__OAOI211X0P5H7L_Y_A1_XNOR2X0P5H7L_Y_A_AOI31X0P5H7L_Y_A1 (net)                                                                                              | 6      |             |            |            | 0.000       |        |                 |
| pc[0]_reg_p_D_AOA211X1P4H7L_Y_A0_AO221X0P7H7L_Y_A1_NOR2X0P5H7L_Y_B_MUXI2X0P7H7L_B_S0_NAND4X0P5H7L_A_Y_AOA211X2H7L_B0:A1 (AOA211X2H7L)                                           |        | 0.001       | 0.000      | 0.261      |             | 0.000  | 1.865r          |
| pc[0]_reg_p_D_AOA211X1P4H7L_Y_A0_AO221X0P7H7L_Y_A1_NOR2X0P5H7L_Y_B_MUXI2X0P7H7L_B_S0_NAND4X0P5H7L_A_Y_AOA211X2H7L_B0:Y (AOA211X2H7L)                                            |        | 0.002       | 0.000      | 0.056      |             | 0.177  | 2.042r          |
| u_core.alu_result_31__OAOI211X0P5H7L_Y_A1_NAND3X0P7H7L_C_B_OAI21X0P5H7L_Y_A1 (net)                                                                                              | 2      |             |            |            | 0.000       |        |                 |
| u_core.alu_result_31__OAOI211X0P5H7L_Y_A1_NAND3X0P7H7L_C_B_OAI21X0P5H7L_Y_A1_OAI211X2H7L_A1:A1 (OAI211X2H7L)                                                                    |        | 0.001       | 0.000      | 0.056      |             | 0.000  | 2.042r          |
| u_core.alu_result_31__OAOI211X0P5H7L_Y_A1_NAND3X0P7H7L_C_B_OAI21X0P5H7L_Y_A1_OAI211X2H7L_A1:Y (OAI211X2H7L)                                                                     |        | 0.003       | 0.000      | 0.105      |             | 0.089  | 2.130f          |
| u_core.alu_result_31__OAOI211X0P5H7L_Y_A1_OA221X4H7L_B0_B1_OR2X1P4H7L_Y_B (net)                                                                                                 | 4      |             |            |            | 0.000       |        |                 |
| state_dbg[0]_reg_p_D_OAO211X0P5H7L_Y_A0_AOI2BB1X0P5H7L_Y_A1N_OAI31X1P4H7L_Y_A0_AND2X1H7L_Y:A (AND2X1H7L)                                                                        |        | 0.001       | 0.000      | 0.105      |             | 0.000  | 2.130f          |
| state_dbg[0]_reg_p_D_OAO211X0P5H7L_Y_A0_AOI2BB1X0P5H7L_Y_A1N_OAI31X1P4H7L_Y_A0_AND2X1H7L_Y:Y (AND2X1H7L)                                                                        |        | 0.002       | 0.000      | 0.034      |             | 0.093  | 2.224f          |
| state_dbg[0]_reg_p_D_OAO211X0P5H7L_Y_A0_AOI2BB1X0P5H7L_Y_A1N_OAI31X1P4H7L_Y_A0 (net)                                                                                            | 2      |             |            |            | 0.000       |        |                 |
| pc[0]_reg_p_D_AOA211X1P4H7L_Y_A1_NAND2X0P5H7L_Y_B_OAI21X0P5H7L_Y_B0_NOR4BX1P4H7L_Z:B (NOR4BX1P4H7L)                                                                             |        | 0.001       | 0.000      | 0.034      |             | 0.000  | 2.224f          |
| pc[0]_reg_p_D_AOA211X1P4H7L_Y_A1_NAND2X0P5H7L_Y_B_OAI21X0P5H7L_Y_B0_NOR4BX1P4H7L_Z:Z (NOR4BX1P4H7L)                                                                             |        | 0.002       | 0.000      | 0.190      |             | 0.149  | 2.372r          |
| pc[0]_reg_p_D_AOA211X1P4H7L_Y_A1_NAND2X0P5H7L_Y_B_OAI21X0P5H7L_Y_B0 (net)                                                                                                       | 2      |             |            |            | 0.000       |        |                 |
| pc[0]_reg_p_D_AOA211X1P4H7L_Y_A1_NAND2X0P5H7L_Y_B_OAI21X0P5H7L_Y_A1_OAO211X4H7L_A1:B0 (OAO211X4H7L)                                                                             |        | 0.001       | 0.000      | 0.190      |             | 0.000  | 2.372r          |
| pc[0]_reg_p_D_AOA211X1P4H7L_Y_A1_NAND2X0P5H7L_Y_B_OAI21X0P5H7L_Y_A1_OAO211X4H7L_A1:Y (OAO211X4H7L)                                                                              |        | 0.003       | 0.000      | 0.048      |             | 0.111  | 2.484r          |
| pc[0]_reg_p_D_AOA211X1P4H7L_Y_A1_NAND2X0P5H7L_Y_B_OAI21X0P5H7L_Y_A1_OAO211X4H7L_A1_Y (net)                                                                                      | 1      |             |            |            | 0.000       |        |                 |
| pc[0]_reg_p_D_AOA211X1P4H7L_Y_A1_NAND2X0P5H7L_Y_B_OAI21X0P5H7L_Y_A1_OAO211X4H7L_A1_Y_BUFX12H7L_A:A (BUFX12H7L)                                                                  |        | 0.003       | 0.000      | 0.048      |             | 0.000  | 2.484r          |
| pc[0]_reg_p_D_AOA211X1P4H7L_Y_A1_NAND2X0P5H7L_Y_B_OAI21X0P5H7L_Y_A1_OAO211X4H7L_A1_Y_BUFX12H7L_A:Y (BUFX12H7L)                                                                  |        | 0.010       | 0.000      | 0.037      |             | 0.063  | 2.546r          |
| pc[20]_reg_p_D_NOR2X1P4H7L_Y_B_MUX2X0P5H7L_Y_S0 (net)                                                                                                                           | 6      |             |            |            | 0.000       |        |                 |
| pc[20]_reg_p_D_NOR2X1P4H7L_Y_B_MUX2X0P5H7L_Y_S0_BUFX7H7L_A:A (BUFX7H7L)                                                                                                         |        | 0.002       | 0.000      | 0.037      |             | 0.000  | 2.546r          |
| pc[20]_reg_p_D_NOR2X1P4H7L_Y_B_MUX2X0P5H7L_Y_S0_BUFX7H7L_A:Y (BUFX7H7L)                                                                                                         |        | 0.017       | 0.000      | 0.082      |             | 0.085  | 2.631r          |
| pc[9]_reg_p_D_AOA211X1P4H7L_Y_A0 (net)                                                                                                                                          | 24     |             |            |            | 0.000       |        |                 |
| pc[0]_reg_p_CK_ICGX0P5H7L_ECK_E_OA21X0P7H7L_Y:A0 (OA21X0P7H7L)                                                                                                                  |        | 0.001       | 0.000      | 0.082      |             | 0.000  | 2.631r          |
| pc[0]_reg_p_CK_ICGX0P5H7L_ECK_E_OA21X0P7H7L_Y:Y (OA21X0P7H7L)                                                                                                                   |        | 0.001       | 0.000      | 0.046      |             | 0.096  | 2.728r          |
| pc[0]_reg_p_CK_ICGX0P5H7L_ECK_E (net)                                                                                                                                           | 1      |             |            |            | 0.000       |        |                 |
| pc[0]_reg_p_CK_ICGX0P5H7L_ECK:E (ICGX0P5H7L)                                                                                                                                    |        | 0.001       | 0.000      | 0.046      |             | 0.000  | 2.728r          |
|                                                                                                                                                                                 |        |             |            |            |             |        |                 |
| clk (port)                                                                                                                                                                      |        | 0.223       | 0.000      | 0.000      |             | 0.000  | 0.000r          |
| clk (clock net)                                                                                                                                                                 | 275    |             |            |            | NA          |        |                 |
| pc[0]_reg_p_CK_ICGX0P5H7L_ECK:CK (ICGX0P5H7L)                                                                                                                                   |        | 0.002       | 0.000      | 0.000      |             | 0.000  | 0.000r          |
| clock core_clock (rise edge)                                                                                                                                                    |        |             |            |            |             | 2      | 2               |
| clock network delay (ideal)                                                                                                                                                     |        |             |            |            |             | 0.000  | 2.000           |
| pc[0]_reg_p_CK_ICGX0P5H7L_ECK:CK (ICGX0P5H7L)                                                                                                                                   |        |             |            |            |             |        | 2.000r          |
| library setup time                                                                                                                                                              |        |             |            |            |             | -0.102 | 1.898           |
| clock reconvergence pessimism                                                                                                                                                   |        |             |            |            |             | 0.000  | 1.898           |
|                                                                                                                                                                                 |        |             |            |            |             |        |                 |
| path cell delay                                                                                                                                                                 |        |             |            |            |             |        | 2.728(100.000%) |
| path net delay                                                                                                                                                                  |        |             |            |            |             |        | 0.000(0.000%)   |
|                                                                                                                                                                                 |        |             |            |            |             |        |                 |
| data require time                                                                                                                                                               |        |             |            |            |             |        | 1.898           |
| data arrival time                                                                                                                                                               |        |             |            |            |             |        | 2.728           |
| slack (VIOLATED)                                                                                                                                                                |        |             |            |            |             |        | -0.830          |
+---------------------------------------------------------------------------------------------------------------------------------------------------------------------------------+--------+-------------+------------+------------+-------------+--------+-----------------+
+-------------------------------------------------------------------------------------------------------------------------------------------------------------------------------------------------+--------+-------------+------------+------------+-------------+--------+-----------------+
| Point                                                                                                                                                                                           | Fanout | Capacitance | Resistance | Transition | Delta Delay | Incr   | Path            |
+-------------------------------------------------------------------------------------------------------------------------------------------------------------------------------------------------+--------+-------------+------------+------------+-------------+--------+-----------------+
| clk (port)                                                                                                                                                                                      |        | 0.307       | 0.000      | 0.000      |             | 0.000  | 0.000r          |
| clk (clock net)                                                                                                                                                                                 | 275    |             |            |            | NA          |        |                 |
| u_core.ctrl_ir_we_ICGX0P5H7L_E:CK (ICGX0P5H7L)                                                                                                                                                  |        | 0.002       | 0.000      | 0.000      |             | 0.000  | 0.000r          |
| u_core.ctrl_ir_we_ICGX0P5H7L_E:ECK (ICGX0P5H7L)                                                                                                                                                 |        | 0.057       | 0.000      | 0.000      |             | 0.000  | 0.000r          |
| ir_dbg[0]_reg_p_CK (clock net)                                                                                                                                                                  | 64     |             |            |            | NA          |        |                 |
| ir_dbg[5]_reg_p:CK (DFFQX1H7L)                                                                                                                                                                  |        | 0.001       | 0.000      | 0.000      |             | 0.000  | 0.000r          |
| clock core_clock (rise edge)                                                                                                                                                                    |        |             |            |            |             | 0      | 0               |
| clock network delay (ideal)                                                                                                                                                                     |        |             |            |            |             | 0.000  | 0.000           |
| ir_dbg[5]_reg_p:CK (DFFQX1H7L)                                                                                                                                                                  |        | 0.001       | 0.000      | 0.000      |             | 0.000  | 0.000r          |
| ir_dbg[5]_reg_p:Q (DFFQX1H7L)                                                                                                                                                                   |        | 0.001       | 0.000      | 0.040      |             | 0.143  | 0.143r          |
| ir_dbg_5_ (net)                                                                                                                                                                                 | 2      |             |            |            | 0.000       |        |                 |
| halt_NAND3BBX0P5H7L_BN_Y_AO211X1P4H7L_A0_A1_AO211X1H7L_Y_B0_NOR4X0P7H7L_Y_A_BUFX5H7L_Y:A (BUFX5H7L)                                                                                             |        | 0.001       | 0.000      | 0.040      |             | 0.000  | 0.143r          |
| halt_NAND3BBX0P5H7L_BN_Y_AO211X1P4H7L_A0_A1_AO211X1H7L_Y_B0_NOR4X0P7H7L_Y_A_BUFX5H7L_Y:Y (BUFX5H7L)                                                                                             |        | 0.011       | 0.000      | 0.078      |             | 0.086  | 0.230r          |
| halt_NAND3BBX0P5H7L_BN_Y_AO211X1P4H7L_A0_A1_AO211X1H7L_Y_B0_NOR4X0P7H7L_Y_A (net)                                                                                                               | 14     |             |            |            | 0.000       |        |                 |
| halt_NAND3BBX0P5H7L_BN_Y_AOI211X0P5H7L_B0_Y_NAND4X0P5H7L_C_A_NAND4X1P4H7L_Y_A_NOR4X0P5H7L_Y_C_NAND3X1P4H7L_Y:A (NAND3X1P4H7L)                                                                   |        | 0.001       | 0.000      | 0.078      |             | 0.000  | 0.230r          |
| halt_NAND3BBX0P5H7L_BN_Y_AOI211X0P5H7L_B0_Y_NAND4X0P5H7L_C_A_NAND4X1P4H7L_Y_A_NOR4X0P5H7L_Y_C_NAND3X1P4H7L_Y:Y (NAND3X1P4H7L)                                                                   |        | 0.007       | 0.000      | 0.241      |             | 0.172  | 0.401f          |
| halt_NAND3BBX0P5H7L_BN_Y_AOI211X0P5H7L_B0_Y_NAND4X0P5H7L_C_A_NAND4X1P4H7L_Y_A_NOR4X0P5H7L_Y_C (net)                                                                                             | 6      |             |            |            | 0.000       |        |                 |
| u_core.alu_out_19__AOI22X0P5H7L_A0_B1_AOAI211X0P5H7L_Y_B0_NAND2BX0P5H7L_B_AN_NOR4X3H7L_D:C (NOR4X3H7L)                                                                                          |        | 0.002       | 0.000      | 0.241      |             | 0.000  | 0.401f          |
| u_core.alu_out_19__AOI22X0P5H7L_A0_B1_AOAI211X0P5H7L_Y_B0_NAND2BX0P5H7L_B_AN_NOR4X3H7L_D:Y (NOR4X3H7L)                                                                                          |        | 0.005       | 0.000      | 0.290      |             | 0.257  | 0.658r          |
| halt_NAND3BBX0P5H7L_BN_Y_AO211X1P4H7L_A0_C0_AOI2XB1X0P5H7L_Y_B0_NAND2X0P5H7L_Y_A_NAND4X1P4H7L_Y_A (net)                                                                                         | 6      |             |            |            | 0.000       |        |                 |
| u_core.u_regfile.rf[2]_2__MUX4X1P4H7L_A_Y_NOR3X0P5H7L_C_Y_NOR3X0P5H7L_B_A_AND4X1P4H7L_C:A (AND4X1P4H7L)                                                                                         |        | 0.001       | 0.000      | 0.290      |             | 0.000  | 0.658r          |
| u_core.u_regfile.rf[2]_2__MUX4X1P4H7L_A_Y_NOR3X0P5H7L_C_Y_NOR3X0P5H7L_B_A_AND4X1P4H7L_C:Y (AND4X1P4H7L)                                                                                         |        | 0.001       | 0.000      | 0.063      |             | 0.182  | 0.840r          |
| u_core.u_regfile.rf[2]_2__MUX4X1P4H7L_A_Y_NOR3X0P5H7L_C_Y_NOR3X0P5H7L_B_A_AND4X1P4H7L_C_Y (net)                                                                                                 | 1      |             |            |            | 0.000       |        |                 |
| u_core.u_regfile.rf[2]_2__MUX4X1P4H7L_A_Y_NOR3X0P5H7L_C_Y_NOR3X0P5H7L_B_A_AND4X1P4H7L_C_Y_BUFX5H7L_A:A (BUFX5H7L)                                                                               |        | 0.001       | 0.000      | 0.063      |             | 0.000  | 0.840r          |
| u_core.u_regfile.rf[2]_2__MUX4X1P4H7L_A_Y_NOR3X0P5H7L_C_Y_NOR3X0P5H7L_B_A_AND4X1P4H7L_C_Y_BUFX5H7L_A:Y (BUFX5H7L)                                                                               |        | 0.007       | 0.000      | 0.051      |             | 0.079  | 0.919r          |
| u_core.csr_mtvec_5__NOR2BX1H7L_AN_B_NOR2X1P4H7L_Y_B (net)                                                                                                                                       | 8      |             |            |            | 0.000       |        |                 |
| u_core.csr_mtvec_5__NOR2BX1H7L_AN_B_NOR2X1P4H7L_Y_B_BUFX3H7L_A:A (BUFX3H7L)                                                                                                                     |        | 0.001       | 0.000      | 0.051      |             | 0.000  | 0.919r          |
| u_core.csr_mtvec_5__NOR2BX1H7L_AN_B_NOR2X1P4H7L_Y_B_BUFX3H7L_A:Y (BUFX3H7L)                                                                                                                     |        | 0.018       | 0.000      | 0.187      |             | 0.155  | 1.074r          |
| halt_OR3X1H7L_C_A (net)                                                                                                                                                                         | 24     |             |            |            | 0.000       |        |                 |
| halt_NAND3BBX0P5H7L_BN_Y_AOI211X0P5H7L_B0_C0_OAI211X0P7H7L_Y_B0_NAND3X0P5H7L_Y_A_NOR2X0P5H7L_Y:A (NOR2X0P5H7L)                                                                                  |        | 0.001       | 0.000      | 0.187      |             | 0.000  | 1.074r          |
| halt_NAND3BBX0P5H7L_BN_Y_AOI211X0P5H7L_B0_C0_OAI211X0P7H7L_Y_B0_NAND3X0P5H7L_Y_A_NOR2X0P5H7L_Y:Y (NOR2X0P5H7L)                                                                                  |        | 0.001       | 0.000      | 0.078      |             | 0.075  | 1.149f          |
| halt_NAND3BBX0P5H7L_BN_Y_AOI211X0P5H7L_B0_C0_OAI211X0P7H7L_Y_B0_NAND3X0P5H7L_Y_A (net)                                                                                                          | 2      |             |            |            | 0.000       |        |                 |
| halt_NAND3BBX0P5H7L_BN_Y_AOI211X0P5H7L_B0_C0_OAI211X0P7H7L_Y_B0_NAND3X0P5H7L_Y_A_OAOI211X1P4H7L_B0:B0 (OAOI211X1P4H7L)                                                                          |        | 0.001       | 0.000      | 0.078      |             | 0.000  | 1.149f          |
| halt_NAND3BBX0P5H7L_BN_Y_AOI211X0P5H7L_B0_C0_OAI211X0P7H7L_Y_B0_NAND3X0P5H7L_Y_A_OAOI211X1P4H7L_B0:Y (OAOI211X1P4H7L)                                                                           |        | 0.005       | 0.000      | 0.323      |             | 0.150  | 1.299r          |
| halt_NAND3BBX0P5H7L_BN_Y_AOI211X0P5H7L_B0_C0_OAI211X0P7H7L_Y_B0_NAND3X0P5H7L_Y_A_OAOI211X1P4H7L_B0_Y (net)                                                                                      | 7      |             |            |            | 0.000       |        |                 |
| halt_NAND3BBX0P5H7L_BN_Y_AOI211X0P5H7L_B0_C0_OAI211X0P7H7L_Y_B0_NAND3X0P5H7L_Y_A_OAOI211X1P4H7L_B0_Y_NAND3X0P5H7L_B:B (NAND3X0P5H7L)                                                            |        | 0.001       | 0.000      | 0.323      |             | 0.000  | 1.299r          |
| halt_NAND3BBX0P5H7L_BN_Y_AOI211X0P5H7L_B0_C0_OAI211X0P7H7L_Y_B0_NAND3X0P5H7L_Y_A_OAOI211X1P4H7L_B0_Y_NAND3X0P5H7L_B:Y (NAND3X0P5H7L)                                                            |        | 0.001       | 0.000      | 0.117      |             | 0.121  | 1.420f          |
| halt_NAND3BBX0P5H7L_BN_Y_AOI211X0P5H7L_B0_C0_OAI211X0P7H7L_Y_B0_NAND3X0P5H7L_Y_A_OAOI211X1P4H7L_B0_Y_NAND3X0P5H7L_B_Y (net)                                                                     | 1      |             |            |            | 0.000       |        |                 |
| halt_NAND3BBX0P5H7L_BN_Y_AOI211X0P5H7L_B0_C0_OAI211X0P7H7L_Y_B0_NAND3X0P5H7L_Y_A_OAOI211X1P4H7L_B0_Y_NAND3X0P5H7L_B_Y_BUFX1P4H7L_A:A (BUFX1P4H7L)                                               |        | 0.001       | 0.000      | 0.117      |             | 0.000  | 1.420f          |
| halt_NAND3BBX0P5H7L_BN_Y_AOI211X0P5H7L_B0_C0_OAI211X0P7H7L_Y_B0_NAND3X0P5H7L_Y_A_OAOI211X1P4H7L_B0_Y_NAND3X0P5H7L_B_Y_BUFX1P4H7L_A:Y (BUFX1P4H7L)                                               |        | 0.013       | 0.000      | 0.155      |             | 0.167  | 1.587f          |
| u_core.alu_result_26__OA31X1P4H7L_Y_A0_AOI32X0P5H7L_Y_B0_OR2X0P5H7L_Y_A_NOR2X0P5H7L_Y_B (net)                                                                                                   | 19     |             |            |            | 0.000       |        |                 |
| u_core.alu_result_29__OAOI211X0P5H7L_Y_B0_AOI21X0P5H7L_Y_A1_OAI22X0P5H7L_Y_A1_MUX2X0P5H7L_Y_A_MUX2X0P5H7L_Y_S0_OAI21X0P5H7L_Y_B0_NAND2X0P5H7L_Y:B (NAND2X0P5H7L)                                |        | 0.001       | 0.000      | 0.155      |             | 0.000  | 1.587f          |
| u_core.alu_result_29__OAOI211X0P5H7L_Y_B0_AOI21X0P5H7L_Y_A1_OAI22X0P5H7L_Y_A1_MUX2X0P5H7L_Y_A_MUX2X0P5H7L_Y_S0_OAI21X0P5H7L_Y_B0_NAND2X0P5H7L_Y:Y (NAND2X0P5H7L)                                |        | 0.001       | 0.000      | 0.070      |             | 0.076  | 1.663r          |
| u_core.alu_result_29__OAOI211X0P5H7L_Y_B0_AOI21X0P5H7L_Y_A1_OAI22X0P5H7L_Y_A1_MUX2X0P5H7L_Y_A_MUX2X0P5H7L_Y_S0_OAI21X0P5H7L_Y_B0 (net)                                                          | 1      |             |            |            | 0.000       |        |                 |
| u_core.alu_result_29__OAOI211X0P5H7L_Y_B0_AOI21X0P5H7L_Y_A1_OAI22X0P5H7L_Y_A1_MUX2X0P5H7L_Y_A_MUX2X0P5H7L_Y_S0_OAI21X0P5H7L_Y:B0 (OAI21X0P5H7L)                                                 |        | 0.001       | 0.000      | 0.070      |             | 0.000  | 1.663r          |
| u_core.alu_result_29__OAOI211X0P5H7L_Y_B0_AOI21X0P5H7L_Y_A1_OAI22X0P5H7L_Y_A1_MUX2X0P5H7L_Y_A_MUX2X0P5H7L_Y_S0_OAI21X0P5H7L_Y:Y (OAI21X0P5H7L)                                                  |        | 0.006       | 0.000      | 0.240      |             | 0.123  | 1.786f          |
| u_core.alu_result_29__OAOI211X0P5H7L_Y_B0_AOI21X0P5H7L_Y_A1_OAI22X0P5H7L_Y_A1_MUX2X0P5H7L_Y_A_MUX2X0P5H7L_Y_S0 (net)                                                                            | 6      |             |            |            | 0.000       |        |                 |
| u_core.alu_result_17__AOI31X0P5H7L_Y_A1_AOI222X0P5H7L_Y_C1_MUX2X0P5H7L_Y_A_MUXI2X0P5H7L_Y_A_OAO211X0P5H7L_Y_A1_MUX2X0P5H7L_B_A_NAND2BX0P5H7L_Y_AN_AOI21X0P5H7L_B0_Y_OR2X1P4H7L_B:A (OR2X1P4H7L) |        | 0.001       | 0.000      | 0.240      |             | 0.000  | 1.786f          |
| u_core.alu_result_17__AOI31X0P5H7L_Y_A1_AOI222X0P5H7L_Y_C1_MUX2X0P5H7L_Y_A_MUXI2X0P5H7L_Y_A_OAO211X0P5H7L_Y_A1_MUX2X0P5H7L_B_A_NAND2BX0P5H7L_Y_AN_AOI21X0P5H7L_B0_Y_OR2X1P4H7L_B:Y (OR2X1P4H7L) |        | 0.002       | 0.000      | 0.054      |             | 0.167  | 1.953f          |
| u_core.alu_result_24__AOI31X0P5H7L_Y_A1_OAI22X0P5H7L_Y_A0_OAI21X0P5H7L_Y_B0_NAND3BX0P5H7L_Y_AN (net)                                                                                            | 3      |             |            |            | 0.000       |        |                 |
| pc[16]_reg_p_D_OAOI211X1P4H7L_Y_A1_OA211X1P4H7L_Y_C0_AOAI211X0P5H7L_Y_A1_NOR3X0P5H7L_Y:A (NOR3X0P5H7L)                                                                                          |        | 0.001       | 0.000      | 0.054      |             | 0.000  | 1.953f          |
| pc[16]_reg_p_D_OAOI211X1P4H7L_Y_A1_OA211X1P4H7L_Y_C0_AOAI211X0P5H7L_Y_A1_NOR3X0P5H7L_Y:Y (NOR3X0P5H7L)                                                                                          |        | 0.002       | 0.000      | 0.231      |             | 0.166  | 2.119r          |
| pc[16]_reg_p_D_OAOI211X1P4H7L_Y_A1_OA211X1P4H7L_Y_C0_AOAI211X0P5H7L_Y_A1 (net)                                                                                                                  | 3      |             |            |            | 0.000       |        |                 |
| u_core.alu_result_17__AOI31X0P5H7L_Y_A0_AOAI211X0P5H7L_Y_A1_AOAI211X0P5H7L_A1_C0_AOAI211X0P5H7L_C0:A1 (AOAI211X0P5H7L)                                                                          |        | 0.001       | 0.000      | 0.231      |             | 0.000  | 2.119r          |
| u_core.alu_result_17__AOI31X0P5H7L_Y_A0_AOAI211X0P5H7L_Y_A1_AOAI211X0P5H7L_A1_C0_AOAI211X0P5H7L_C0:Y (AOAI211X0P5H7L)                                                                           |        | 0.005       | 0.000      | 0.274      |             | 0.241  | 2.360f          |
| u_core.u_pmem.aw_word_lat_1__NAND2X0P5H7L_A_Y_NOR2X0P5H7L_B_3_A (net)                                                                                                                           | 8      |             |            |            | 0.000       |        |                 |
| u_core.u_pmem.aw_word_lat_1__NOR2BX1H7L_B_Z_NAND2X0P5H7L_B_Y_NOR2X0P5H7L_B_3:A (NOR2X0P5H7L)                                                                                                    |        | 0.001       | 0.000      | 0.274      |             | 0.000  | 2.360f          |
| u_core.u_pmem.aw_word_lat_1__NOR2BX1H7L_B_Z_NAND2X0P5H7L_B_Y_NOR2X0P5H7L_B_3:Y (NOR2X0P5H7L)                                                                                                    |        | 0.001       | 0.000      | 0.102      |             | 0.121  | 2.481r          |
| u_core.u_pmem.aw_word_lat_1__NOR2BX1H7L_B_Z_NAND2X0P5H7L_B_Y_NOR2X0P5H7L_B_3_Y (net)                                                                                                            | 1      |             |            |            | 0.000       |        |                 |
| u_core.u_pmem.aw_word_lat_1__NOR2BX1H7L_B_Z_NAND2X0P5H7L_B_Y_NOR2X0P5H7L_B_3_Y_ICGX0P5H7L_E:E (ICGX0P5H7L)                                                                                      |        | 0.001       | 0.000      | 0.102      |             | 0.000  | 2.481r          |
|                                                                                                                                                                                                 |        |             |            |            |             |        |                 |
| clk (port)                                                                                                                                                                                      |        | 0.223       | 0.000      | 0.000      |             | 0.000  | 0.000r          |
| clk (clock net)                                                                                                                                                                                 | 275    |             |            |            | NA          |        |                 |
| u_core.u_pmem.aw_word_lat_1__NOR2BX1H7L_B_Z_NAND2X0P5H7L_B_Y_NOR2X0P5H7L_B_3_Y_ICGX0P5H7L_E:CK (ICGX0P5H7L)                                                                                     |        | 0.002       | 0.000      | 0.000      |             | 0.000  | 0.000r          |
| clock core_clock (rise edge)                                                                                                                                                                    |        |             |            |            |             | 2      | 2               |
| clock network delay (ideal)                                                                                                                                                                     |        |             |            |            |             | 0.000  | 2.000           |
| u_core.u_pmem.aw_word_lat_1__NOR2BX1H7L_B_Z_NAND2X0P5H7L_B_Y_NOR2X0P5H7L_B_3_Y_ICGX0P5H7L_E:CK (ICGX0P5H7L)                                                                                     |        |             |            |            |             |        | 2.000r          |
| library setup time                                                                                                                                                                              |        |             |            |            |             | -0.114 | 1.886           |
| clock reconvergence pessimism                                                                                                                                                                   |        |             |            |            |             | 0.000  | 1.886           |
|                                                                                                                                                                                                 |        |             |            |            |             |        |                 |
| path cell delay                                                                                                                                                                                 |        |             |            |            |             |        | 2.481(100.000%) |
| path net delay                                                                                                                                                                                  |        |             |            |            |             |        | 0.000(0.000%)   |
|                                                                                                                                                                                                 |        |             |            |            |             |        |                 |
| data require time                                                                                                                                                                               |        |             |            |            |             |        | 1.886           |
| data arrival time                                                                                                                                                                               |        |             |            |            |             |        | 2.481           |
| slack (VIOLATED)                                                                                                                                                                                |        |             |            |            |             |        | -0.595          |
+-------------------------------------------------------------------------------------------------------------------------------------------------------------------------------------------------+--------+-------------+------------+------------+-------------+--------+-----------------+
+-------------------------------------------------------------------------------------------------------------------------------------------------------------------------------------------------+--------+-------------+------------+------------+-------------+--------+-----------------+
| Point                                                                                                                                                                                           | Fanout | Capacitance | Resistance | Transition | Delta Delay | Incr   | Path            |
+-------------------------------------------------------------------------------------------------------------------------------------------------------------------------------------------------+--------+-------------+------------+------------+-------------+--------+-----------------+
| clk (port)                                                                                                                                                                                      |        | 0.307       | 0.000      | 0.000      |             | 0.000  | 0.000r          |
| clk (clock net)                                                                                                                                                                                 | 275    |             |            |            | NA          |        |                 |
| u_core.ctrl_ir_we_ICGX0P5H7L_E:CK (ICGX0P5H7L)                                                                                                                                                  |        | 0.002       | 0.000      | 0.000      |             | 0.000  | 0.000r          |
| u_core.ctrl_ir_we_ICGX0P5H7L_E:ECK (ICGX0P5H7L)                                                                                                                                                 |        | 0.057       | 0.000      | 0.000      |             | 0.000  | 0.000r          |
| ir_dbg[0]_reg_p_CK (clock net)                                                                                                                                                                  | 64     |             |            |            | NA          |        |                 |
| ir_dbg[5]_reg_p:CK (DFFQX1H7L)                                                                                                                                                                  |        | 0.001       | 0.000      | 0.000      |             | 0.000  | 0.000r          |
| clock core_clock (rise edge)                                                                                                                                                                    |        |             |            |            |             | 0      | 0               |
| clock network delay (ideal)                                                                                                                                                                     |        |             |            |            |             | 0.000  | 0.000           |
| ir_dbg[5]_reg_p:CK (DFFQX1H7L)                                                                                                                                                                  |        | 0.001       | 0.000      | 0.000      |             | 0.000  | 0.000r          |
| ir_dbg[5]_reg_p:Q (DFFQX1H7L)                                                                                                                                                                   |        | 0.001       | 0.000      | 0.040      |             | 0.143  | 0.143r          |
| ir_dbg_5_ (net)                                                                                                                                                                                 | 2      |             |            |            | 0.000       |        |                 |
| halt_NAND3BBX0P5H7L_BN_Y_AO211X1P4H7L_A0_A1_AO211X1H7L_Y_B0_NOR4X0P7H7L_Y_A_BUFX5H7L_Y:A (BUFX5H7L)                                                                                             |        | 0.001       | 0.000      | 0.040      |             | 0.000  | 0.143r          |
| halt_NAND3BBX0P5H7L_BN_Y_AO211X1P4H7L_A0_A1_AO211X1H7L_Y_B0_NOR4X0P7H7L_Y_A_BUFX5H7L_Y:Y (BUFX5H7L)                                                                                             |        | 0.011       | 0.000      | 0.078      |             | 0.086  | 0.230r          |
| halt_NAND3BBX0P5H7L_BN_Y_AO211X1P4H7L_A0_A1_AO211X1H7L_Y_B0_NOR4X0P7H7L_Y_A (net)                                                                                                               | 14     |             |            |            | 0.000       |        |                 |
| halt_NAND3BBX0P5H7L_BN_Y_AOI211X0P5H7L_B0_Y_NAND4X0P5H7L_C_A_NAND4X1P4H7L_Y_A_NOR4X0P5H7L_Y_C_NAND3X1P4H7L_Y:A (NAND3X1P4H7L)                                                                   |        | 0.001       | 0.000      | 0.078      |             | 0.000  | 0.230r          |
| halt_NAND3BBX0P5H7L_BN_Y_AOI211X0P5H7L_B0_Y_NAND4X0P5H7L_C_A_NAND4X1P4H7L_Y_A_NOR4X0P5H7L_Y_C_NAND3X1P4H7L_Y:Y (NAND3X1P4H7L)                                                                   |        | 0.007       | 0.000      | 0.241      |             | 0.172  | 0.401f          |
| halt_NAND3BBX0P5H7L_BN_Y_AOI211X0P5H7L_B0_Y_NAND4X0P5H7L_C_A_NAND4X1P4H7L_Y_A_NOR4X0P5H7L_Y_C (net)                                                                                             | 6      |             |            |            | 0.000       |        |                 |
| u_core.alu_out_19__AOI22X0P5H7L_A0_B1_AOAI211X0P5H7L_Y_B0_NAND2BX0P5H7L_B_AN_NOR4X3H7L_D:C (NOR4X3H7L)                                                                                          |        | 0.002       | 0.000      | 0.241      |             | 0.000  | 0.401f          |
| u_core.alu_out_19__AOI22X0P5H7L_A0_B1_AOAI211X0P5H7L_Y_B0_NAND2BX0P5H7L_B_AN_NOR4X3H7L_D:Y (NOR4X3H7L)                                                                                          |        | 0.005       | 0.000      | 0.290      |             | 0.257  | 0.658r          |
| halt_NAND3BBX0P5H7L_BN_Y_AO211X1P4H7L_A0_C0_AOI2XB1X0P5H7L_Y_B0_NAND2X0P5H7L_Y_A_NAND4X1P4H7L_Y_A (net)                                                                                         | 6      |             |            |            | 0.000       |        |                 |
| u_core.u_regfile.rf[2]_2__MUX4X1P4H7L_A_Y_NOR3X0P5H7L_C_Y_NOR3X0P5H7L_B_A_AND4X1P4H7L_C:A (AND4X1P4H7L)                                                                                         |        | 0.001       | 0.000      | 0.290      |             | 0.000  | 0.658r          |
| u_core.u_regfile.rf[2]_2__MUX4X1P4H7L_A_Y_NOR3X0P5H7L_C_Y_NOR3X0P5H7L_B_A_AND4X1P4H7L_C:Y (AND4X1P4H7L)                                                                                         |        | 0.001       | 0.000      | 0.063      |             | 0.182  | 0.840r          |
| u_core.u_regfile.rf[2]_2__MUX4X1P4H7L_A_Y_NOR3X0P5H7L_C_Y_NOR3X0P5H7L_B_A_AND4X1P4H7L_C_Y (net)                                                                                                 | 1      |             |            |            | 0.000       |        |                 |
| u_core.u_regfile.rf[2]_2__MUX4X1P4H7L_A_Y_NOR3X0P5H7L_C_Y_NOR3X0P5H7L_B_A_AND4X1P4H7L_C_Y_BUFX5H7L_A:A (BUFX5H7L)                                                                               |        | 0.001       | 0.000      | 0.063      |             | 0.000  | 0.840r          |
| u_core.u_regfile.rf[2]_2__MUX4X1P4H7L_A_Y_NOR3X0P5H7L_C_Y_NOR3X0P5H7L_B_A_AND4X1P4H7L_C_Y_BUFX5H7L_A:Y (BUFX5H7L)                                                                               |        | 0.007       | 0.000      | 0.051      |             | 0.079  | 0.919r          |
| u_core.csr_mtvec_5__NOR2BX1H7L_AN_B_NOR2X1P4H7L_Y_B (net)                                                                                                                                       | 8      |             |            |            | 0.000       |        |                 |
| u_core.csr_mtvec_5__NOR2BX1H7L_AN_B_NOR2X1P4H7L_Y_B_BUFX3H7L_A:A (BUFX3H7L)                                                                                                                     |        | 0.001       | 0.000      | 0.051      |             | 0.000  | 0.919r          |
| u_core.csr_mtvec_5__NOR2BX1H7L_AN_B_NOR2X1P4H7L_Y_B_BUFX3H7L_A:Y (BUFX3H7L)                                                                                                                     |        | 0.018       | 0.000      | 0.187      |             | 0.155  | 1.074r          |
| halt_OR3X1H7L_C_A (net)                                                                                                                                                                         | 24     |             |            |            | 0.000       |        |                 |
| halt_NAND3BBX0P5H7L_BN_Y_AOI211X0P5H7L_B0_C0_OAI211X0P7H7L_Y_B0_NAND3X0P5H7L_Y_A_NOR2X0P5H7L_Y:A (NOR2X0P5H7L)                                                                                  |        | 0.001       | 0.000      | 0.187      |             | 0.000  | 1.074r          |
| halt_NAND3BBX0P5H7L_BN_Y_AOI211X0P5H7L_B0_C0_OAI211X0P7H7L_Y_B0_NAND3X0P5H7L_Y_A_NOR2X0P5H7L_Y:Y (NOR2X0P5H7L)                                                                                  |        | 0.001       | 0.000      | 0.078      |             | 0.075  | 1.149f          |
| halt_NAND3BBX0P5H7L_BN_Y_AOI211X0P5H7L_B0_C0_OAI211X0P7H7L_Y_B0_NAND3X0P5H7L_Y_A (net)                                                                                                          | 2      |             |            |            | 0.000       |        |                 |
| halt_NAND3BBX0P5H7L_BN_Y_AOI211X0P5H7L_B0_C0_OAI211X0P7H7L_Y_B0_NAND3X0P5H7L_Y_A_OAOI211X1P4H7L_B0:B0 (OAOI211X1P4H7L)                                                                          |        | 0.001       | 0.000      | 0.078      |             | 0.000  | 1.149f          |
| halt_NAND3BBX0P5H7L_BN_Y_AOI211X0P5H7L_B0_C0_OAI211X0P7H7L_Y_B0_NAND3X0P5H7L_Y_A_OAOI211X1P4H7L_B0:Y (OAOI211X1P4H7L)                                                                           |        | 0.005       | 0.000      | 0.323      |             | 0.150  | 1.299r          |
| halt_NAND3BBX0P5H7L_BN_Y_AOI211X0P5H7L_B0_C0_OAI211X0P7H7L_Y_B0_NAND3X0P5H7L_Y_A_OAOI211X1P4H7L_B0_Y (net)                                                                                      | 7      |             |            |            | 0.000       |        |                 |
| halt_NAND3BBX0P5H7L_BN_Y_AOI211X0P5H7L_B0_C0_OAI211X0P7H7L_Y_B0_NAND3X0P5H7L_Y_A_OAOI211X1P4H7L_B0_Y_NAND3X0P5H7L_B:B (NAND3X0P5H7L)                                                            |        | 0.001       | 0.000      | 0.323      |             | 0.000  | 1.299r          |
| halt_NAND3BBX0P5H7L_BN_Y_AOI211X0P5H7L_B0_C0_OAI211X0P7H7L_Y_B0_NAND3X0P5H7L_Y_A_OAOI211X1P4H7L_B0_Y_NAND3X0P5H7L_B:Y (NAND3X0P5H7L)                                                            |        | 0.001       | 0.000      | 0.117      |             | 0.121  | 1.420f          |
| halt_NAND3BBX0P5H7L_BN_Y_AOI211X0P5H7L_B0_C0_OAI211X0P7H7L_Y_B0_NAND3X0P5H7L_Y_A_OAOI211X1P4H7L_B0_Y_NAND3X0P5H7L_B_Y (net)                                                                     | 1      |             |            |            | 0.000       |        |                 |
| halt_NAND3BBX0P5H7L_BN_Y_AOI211X0P5H7L_B0_C0_OAI211X0P7H7L_Y_B0_NAND3X0P5H7L_Y_A_OAOI211X1P4H7L_B0_Y_NAND3X0P5H7L_B_Y_BUFX1P4H7L_A:A (BUFX1P4H7L)                                               |        | 0.001       | 0.000      | 0.117      |             | 0.000  | 1.420f          |
| halt_NAND3BBX0P5H7L_BN_Y_AOI211X0P5H7L_B0_C0_OAI211X0P7H7L_Y_B0_NAND3X0P5H7L_Y_A_OAOI211X1P4H7L_B0_Y_NAND3X0P5H7L_B_Y_BUFX1P4H7L_A:Y (BUFX1P4H7L)                                               |        | 0.013       | 0.000      | 0.155      |             | 0.167  | 1.587f          |
| u_core.alu_result_26__OA31X1P4H7L_Y_A0_AOI32X0P5H7L_Y_B0_OR2X0P5H7L_Y_A_NOR2X0P5H7L_Y_B (net)                                                                                                   | 19     |             |            |            | 0.000       |        |                 |
| u_core.alu_result_29__OAOI211X0P5H7L_Y_B0_AOI21X0P5H7L_Y_A1_OAI22X0P5H7L_Y_A1_MUX2X0P5H7L_Y_A_MUX2X0P5H7L_Y_S0_OAI21X0P5H7L_Y_B0_NAND2X0P5H7L_Y:B (NAND2X0P5H7L)                                |        | 0.001       | 0.000      | 0.155      |             | 0.000  | 1.587f          |
| u_core.alu_result_29__OAOI211X0P5H7L_Y_B0_AOI21X0P5H7L_Y_A1_OAI22X0P5H7L_Y_A1_MUX2X0P5H7L_Y_A_MUX2X0P5H7L_Y_S0_OAI21X0P5H7L_Y_B0_NAND2X0P5H7L_Y:Y (NAND2X0P5H7L)                                |        | 0.001       | 0.000      | 0.070      |             | 0.076  | 1.663r          |
| u_core.alu_result_29__OAOI211X0P5H7L_Y_B0_AOI21X0P5H7L_Y_A1_OAI22X0P5H7L_Y_A1_MUX2X0P5H7L_Y_A_MUX2X0P5H7L_Y_S0_OAI21X0P5H7L_Y_B0 (net)                                                          | 1      |             |            |            | 0.000       |        |                 |
| u_core.alu_result_29__OAOI211X0P5H7L_Y_B0_AOI21X0P5H7L_Y_A1_OAI22X0P5H7L_Y_A1_MUX2X0P5H7L_Y_A_MUX2X0P5H7L_Y_S0_OAI21X0P5H7L_Y:B0 (OAI21X0P5H7L)                                                 |        | 0.001       | 0.000      | 0.070      |             | 0.000  | 1.663r          |
| u_core.alu_result_29__OAOI211X0P5H7L_Y_B0_AOI21X0P5H7L_Y_A1_OAI22X0P5H7L_Y_A1_MUX2X0P5H7L_Y_A_MUX2X0P5H7L_Y_S0_OAI21X0P5H7L_Y:Y (OAI21X0P5H7L)                                                  |        | 0.006       | 0.000      | 0.240      |             | 0.123  | 1.786f          |
| u_core.alu_result_29__OAOI211X0P5H7L_Y_B0_AOI21X0P5H7L_Y_A1_OAI22X0P5H7L_Y_A1_MUX2X0P5H7L_Y_A_MUX2X0P5H7L_Y_S0 (net)                                                                            | 6      |             |            |            | 0.000       |        |                 |
| u_core.alu_result_17__AOI31X0P5H7L_Y_A1_AOI222X0P5H7L_Y_C1_MUX2X0P5H7L_Y_A_MUXI2X0P5H7L_Y_A_OAO211X0P5H7L_Y_A1_MUX2X0P5H7L_B_A_NAND2BX0P5H7L_Y_AN_AOI21X0P5H7L_B0_Y_OR2X1P4H7L_B:A (OR2X1P4H7L) |        | 0.001       | 0.000      | 0.240      |             | 0.000  | 1.786f          |
| u_core.alu_result_17__AOI31X0P5H7L_Y_A1_AOI222X0P5H7L_Y_C1_MUX2X0P5H7L_Y_A_MUXI2X0P5H7L_Y_A_OAO211X0P5H7L_Y_A1_MUX2X0P5H7L_B_A_NAND2BX0P5H7L_Y_AN_AOI21X0P5H7L_B0_Y_OR2X1P4H7L_B:Y (OR2X1P4H7L) |        | 0.002       | 0.000      | 0.054      |             | 0.167  | 1.953f          |
| u_core.alu_result_24__AOI31X0P5H7L_Y_A1_OAI22X0P5H7L_Y_A0_OAI21X0P5H7L_Y_B0_NAND3BX0P5H7L_Y_AN (net)                                                                                            | 3      |             |            |            | 0.000       |        |                 |
| pc[16]_reg_p_D_OAOI211X1P4H7L_Y_A1_OA211X1P4H7L_Y_C0_AOAI211X0P5H7L_Y_A1_NOR3X0P5H7L_Y:A (NOR3X0P5H7L)                                                                                          |        | 0.001       | 0.000      | 0.054      |             | 0.000  | 1.953f          |
| pc[16]_reg_p_D_OAOI211X1P4H7L_Y_A1_OA211X1P4H7L_Y_C0_AOAI211X0P5H7L_Y_A1_NOR3X0P5H7L_Y:Y (NOR3X0P5H7L)                                                                                          |        | 0.002       | 0.000      | 0.231      |             | 0.166  | 2.119r          |
| pc[16]_reg_p_D_OAOI211X1P4H7L_Y_A1_OA211X1P4H7L_Y_C0_AOAI211X0P5H7L_Y_A1 (net)                                                                                                                  | 3      |             |            |            | 0.000       |        |                 |
| u_core.alu_result_17__AOI31X0P5H7L_Y_A0_AOAI211X0P5H7L_Y_A1_AOAI211X0P5H7L_A1_C0_AOAI211X0P5H7L_C0:A1 (AOAI211X0P5H7L)                                                                          |        | 0.001       | 0.000      | 0.231      |             | 0.000  | 2.119r          |
| u_core.alu_result_17__AOI31X0P5H7L_Y_A0_AOAI211X0P5H7L_Y_A1_AOAI211X0P5H7L_A1_C0_AOAI211X0P5H7L_C0:Y (AOAI211X0P5H7L)                                                                           |        | 0.005       | 0.000      | 0.274      |             | 0.241  | 2.360f          |
| u_core.u_pmem.aw_word_lat_1__NAND2X0P5H7L_A_Y_NOR2X0P5H7L_B_3_A (net)                                                                                                                           | 8      |             |            |            | 0.000       |        |                 |
| u_core.u_pmem.aw_word_lat_0__NOR2X0P5H7L_A_1_Y_NAND2BX0P5H7L_B_Y_NOR2X0P5H7L_B:A (NOR2X0P5H7L)                                                                                                  |        | 0.001       | 0.000      | 0.274      |             | 0.000  | 2.360f          |
| u_core.u_pmem.aw_word_lat_0__NOR2X0P5H7L_A_1_Y_NAND2BX0P5H7L_B_Y_NOR2X0P5H7L_B:Y (NOR2X0P5H7L)                                                                                                  |        | 0.001       | 0.000      | 0.102      |             | 0.121  | 2.481r          |
| u_core.u_pmem.aw_word_lat_0__NOR2X0P5H7L_A_1_Y_NAND2BX0P5H7L_B_Y_NOR2X0P5H7L_B_Y (net)                                                                                                          | 1      |             |            |            | 0.000       |        |                 |
| u_core.u_pmem.aw_word_lat_0__NOR2X0P5H7L_A_1_Y_NAND2BX0P5H7L_B_Y_NOR2X0P5H7L_B_Y_ICGX0P5H7L_E:E (ICGX0P5H7L)                                                                                    |        | 0.001       | 0.000      | 0.102      |             | 0.000  | 2.481r          |
|                                                                                                                                                                                                 |        |             |            |            |             |        |                 |
| clk (port)                                                                                                                                                                                      |        | 0.223       | 0.000      | 0.000      |             | 0.000  | 0.000r          |
| clk (clock net)                                                                                                                                                                                 | 275    |             |            |            | NA          |        |                 |
| u_core.u_pmem.aw_word_lat_0__NOR2X0P5H7L_A_1_Y_NAND2BX0P5H7L_B_Y_NOR2X0P5H7L_B_Y_ICGX0P5H7L_E:CK (ICGX0P5H7L)                                                                                   |        | 0.002       | 0.000      | 0.000      |             | 0.000  | 0.000r          |
| clock core_clock (rise edge)                                                                                                                                                                    |        |             |            |            |             | 2      | 2               |
| clock network delay (ideal)                                                                                                                                                                     |        |             |            |            |             | 0.000  | 2.000           |
| u_core.u_pmem.aw_word_lat_0__NOR2X0P5H7L_A_1_Y_NAND2BX0P5H7L_B_Y_NOR2X0P5H7L_B_Y_ICGX0P5H7L_E:CK (ICGX0P5H7L)                                                                                   |        |             |            |            |             |        | 2.000r          |
| library setup time                                                                                                                                                                              |        |             |            |            |             | -0.114 | 1.886           |
| clock reconvergence pessimism                                                                                                                                                                   |        |             |            |            |             | 0.000  | 1.886           |
|                                                                                                                                                                                                 |        |             |            |            |             |        |                 |
| path cell delay                                                                                                                                                                                 |        |             |            |            |             |        | 2.481(100.000%) |
| path net delay                                                                                                                                                                                  |        |             |            |            |             |        | 0.000(0.000%)   |
|                                                                                                                                                                                                 |        |             |            |            |             |        |                 |
| data require time                                                                                                                                                                               |        |             |            |            |             |        | 1.886           |
| data arrival time                                                                                                                                                                               |        |             |            |            |             |        | 2.481           |
| slack (VIOLATED)                                                                                                                                                                                |        |             |            |            |             |        | -0.595          |
+-------------------------------------------------------------------------------------------------------------------------------------------------------------------------------------------------+--------+-------------+------------+------------+-------------+--------+-----------------+
+-------------------------------------------------------------------------------------------------------------------------------------------------------------------------------------------------+--------+-------------+------------+------------+-------------+--------+-----------------+
| Point                                                                                                                                                                                           | Fanout | Capacitance | Resistance | Transition | Delta Delay | Incr   | Path            |
+-------------------------------------------------------------------------------------------------------------------------------------------------------------------------------------------------+--------+-------------+------------+------------+-------------+--------+-----------------+
| clk (port)                                                                                                                                                                                      |        | 0.307       | 0.000      | 0.000      |             | 0.000  | 0.000r          |
| clk (clock net)                                                                                                                                                                                 | 275    |             |            |            | NA          |        |                 |
| u_core.ctrl_ir_we_ICGX0P5H7L_E:CK (ICGX0P5H7L)                                                                                                                                                  |        | 0.002       | 0.000      | 0.000      |             | 0.000  | 0.000r          |
| u_core.ctrl_ir_we_ICGX0P5H7L_E:ECK (ICGX0P5H7L)                                                                                                                                                 |        | 0.057       | 0.000      | 0.000      |             | 0.000  | 0.000r          |
| ir_dbg[0]_reg_p_CK (clock net)                                                                                                                                                                  | 64     |             |            |            | NA          |        |                 |
| ir_dbg[5]_reg_p:CK (DFFQX1H7L)                                                                                                                                                                  |        | 0.001       | 0.000      | 0.000      |             | 0.000  | 0.000r          |
| clock core_clock (rise edge)                                                                                                                                                                    |        |             |            |            |             | 0      | 0               |
| clock network delay (ideal)                                                                                                                                                                     |        |             |            |            |             | 0.000  | 0.000           |
| ir_dbg[5]_reg_p:CK (DFFQX1H7L)                                                                                                                                                                  |        | 0.001       | 0.000      | 0.000      |             | 0.000  | 0.000r          |
| ir_dbg[5]_reg_p:Q (DFFQX1H7L)                                                                                                                                                                   |        | 0.001       | 0.000      | 0.040      |             | 0.143  | 0.143r          |
| ir_dbg_5_ (net)                                                                                                                                                                                 | 2      |             |            |            | 0.000       |        |                 |
| halt_NAND3BBX0P5H7L_BN_Y_AO211X1P4H7L_A0_A1_AO211X1H7L_Y_B0_NOR4X0P7H7L_Y_A_BUFX5H7L_Y:A (BUFX5H7L)                                                                                             |        | 0.001       | 0.000      | 0.040      |             | 0.000  | 0.143r          |
| halt_NAND3BBX0P5H7L_BN_Y_AO211X1P4H7L_A0_A1_AO211X1H7L_Y_B0_NOR4X0P7H7L_Y_A_BUFX5H7L_Y:Y (BUFX5H7L)                                                                                             |        | 0.011       | 0.000      | 0.078      |             | 0.086  | 0.230r          |
| halt_NAND3BBX0P5H7L_BN_Y_AO211X1P4H7L_A0_A1_AO211X1H7L_Y_B0_NOR4X0P7H7L_Y_A (net)                                                                                                               | 14     |             |            |            | 0.000       |        |                 |
| halt_NAND3BBX0P5H7L_BN_Y_AOI211X0P5H7L_B0_Y_NAND4X0P5H7L_C_A_NAND4X1P4H7L_Y_A_NOR4X0P5H7L_Y_C_NAND3X1P4H7L_Y:A (NAND3X1P4H7L)                                                                   |        | 0.001       | 0.000      | 0.078      |             | 0.000  | 0.230r          |
| halt_NAND3BBX0P5H7L_BN_Y_AOI211X0P5H7L_B0_Y_NAND4X0P5H7L_C_A_NAND4X1P4H7L_Y_A_NOR4X0P5H7L_Y_C_NAND3X1P4H7L_Y:Y (NAND3X1P4H7L)                                                                   |        | 0.007       | 0.000      | 0.241      |             | 0.172  | 0.401f          |
| halt_NAND3BBX0P5H7L_BN_Y_AOI211X0P5H7L_B0_Y_NAND4X0P5H7L_C_A_NAND4X1P4H7L_Y_A_NOR4X0P5H7L_Y_C (net)                                                                                             | 6      |             |            |            | 0.000       |        |                 |
| u_core.alu_out_19__AOI22X0P5H7L_A0_B1_AOAI211X0P5H7L_Y_B0_NAND2BX0P5H7L_B_AN_NOR4X3H7L_D:C (NOR4X3H7L)                                                                                          |        | 0.002       | 0.000      | 0.241      |             | 0.000  | 0.401f          |
| u_core.alu_out_19__AOI22X0P5H7L_A0_B1_AOAI211X0P5H7L_Y_B0_NAND2BX0P5H7L_B_AN_NOR4X3H7L_D:Y (NOR4X3H7L)                                                                                          |        | 0.005       | 0.000      | 0.290      |             | 0.257  | 0.658r          |
| halt_NAND3BBX0P5H7L_BN_Y_AO211X1P4H7L_A0_C0_AOI2XB1X0P5H7L_Y_B0_NAND2X0P5H7L_Y_A_NAND4X1P4H7L_Y_A (net)                                                                                         | 6      |             |            |            | 0.000       |        |                 |
| u_core.u_regfile.rf[2]_2__MUX4X1P4H7L_A_Y_NOR3X0P5H7L_C_Y_NOR3X0P5H7L_B_A_AND4X1P4H7L_C:A (AND4X1P4H7L)                                                                                         |        | 0.001       | 0.000      | 0.290      |             | 0.000  | 0.658r          |
| u_core.u_regfile.rf[2]_2__MUX4X1P4H7L_A_Y_NOR3X0P5H7L_C_Y_NOR3X0P5H7L_B_A_AND4X1P4H7L_C:Y (AND4X1P4H7L)                                                                                         |        | 0.001       | 0.000      | 0.063      |             | 0.182  | 0.840r          |
| u_core.u_regfile.rf[2]_2__MUX4X1P4H7L_A_Y_NOR3X0P5H7L_C_Y_NOR3X0P5H7L_B_A_AND4X1P4H7L_C_Y (net)                                                                                                 | 1      |             |            |            | 0.000       |        |                 |
| u_core.u_regfile.rf[2]_2__MUX4X1P4H7L_A_Y_NOR3X0P5H7L_C_Y_NOR3X0P5H7L_B_A_AND4X1P4H7L_C_Y_BUFX5H7L_A:A (BUFX5H7L)                                                                               |        | 0.001       | 0.000      | 0.063      |             | 0.000  | 0.840r          |
| u_core.u_regfile.rf[2]_2__MUX4X1P4H7L_A_Y_NOR3X0P5H7L_C_Y_NOR3X0P5H7L_B_A_AND4X1P4H7L_C_Y_BUFX5H7L_A:Y (BUFX5H7L)                                                                               |        | 0.007       | 0.000      | 0.051      |             | 0.079  | 0.919r          |
| u_core.csr_mtvec_5__NOR2BX1H7L_AN_B_NOR2X1P4H7L_Y_B (net)                                                                                                                                       | 8      |             |            |            | 0.000       |        |                 |
| u_core.csr_mtvec_5__NOR2BX1H7L_AN_B_NOR2X1P4H7L_Y_B_BUFX3H7L_A:A (BUFX3H7L)                                                                                                                     |        | 0.001       | 0.000      | 0.051      |             | 0.000  | 0.919r          |
| u_core.csr_mtvec_5__NOR2BX1H7L_AN_B_NOR2X1P4H7L_Y_B_BUFX3H7L_A:Y (BUFX3H7L)                                                                                                                     |        | 0.018       | 0.000      | 0.187      |             | 0.155  | 1.074r          |
| halt_OR3X1H7L_C_A (net)                                                                                                                                                                         | 24     |             |            |            | 0.000       |        |                 |
| halt_NAND3BBX0P5H7L_BN_Y_AOI211X0P5H7L_B0_C0_OAI211X0P7H7L_Y_B0_NAND3X0P5H7L_Y_A_NOR2X0P5H7L_Y:A (NOR2X0P5H7L)                                                                                  |        | 0.001       | 0.000      | 0.187      |             | 0.000  | 1.074r          |
| halt_NAND3BBX0P5H7L_BN_Y_AOI211X0P5H7L_B0_C0_OAI211X0P7H7L_Y_B0_NAND3X0P5H7L_Y_A_NOR2X0P5H7L_Y:Y (NOR2X0P5H7L)                                                                                  |        | 0.001       | 0.000      | 0.078      |             | 0.075  | 1.149f          |
| halt_NAND3BBX0P5H7L_BN_Y_AOI211X0P5H7L_B0_C0_OAI211X0P7H7L_Y_B0_NAND3X0P5H7L_Y_A (net)                                                                                                          | 2      |             |            |            | 0.000       |        |                 |
| halt_NAND3BBX0P5H7L_BN_Y_AOI211X0P5H7L_B0_C0_OAI211X0P7H7L_Y_B0_NAND3X0P5H7L_Y_A_OAOI211X1P4H7L_B0:B0 (OAOI211X1P4H7L)                                                                          |        | 0.001       | 0.000      | 0.078      |             | 0.000  | 1.149f          |
| halt_NAND3BBX0P5H7L_BN_Y_AOI211X0P5H7L_B0_C0_OAI211X0P7H7L_Y_B0_NAND3X0P5H7L_Y_A_OAOI211X1P4H7L_B0:Y (OAOI211X1P4H7L)                                                                           |        | 0.005       | 0.000      | 0.323      |             | 0.150  | 1.299r          |
| halt_NAND3BBX0P5H7L_BN_Y_AOI211X0P5H7L_B0_C0_OAI211X0P7H7L_Y_B0_NAND3X0P5H7L_Y_A_OAOI211X1P4H7L_B0_Y (net)                                                                                      | 7      |             |            |            | 0.000       |        |                 |
| halt_NAND3BBX0P5H7L_BN_Y_AOI211X0P5H7L_B0_C0_OAI211X0P7H7L_Y_B0_NAND3X0P5H7L_Y_A_OAOI211X1P4H7L_B0_Y_NAND3X0P5H7L_B:B (NAND3X0P5H7L)                                                            |        | 0.001       | 0.000      | 0.323      |             | 0.000  | 1.299r          |
| halt_NAND3BBX0P5H7L_BN_Y_AOI211X0P5H7L_B0_C0_OAI211X0P7H7L_Y_B0_NAND3X0P5H7L_Y_A_OAOI211X1P4H7L_B0_Y_NAND3X0P5H7L_B:Y (NAND3X0P5H7L)                                                            |        | 0.001       | 0.000      | 0.117      |             | 0.121  | 1.420f          |
| halt_NAND3BBX0P5H7L_BN_Y_AOI211X0P5H7L_B0_C0_OAI211X0P7H7L_Y_B0_NAND3X0P5H7L_Y_A_OAOI211X1P4H7L_B0_Y_NAND3X0P5H7L_B_Y (net)                                                                     | 1      |             |            |            | 0.000       |        |                 |
| halt_NAND3BBX0P5H7L_BN_Y_AOI211X0P5H7L_B0_C0_OAI211X0P7H7L_Y_B0_NAND3X0P5H7L_Y_A_OAOI211X1P4H7L_B0_Y_NAND3X0P5H7L_B_Y_BUFX1P4H7L_A:A (BUFX1P4H7L)                                               |        | 0.001       | 0.000      | 0.117      |             | 0.000  | 1.420f          |
| halt_NAND3BBX0P5H7L_BN_Y_AOI211X0P5H7L_B0_C0_OAI211X0P7H7L_Y_B0_NAND3X0P5H7L_Y_A_OAOI211X1P4H7L_B0_Y_NAND3X0P5H7L_B_Y_BUFX1P4H7L_A:Y (BUFX1P4H7L)                                               |        | 0.013       | 0.000      | 0.155      |             | 0.167  | 1.587f          |
| u_core.alu_result_26__OA31X1P4H7L_Y_A0_AOI32X0P5H7L_Y_B0_OR2X0P5H7L_Y_A_NOR2X0P5H7L_Y_B (net)                                                                                                   | 19     |             |            |            | 0.000       |        |                 |
| u_core.alu_result_29__OAOI211X0P5H7L_Y_B0_AOI21X0P5H7L_Y_A1_OAI22X0P5H7L_Y_A1_MUX2X0P5H7L_Y_A_MUX2X0P5H7L_Y_S0_OAI21X0P5H7L_Y_B0_NAND2X0P5H7L_Y:B (NAND2X0P5H7L)                                |        | 0.001       | 0.000      | 0.155      |             | 0.000  | 1.587f          |
| u_core.alu_result_29__OAOI211X0P5H7L_Y_B0_AOI21X0P5H7L_Y_A1_OAI22X0P5H7L_Y_A1_MUX2X0P5H7L_Y_A_MUX2X0P5H7L_Y_S0_OAI21X0P5H7L_Y_B0_NAND2X0P5H7L_Y:Y (NAND2X0P5H7L)                                |        | 0.001       | 0.000      | 0.070      |             | 0.076  | 1.663r          |
| u_core.alu_result_29__OAOI211X0P5H7L_Y_B0_AOI21X0P5H7L_Y_A1_OAI22X0P5H7L_Y_A1_MUX2X0P5H7L_Y_A_MUX2X0P5H7L_Y_S0_OAI21X0P5H7L_Y_B0 (net)                                                          | 1      |             |            |            | 0.000       |        |                 |
| u_core.alu_result_29__OAOI211X0P5H7L_Y_B0_AOI21X0P5H7L_Y_A1_OAI22X0P5H7L_Y_A1_MUX2X0P5H7L_Y_A_MUX2X0P5H7L_Y_S0_OAI21X0P5H7L_Y:B0 (OAI21X0P5H7L)                                                 |        | 0.001       | 0.000      | 0.070      |             | 0.000  | 1.663r          |
| u_core.alu_result_29__OAOI211X0P5H7L_Y_B0_AOI21X0P5H7L_Y_A1_OAI22X0P5H7L_Y_A1_MUX2X0P5H7L_Y_A_MUX2X0P5H7L_Y_S0_OAI21X0P5H7L_Y:Y (OAI21X0P5H7L)                                                  |        | 0.006       | 0.000      | 0.240      |             | 0.123  | 1.786f          |
| u_core.alu_result_29__OAOI211X0P5H7L_Y_B0_AOI21X0P5H7L_Y_A1_OAI22X0P5H7L_Y_A1_MUX2X0P5H7L_Y_A_MUX2X0P5H7L_Y_S0 (net)                                                                            | 6      |             |            |            | 0.000       |        |                 |
| u_core.alu_result_17__AOI31X0P5H7L_Y_A1_AOI222X0P5H7L_Y_C1_MUX2X0P5H7L_Y_A_MUXI2X0P5H7L_Y_A_OAO211X0P5H7L_Y_A1_MUX2X0P5H7L_B_A_NAND2BX0P5H7L_Y_AN_AOI21X0P5H7L_B0_Y_OR2X1P4H7L_B:A (OR2X1P4H7L) |        | 0.001       | 0.000      | 0.240      |             | 0.000  | 1.786f          |
| u_core.alu_result_17__AOI31X0P5H7L_Y_A1_AOI222X0P5H7L_Y_C1_MUX2X0P5H7L_Y_A_MUXI2X0P5H7L_Y_A_OAO211X0P5H7L_Y_A1_MUX2X0P5H7L_B_A_NAND2BX0P5H7L_Y_AN_AOI21X0P5H7L_B0_Y_OR2X1P4H7L_B:Y (OR2X1P4H7L) |        | 0.002       | 0.000      | 0.054      |             | 0.167  | 1.953f          |
| u_core.alu_result_24__AOI31X0P5H7L_Y_A1_OAI22X0P5H7L_Y_A0_OAI21X0P5H7L_Y_B0_NAND3BX0P5H7L_Y_AN (net)                                                                                            | 3      |             |            |            | 0.000       |        |                 |
| pc[16]_reg_p_D_OAOI211X1P4H7L_Y_A1_OA211X1P4H7L_Y_C0_AOAI211X0P5H7L_Y_A1_NOR3X0P5H7L_Y:A (NOR3X0P5H7L)                                                                                          |        | 0.001       | 0.000      | 0.054      |             | 0.000  | 1.953f          |
| pc[16]_reg_p_D_OAOI211X1P4H7L_Y_A1_OA211X1P4H7L_Y_C0_AOAI211X0P5H7L_Y_A1_NOR3X0P5H7L_Y:Y (NOR3X0P5H7L)                                                                                          |        | 0.002       | 0.000      | 0.231      |             | 0.166  | 2.119r          |
| pc[16]_reg_p_D_OAOI211X1P4H7L_Y_A1_OA211X1P4H7L_Y_C0_AOAI211X0P5H7L_Y_A1 (net)                                                                                                                  | 3      |             |            |            | 0.000       |        |                 |
| u_core.alu_result_17__AOI31X0P5H7L_Y_A0_AOAI211X0P5H7L_Y_A1_AOAI211X0P5H7L_A1_C0_AOAI211X0P5H7L_C0:A1 (AOAI211X0P5H7L)                                                                          |        | 0.001       | 0.000      | 0.231      |             | 0.000  | 2.119r          |
| u_core.alu_result_17__AOI31X0P5H7L_Y_A0_AOAI211X0P5H7L_Y_A1_AOAI211X0P5H7L_A1_C0_AOAI211X0P5H7L_C0:Y (AOAI211X0P5H7L)                                                                           |        | 0.005       | 0.000      | 0.274      |             | 0.241  | 2.360f          |
| u_core.u_pmem.aw_word_lat_1__NAND2X0P5H7L_A_Y_NOR2X0P5H7L_B_3_A (net)                                                                                                                           | 8      |             |            |            | 0.000       |        |                 |
| u_core.u_pmem.aw_word_lat_1__NAND3BX0P5H7L_B_1_Y_NOR2X0P5H7L_B_3:A (NOR2X0P5H7L)                                                                                                                |        | 0.001       | 0.000      | 0.274      |             | 0.000  | 2.360f          |
| u_core.u_pmem.aw_word_lat_1__NAND3BX0P5H7L_B_1_Y_NOR2X0P5H7L_B_3:Y (NOR2X0P5H7L)                                                                                                                |        | 0.001       | 0.000      | 0.102      |             | 0.121  | 2.481r          |
| u_core.u_pmem.aw_word_lat_1__NAND3BX0P5H7L_B_1_Y_NOR2X0P5H7L_B_3_Y (net)                                                                                                                        | 1      |             |            |            | 0.000       |        |                 |
| u_core.u_pmem.aw_word_lat_1__NAND3BX0P5H7L_B_1_Y_NOR2X0P5H7L_B_3_Y_ICGX0P5H7L_E:E (ICGX0P5H7L)                                                                                                  |        | 0.001       | 0.000      | 0.102      |             | 0.000  | 2.481r          |
|                                                                                                                                                                                                 |        |             |            |            |             |        |                 |
| clk (port)                                                                                                                                                                                      |        | 0.223       | 0.000      | 0.000      |             | 0.000  | 0.000r          |
| clk (clock net)                                                                                                                                                                                 | 275    |             |            |            | NA          |        |                 |
| u_core.u_pmem.aw_word_lat_1__NAND3BX0P5H7L_B_1_Y_NOR2X0P5H7L_B_3_Y_ICGX0P5H7L_E:CK (ICGX0P5H7L)                                                                                                 |        | 0.002       | 0.000      | 0.000      |             | 0.000  | 0.000r          |
| clock core_clock (rise edge)                                                                                                                                                                    |        |             |            |            |             | 2      | 2               |
| clock network delay (ideal)                                                                                                                                                                     |        |             |            |            |             | 0.000  | 2.000           |
| u_core.u_pmem.aw_word_lat_1__NAND3BX0P5H7L_B_1_Y_NOR2X0P5H7L_B_3_Y_ICGX0P5H7L_E:CK (ICGX0P5H7L)                                                                                                 |        |             |            |            |             |        | 2.000r          |
| library setup time                                                                                                                                                                              |        |             |            |            |             | -0.114 | 1.886           |
| clock reconvergence pessimism                                                                                                                                                                   |        |             |            |            |             | 0.000  | 1.886           |
|                                                                                                                                                                                                 |        |             |            |            |             |        |                 |
| path cell delay                                                                                                                                                                                 |        |             |            |            |             |        | 2.481(100.000%) |
| path net delay                                                                                                                                                                                  |        |             |            |            |             |        | 0.000(0.000%)   |
|                                                                                                                                                                                                 |        |             |            |            |             |        |                 |
| data require time                                                                                                                                                                               |        |             |            |            |             |        | 1.886           |
| data arrival time                                                                                                                                                                               |        |             |            |            |             |        | 2.481           |
| slack (VIOLATED)                                                                                                                                                                                |        |             |            |            |             |        | -0.595          |
+-------------------------------------------------------------------------------------------------------------------------------------------------------------------------------------------------+--------+-------------+------------+------------+-------------+--------+-----------------+
+---------------------------------------------------------------------------------------------------+--------+-------------+------------+------------+-------------+--------+-----------------+
| Point                                                                                             | Fanout | Capacitance | Resistance | Transition | Delta Delay | Incr   | Path            |
+---------------------------------------------------------------------------------------------------+--------+-------------+------------+------------+-------------+--------+-----------------+
| clk (port)                                                                                        |        | 0.223       | 0.000      | 0.000      |             | 0.000  | 0.000r          |
| clk (clock net)                                                                                   | 275    |             |            |            | NA          |        |                 |
| u_core.dmem_rvalid_NOR3X0P5H7L_A_Y_NAND4X0P5H7L_D_Y_NOR2X0P5H7L_B_Y_ICGX0P5H7L_E:CK (ICGX0P5H7L)  |        | 0.002       | 0.000      | 0.000      |             | 0.000  | 0.000r          |
| u_core.dmem_rvalid_NOR3X0P5H7L_A_Y_NAND4X0P5H7L_D_Y_NOR2X0P5H7L_B_Y_ICGX0P5H7L_E:ECK (ICGX0P5H7L) |        | 0.022       | 0.000      | 0.000      |             | 0.000  | 0.000r          |
| u_core.u_pmem.rdata_lat_0__reg_p_CK (clock net)                                                   | 32     |             |            |            | NA          |        |                 |
| u_core.u_pmem.rdata_lat_7__reg_p:CK (DFFQX1H7L)                                                   |        | 0.001       | 0.000      | 0.000      |             | 0.000  | 0.000r          |
| clock core_clock (rise edge)                                                                      |        |             |            |            |             | 0      | 0               |
| clock network delay (ideal)                                                                       |        |             |            |            |             | 0.000  | 0.000           |
| u_core.u_pmem.rdata_lat_7__reg_p:CK (DFFQX1H7L)                                                   |        | 0.001       | 0.000      | 0.000      |             | 0.000  | 0.000r          |
| u_core.u_pmem.rdata_lat_7__reg_p:Q (DFFQX1H7L)                                                    |        | 0.001       | 0.000      | 0.037      |             | 0.104  | 0.104f          |
| u_core.u_pmem.rdata_lat_7_ (net)                                                                  | 1      |             |            |            | 0.000       |        |                 |
| u_core.dmem_rdata_7__reg_p:D (DFFQX1H7L)                                                          |        | 0.001       | 0.000      | 0.037      |             | 0.000  | 0.104f          |
|                                                                                                   |        |             |            |            |             |        |                 |
| clk (port)                                                                                        |        | 0.307       | 0.000      | 0.000      |             | 0.000  | 0.000r          |
| clk (clock net)                                                                                   | 275    |             |            |            | NA          |        |                 |
| u_core.u_pmem.state_0__INVX0P5H7L_A_Y_NOR2X0P5H7L_A_Y_ICGX0P5H7L_E:CK (ICGX0P5H7L)                |        | 0.002       | 0.000      | 0.000      |             | 0.000  | 0.000r          |
| u_core.u_pmem.state_0__INVX0P5H7L_A_Y_NOR2X0P5H7L_A_Y_ICGX0P5H7L_E:ECK (ICGX0P5H7L)               |        | 0.029       | 0.000      | 0.000      |             | 0.000  | 0.000r          |
| u_core.dmem_rdata_0__reg_p_CK (clock net)                                                         | 32     |             |            |            | NA          |        |                 |
| u_core.dmem_rdata_7__reg_p:CK (DFFQX1H7L)                                                         |        | 0.001       | 0.000      | 0.000      |             | 0.000  | 0.000r          |
| clock core_clock (rise edge)                                                                      |        |             |            |            |             | 0      | 0               |
| clock network delay (ideal)                                                                       |        |             |            |            |             | 0.000  | 0.000           |
| u_core.dmem_rdata_7__reg_p:CK (DFFQX1H7L)                                                         |        |             |            |            |             |        | 0.000r          |
| library hold time                                                                                 |        |             |            |            |             | -0.014 | -0.014          |
| clock reconvergence pessimism                                                                     |        |             |            |            |             | -0.000 | -0.014          |
|                                                                                                   |        |             |            |            |             |        |                 |
| path cell delay                                                                                   |        |             |            |            |             |        | 0.104(100.000%) |
| path net delay                                                                                    |        |             |            |            |             |        | 0.000(0.000%)   |
|                                                                                                   |        |             |            |            |             |        |                 |
| data require time                                                                                 |        |             |            |            |             |        | -0.014          |
| data arrival time                                                                                 |        |             |            |            |             |        | 0.104           |
| slack (MET)                                                                                       |        |             |            |            |             |        | 0.118           |
+---------------------------------------------------------------------------------------------------+--------+-------------+------------+------------+-------------+--------+-----------------+
+---------------------------------------------------------------------------------------------------+--------+-------------+------------+------------+-------------+--------+-----------------+
| Point                                                                                             | Fanout | Capacitance | Resistance | Transition | Delta Delay | Incr   | Path            |
+---------------------------------------------------------------------------------------------------+--------+-------------+------------+------------+-------------+--------+-----------------+
| clk (port)                                                                                        |        | 0.223       | 0.000      | 0.000      |             | 0.000  | 0.000r          |
| clk (clock net)                                                                                   | 275    |             |            |            | NA          |        |                 |
| u_core.dmem_rvalid_NOR3X0P5H7L_A_Y_NAND4X0P5H7L_D_Y_NOR2X0P5H7L_B_Y_ICGX0P5H7L_E:CK (ICGX0P5H7L)  |        | 0.002       | 0.000      | 0.000      |             | 0.000  | 0.000r          |
| u_core.dmem_rvalid_NOR3X0P5H7L_A_Y_NAND4X0P5H7L_D_Y_NOR2X0P5H7L_B_Y_ICGX0P5H7L_E:ECK (ICGX0P5H7L) |        | 0.022       | 0.000      | 0.000      |             | 0.000  | 0.000r          |
| u_core.u_pmem.rdata_lat_0__reg_p_CK (clock net)                                                   | 32     |             |            |            | NA          |        |                 |
| u_core.u_pmem.rdata_lat_29__reg_p:CK (DFFQX1H7L)                                                  |        | 0.001       | 0.000      | 0.000      |             | 0.000  | 0.000r          |
| clock core_clock (rise edge)                                                                      |        |             |            |            |             | 0      | 0               |
| clock network delay (ideal)                                                                       |        |             |            |            |             | 0.000  | 0.000           |
| u_core.u_pmem.rdata_lat_29__reg_p:CK (DFFQX1H7L)                                                  |        | 0.001       | 0.000      | 0.000      |             | 0.000  | 0.000r          |
| u_core.u_pmem.rdata_lat_29__reg_p:Q (DFFQX1H7L)                                                   |        | 0.001       | 0.000      | 0.037      |             | 0.104  | 0.104f          |
| u_core.u_pmem.rdata_lat_29_ (net)                                                                 | 1      |             |            |            | 0.000       |        |                 |
| u_core.dmem_rdata_29__reg_p:D (DFFQX1H7L)                                                         |        | 0.001       | 0.000      | 0.037      |             | 0.000  | 0.104f          |
|                                                                                                   |        |             |            |            |             |        |                 |
| clk (port)                                                                                        |        | 0.307       | 0.000      | 0.000      |             | 0.000  | 0.000r          |
| clk (clock net)                                                                                   | 275    |             |            |            | NA          |        |                 |
| u_core.u_pmem.state_0__INVX0P5H7L_A_Y_NOR2X0P5H7L_A_Y_ICGX0P5H7L_E:CK (ICGX0P5H7L)                |        | 0.002       | 0.000      | 0.000      |             | 0.000  | 0.000r          |
| u_core.u_pmem.state_0__INVX0P5H7L_A_Y_NOR2X0P5H7L_A_Y_ICGX0P5H7L_E:ECK (ICGX0P5H7L)               |        | 0.029       | 0.000      | 0.000      |             | 0.000  | 0.000r          |
| u_core.dmem_rdata_0__reg_p_CK (clock net)                                                         | 32     |             |            |            | NA          |        |                 |
| u_core.dmem_rdata_29__reg_p:CK (DFFQX1H7L)                                                        |        | 0.001       | 0.000      | 0.000      |             | 0.000  | 0.000r          |
| clock core_clock (rise edge)                                                                      |        |             |            |            |             | 0      | 0               |
| clock network delay (ideal)                                                                       |        |             |            |            |             | 0.000  | 0.000           |
| u_core.dmem_rdata_29__reg_p:CK (DFFQX1H7L)                                                        |        |             |            |            |             |        | 0.000r          |
| library hold time                                                                                 |        |             |            |            |             | -0.014 | -0.014          |
| clock reconvergence pessimism                                                                     |        |             |            |            |             | -0.000 | -0.014          |
|                                                                                                   |        |             |            |            |             |        |                 |
| path cell delay                                                                                   |        |             |            |            |             |        | 0.104(100.000%) |
| path net delay                                                                                    |        |             |            |            |             |        | 0.000(0.000%)   |
|                                                                                                   |        |             |            |            |             |        |                 |
| data require time                                                                                 |        |             |            |            |             |        | -0.014          |
| data arrival time                                                                                 |        |             |            |            |             |        | 0.104           |
| slack (MET)                                                                                       |        |             |            |            |             |        | 0.118           |
+---------------------------------------------------------------------------------------------------+--------+-------------+------------+------------+-------------+--------+-----------------+
+---------------------------------------------------------------------------------------------------+--------+-------------+------------+------------+-------------+--------+-----------------+
| Point                                                                                             | Fanout | Capacitance | Resistance | Transition | Delta Delay | Incr   | Path            |
+---------------------------------------------------------------------------------------------------+--------+-------------+------------+------------+-------------+--------+-----------------+
| clk (port)                                                                                        |        | 0.223       | 0.000      | 0.000      |             | 0.000  | 0.000r          |
| clk (clock net)                                                                                   | 275    |             |            |            | NA          |        |                 |
| u_core.dmem_rvalid_NOR3X0P5H7L_A_Y_NAND4X0P5H7L_D_Y_NOR2X0P5H7L_B_Y_ICGX0P5H7L_E:CK (ICGX0P5H7L)  |        | 0.002       | 0.000      | 0.000      |             | 0.000  | 0.000r          |
| u_core.dmem_rvalid_NOR3X0P5H7L_A_Y_NAND4X0P5H7L_D_Y_NOR2X0P5H7L_B_Y_ICGX0P5H7L_E:ECK (ICGX0P5H7L) |        | 0.022       | 0.000      | 0.000      |             | 0.000  | 0.000r          |
| u_core.u_pmem.rdata_lat_0__reg_p_CK (clock net)                                                   | 32     |             |            |            | NA          |        |                 |
| u_core.u_pmem.rdata_lat_19__reg_p:CK (DFFQX1H7L)                                                  |        | 0.001       | 0.000      | 0.000      |             | 0.000  | 0.000r          |
| clock core_clock (rise edge)                                                                      |        |             |            |            |             | 0      | 0               |
| clock network delay (ideal)                                                                       |        |             |            |            |             | 0.000  | 0.000           |
| u_core.u_pmem.rdata_lat_19__reg_p:CK (DFFQX1H7L)                                                  |        | 0.001       | 0.000      | 0.000      |             | 0.000  | 0.000r          |
| u_core.u_pmem.rdata_lat_19__reg_p:Q (DFFQX1H7L)                                                   |        | 0.001       | 0.000      | 0.037      |             | 0.104  | 0.104f          |
| u_core.u_pmem.rdata_lat_19_ (net)                                                                 | 1      |             |            |            | 0.000       |        |                 |
| u_core.dmem_rdata_19__reg_p:D (DFFQX1H7L)                                                         |        | 0.001       | 0.000      | 0.037      |             | 0.000  | 0.104f          |
|                                                                                                   |        |             |            |            |             |        |                 |
| clk (port)                                                                                        |        | 0.307       | 0.000      | 0.000      |             | 0.000  | 0.000r          |
| clk (clock net)                                                                                   | 275    |             |            |            | NA          |        |                 |
| u_core.u_pmem.state_0__INVX0P5H7L_A_Y_NOR2X0P5H7L_A_Y_ICGX0P5H7L_E:CK (ICGX0P5H7L)                |        | 0.002       | 0.000      | 0.000      |             | 0.000  | 0.000r          |
| u_core.u_pmem.state_0__INVX0P5H7L_A_Y_NOR2X0P5H7L_A_Y_ICGX0P5H7L_E:ECK (ICGX0P5H7L)               |        | 0.029       | 0.000      | 0.000      |             | 0.000  | 0.000r          |
| u_core.dmem_rdata_0__reg_p_CK (clock net)                                                         | 32     |             |            |            | NA          |        |                 |
| u_core.dmem_rdata_19__reg_p:CK (DFFQX1H7L)                                                        |        | 0.001       | 0.000      | 0.000      |             | 0.000  | 0.000r          |
| clock core_clock (rise edge)                                                                      |        |             |            |            |             | 0      | 0               |
| clock network delay (ideal)                                                                       |        |             |            |            |             | 0.000  | 0.000           |
| u_core.dmem_rdata_19__reg_p:CK (DFFQX1H7L)                                                        |        |             |            |            |             |        | 0.000r          |
| library hold time                                                                                 |        |             |            |            |             | -0.014 | -0.014          |
| clock reconvergence pessimism                                                                     |        |             |            |            |             | -0.000 | -0.014          |
|                                                                                                   |        |             |            |            |             |        |                 |
| path cell delay                                                                                   |        |             |            |            |             |        | 0.104(100.000%) |
| path net delay                                                                                    |        |             |            |            |             |        | 0.000(0.000%)   |
|                                                                                                   |        |             |            |            |             |        |                 |
| data require time                                                                                 |        |             |            |            |             |        | -0.014          |
| data arrival time                                                                                 |        |             |            |            |             |        | 0.104           |
| slack (MET)                                                                                       |        |             |            |            |             |        | 0.118           |
+---------------------------------------------------------------------------------------------------+--------+-------------+------------+------------+-------------+--------+-----------------+
+---------------------------------------------------------------------------------------------------+--------+-------------+------------+------------+-------------+--------+-----------------+
| Point                                                                                             | Fanout | Capacitance | Resistance | Transition | Delta Delay | Incr   | Path            |
+---------------------------------------------------------------------------------------------------+--------+-------------+------------+------------+-------------+--------+-----------------+
| clk (port)                                                                                        |        | 0.223       | 0.000      | 0.000      |             | 0.000  | 0.000r          |
| clk (clock net)                                                                                   | 275    |             |            |            | NA          |        |                 |
| u_core.dmem_rvalid_NOR3X0P5H7L_A_Y_NAND4X0P5H7L_D_Y_NOR2X0P5H7L_B_Y_ICGX0P5H7L_E:CK (ICGX0P5H7L)  |        | 0.002       | 0.000      | 0.000      |             | 0.000  | 0.000r          |
| u_core.dmem_rvalid_NOR3X0P5H7L_A_Y_NAND4X0P5H7L_D_Y_NOR2X0P5H7L_B_Y_ICGX0P5H7L_E:ECK (ICGX0P5H7L) |        | 0.022       | 0.000      | 0.000      |             | 0.000  | 0.000r          |
| u_core.u_pmem.rdata_lat_0__reg_p_CK (clock net)                                                   | 32     |             |            |            | NA          |        |                 |
| u_core.u_pmem.rdata_lat_3__reg_p:CK (DFFQX1H7L)                                                   |        | 0.001       | 0.000      | 0.000      |             | 0.000  | 0.000r          |
| clock core_clock (rise edge)                                                                      |        |             |            |            |             | 0      | 0               |
| clock network delay (ideal)                                                                       |        |             |            |            |             | 0.000  | 0.000           |
| u_core.u_pmem.rdata_lat_3__reg_p:CK (DFFQX1H7L)                                                   |        | 0.001       | 0.000      | 0.000      |             | 0.000  | 0.000r          |
| u_core.u_pmem.rdata_lat_3__reg_p:Q (DFFQX1H7L)                                                    |        | 0.001       | 0.000      | 0.037      |             | 0.104  | 0.104f          |
| u_core.u_pmem.rdata_lat_3_ (net)                                                                  | 1      |             |            |            | 0.000       |        |                 |
| u_core.dmem_rdata_3__reg_p:D (DFFQX1H7L)                                                          |        | 0.001       | 0.000      | 0.037      |             | 0.000  | 0.104f          |
|                                                                                                   |        |             |            |            |             |        |                 |
| clk (port)                                                                                        |        | 0.307       | 0.000      | 0.000      |             | 0.000  | 0.000r          |
| clk (clock net)                                                                                   | 275    |             |            |            | NA          |        |                 |
| u_core.u_pmem.state_0__INVX0P5H7L_A_Y_NOR2X0P5H7L_A_Y_ICGX0P5H7L_E:CK (ICGX0P5H7L)                |        | 0.002       | 0.000      | 0.000      |             | 0.000  | 0.000r          |
| u_core.u_pmem.state_0__INVX0P5H7L_A_Y_NOR2X0P5H7L_A_Y_ICGX0P5H7L_E:ECK (ICGX0P5H7L)               |        | 0.029       | 0.000      | 0.000      |             | 0.000  | 0.000r          |
| u_core.dmem_rdata_0__reg_p_CK (clock net)                                                         | 32     |             |            |            | NA          |        |                 |
| u_core.dmem_rdata_3__reg_p:CK (DFFQX1H7L)                                                         |        | 0.001       | 0.000      | 0.000      |             | 0.000  | 0.000r          |
| clock core_clock (rise edge)                                                                      |        |             |            |            |             | 0      | 0               |
| clock network delay (ideal)                                                                       |        |             |            |            |             | 0.000  | 0.000           |
| u_core.dmem_rdata_3__reg_p:CK (DFFQX1H7L)                                                         |        |             |            |            |             |        | 0.000r          |
| library hold time                                                                                 |        |             |            |            |             | -0.014 | -0.014          |
| clock reconvergence pessimism                                                                     |        |             |            |            |             | -0.000 | -0.014          |
|                                                                                                   |        |             |            |            |             |        |                 |
| path cell delay                                                                                   |        |             |            |            |             |        | 0.104(100.000%) |
| path net delay                                                                                    |        |             |            |            |             |        | 0.000(0.000%)   |
|                                                                                                   |        |             |            |            |             |        |                 |
| data require time                                                                                 |        |             |            |            |             |        | -0.014          |
| data arrival time                                                                                 |        |             |            |            |             |        | 0.104           |
| slack (MET)                                                                                       |        |             |            |            |             |        | 0.118           |
+---------------------------------------------------------------------------------------------------+--------+-------------+------------+------------+-------------+--------+-----------------+
+---------------------------------------------------------------------------------------------------+--------+-------------+------------+------------+-------------+--------+-----------------+
| Point                                                                                             | Fanout | Capacitance | Resistance | Transition | Delta Delay | Incr   | Path            |
+---------------------------------------------------------------------------------------------------+--------+-------------+------------+------------+-------------+--------+-----------------+
| clk (port)                                                                                        |        | 0.223       | 0.000      | 0.000      |             | 0.000  | 0.000r          |
| clk (clock net)                                                                                   | 275    |             |            |            | NA          |        |                 |
| u_core.dmem_rvalid_NOR3X0P5H7L_A_Y_NAND4X0P5H7L_D_Y_NOR2X0P5H7L_B_Y_ICGX0P5H7L_E:CK (ICGX0P5H7L)  |        | 0.002       | 0.000      | 0.000      |             | 0.000  | 0.000r          |
| u_core.dmem_rvalid_NOR3X0P5H7L_A_Y_NAND4X0P5H7L_D_Y_NOR2X0P5H7L_B_Y_ICGX0P5H7L_E:ECK (ICGX0P5H7L) |        | 0.022       | 0.000      | 0.000      |             | 0.000  | 0.000r          |
| u_core.u_pmem.rdata_lat_0__reg_p_CK (clock net)                                                   | 32     |             |            |            | NA          |        |                 |
| u_core.u_pmem.rdata_lat_2__reg_p:CK (DFFQX1H7L)                                                   |        | 0.001       | 0.000      | 0.000      |             | 0.000  | 0.000r          |
| clock core_clock (rise edge)                                                                      |        |             |            |            |             | 0      | 0               |
| clock network delay (ideal)                                                                       |        |             |            |            |             | 0.000  | 0.000           |
| u_core.u_pmem.rdata_lat_2__reg_p:CK (DFFQX1H7L)                                                   |        | 0.001       | 0.000      | 0.000      |             | 0.000  | 0.000r          |
| u_core.u_pmem.rdata_lat_2__reg_p:Q (DFFQX1H7L)                                                    |        | 0.001       | 0.000      | 0.037      |             | 0.104  | 0.104f          |
| u_core.u_pmem.rdata_lat_2_ (net)                                                                  | 1      |             |            |            | 0.000       |        |                 |
| u_core.dmem_rdata_2__reg_p:D (DFFQX1H7L)                                                          |        | 0.001       | 0.000      | 0.037      |             | 0.000  | 0.104f          |
|                                                                                                   |        |             |            |            |             |        |                 |
| clk (port)                                                                                        |        | 0.307       | 0.000      | 0.000      |             | 0.000  | 0.000r          |
| clk (clock net)                                                                                   | 275    |             |            |            | NA          |        |                 |
| u_core.u_pmem.state_0__INVX0P5H7L_A_Y_NOR2X0P5H7L_A_Y_ICGX0P5H7L_E:CK (ICGX0P5H7L)                |        | 0.002       | 0.000      | 0.000      |             | 0.000  | 0.000r          |
| u_core.u_pmem.state_0__INVX0P5H7L_A_Y_NOR2X0P5H7L_A_Y_ICGX0P5H7L_E:ECK (ICGX0P5H7L)               |        | 0.029       | 0.000      | 0.000      |             | 0.000  | 0.000r          |
| u_core.dmem_rdata_0__reg_p_CK (clock net)                                                         | 32     |             |            |            | NA          |        |                 |
| u_core.dmem_rdata_2__reg_p:CK (DFFQX1H7L)                                                         |        | 0.001       | 0.000      | 0.000      |             | 0.000  | 0.000r          |
| clock core_clock (rise edge)                                                                      |        |             |            |            |             | 0      | 0               |
| clock network delay (ideal)                                                                       |        |             |            |            |             | 0.000  | 0.000           |
| u_core.dmem_rdata_2__reg_p:CK (DFFQX1H7L)                                                         |        |             |            |            |             |        | 0.000r          |
| library hold time                                                                                 |        |             |            |            |             | -0.014 | -0.014          |
| clock reconvergence pessimism                                                                     |        |             |            |            |             | -0.000 | -0.014          |
|                                                                                                   |        |             |            |            |             |        |                 |
| path cell delay                                                                                   |        |             |            |            |             |        | 0.104(100.000%) |
| path net delay                                                                                    |        |             |            |            |             |        | 0.000(0.000%)   |
|                                                                                                   |        |             |            |            |             |        |                 |
| data require time                                                                                 |        |             |            |            |             |        | -0.014          |
| data arrival time                                                                                 |        |             |            |            |             |        | 0.104           |
| slack (MET)                                                                                       |        |             |            |            |             |        | 0.118           |
+---------------------------------------------------------------------------------------------------+--------+-------------+------------+------------+-------------+--------+-----------------+
+------------------------------------------------------------+--------+-------------+------------+------------+-------------+--------+-----------------+
| Point                                                      | Fanout | Capacitance | Resistance | Transition | Delta Delay | Incr   | Path            |
+------------------------------------------------------------+--------+-------------+------------+------------+-------------+--------+-----------------+
| clk (port)                                                 |        | 0.223       | 0.000      | 0.000      |             | 0.000  | 0.000r          |
| clk (clock net)                                            | 275    |             |            |            | NA          |        |                 |
| u_core.rtc_rvalid_reg_p_CK_ICGX0P5H7L_ECK:CK (ICGX0P5H7L)  |        | 0.002       | 0.000      | 0.000      |             | 0.000  | 0.000r          |
| u_core.rtc_rvalid_reg_p_CK_ICGX0P5H7L_ECK:ECK (ICGX0P5H7L) |        | 0.001       | 0.000      | 0.000      |             | 0.000  | 0.000r          |
| u_core.rtc_rvalid_reg_p_CK (clock net)                     | 1      |             |            |            | NA          |        |                 |
| u_core.rtc_rvalid_reg_p:CK (DFFQX1H7L)                     |        | 0.001       | 0.000      | 0.000      |             | 0.000  | 0.000r          |
| clock core_clock (rise edge)                               |        |             |            |            |             | 0      | 0               |
| clock network delay (ideal)                                |        |             |            |            |             | 0.000  | 0.000           |
| u_core.rtc_rvalid_reg_p:CK (DFFQX1H7L)                     |        | 0.001       | 0.000      | 0.000      |             | 0.000  | 0.000r          |
| u_core.rtc_rvalid_reg_p:Q (DFFQX1H7L)                      |        | 0.001       | 0.000      | 0.043      |             | 0.110  | 0.110f          |
| u_core.rtc_rvalid (net)                                    | 2      |             |            |            | 0.000       |        |                 |
| u_core.rtc_rvalid_NOR2BX1P4H7L_AN:AN (NOR2BX1P4H7L)        |        | 0.001       | 0.000      | 0.043      |             | 0.000  | 0.110f          |
| u_core.rtc_rvalid_NOR2BX1P4H7L_AN:Z (NOR2BX1P4H7L)         |        | 0.001       | 0.000      | 0.023      |             | 0.062  | 0.172f          |
| u_core.rtc_rvalid_NOR2BX1P4H7L_AN_Z (net)                  | 1      |             |            |            | 0.000       |        |                 |
| u_core.rtc_rvalid_reg_p_CK_ICGX0P5H7L_ECK:E (ICGX0P5H7L)   |        | 0.001       | 0.000      | 0.023      |             | 0.000  | 0.172f          |
|                                                            |        |             |            |            |             |        |                 |
| clk (port)                                                 |        | 0.307       | 0.000      | 0.000      |             | 0.000  | 0.000r          |
| clk (clock net)                                            | 275    |             |            |            | NA          |        |                 |
| u_core.rtc_rvalid_reg_p_CK_ICGX0P5H7L_ECK:CK (ICGX0P5H7L)  |        | 0.002       | 0.000      | 0.000      |             | 0.000  | 0.000r          |
| clock core_clock (rise edge)                               |        |             |            |            |             | 0      | 0               |
| clock network delay (ideal)                                |        |             |            |            |             | 0.000  | 0.000           |
| u_core.rtc_rvalid_reg_p_CK_ICGX0P5H7L_ECK:CK (ICGX0P5H7L)  |        |             |            |            |             |        | 0.000r          |
| library hold time                                          |        |             |            |            |             | -0.004 | -0.004          |
| clock reconvergence pessimism                              |        |             |            |            |             | -0.000 | -0.004          |
|                                                            |        |             |            |            |             |        |                 |
| path cell delay                                            |        |             |            |            |             |        | 0.172(100.000%) |
| path net delay                                             |        |             |            |            |             |        | 0.000(0.000%)   |
|                                                            |        |             |            |            |             |        |                 |
| data require time                                          |        |             |            |            |             |        | -0.004          |
| data arrival time                                          |        |             |            |            |             |        | 0.172           |
| slack (MET)                                                |        |             |            |            |             |        | 0.176           |
+------------------------------------------------------------+--------+-------------+------------+------------+-------------+--------+-----------------+
+---------------------------------------------------------------+--------+-------------+------------+------------+-------------+--------+-----------------+
| Point                                                         | Fanout | Capacitance | Resistance | Transition | Delta Delay | Incr   | Path            |
+---------------------------------------------------------------+--------+-------------+------------+------------+-------------+--------+-----------------+
| clk (port)                                                    |        | 0.223       | 0.000      | 0.000      |             | 0.000  | 0.000r          |
| clk (clock net)                                               | 275    |             |            |            | NA          |        |                 |
| u_core.u_uart.bvalid_reg_p_CK_ICGX0P5H7L_ECK:CK (ICGX0P5H7L)  |        | 0.002       | 0.000      | 0.000      |             | 0.000  | 0.000r          |
| u_core.u_uart.bvalid_reg_p_CK_ICGX0P5H7L_ECK:ECK (ICGX0P5H7L) |        | 0.001       | 0.000      | 0.000      |             | 0.000  | 0.000r          |
| u_core.u_uart.bvalid_reg_p_CK (clock net)                     | 1      |             |            |            | NA          |        |                 |
| u_core.u_uart.bvalid_reg_p:CK (DFFQX1H7L)                     |        | 0.001       | 0.000      | 0.000      |             | 0.000  | 0.000r          |
| clock core_clock (rise edge)                                  |        |             |            |            |             | 0      | 0               |
| clock network delay (ideal)                                   |        |             |            |            |             | 0.000  | 0.000           |
| u_core.u_uart.bvalid_reg_p:CK (DFFQX1H7L)                     |        | 0.001       | 0.000      | 0.000      |             | 0.000  | 0.000r          |
| u_core.u_uart.bvalid_reg_p:Q (DFFQX1H7L)                      |        | 0.001       | 0.000      | 0.044      |             | 0.110  | 0.110f          |
| u_core.u_uart.bvalid (net)                                    | 2      |             |            |            | 0.000       |        |                 |
| u_core.u_uart.bvalid_NOR2BX1P4H7L_AN:AN (NOR2BX1P4H7L)        |        | 0.001       | 0.000      | 0.044      |             | 0.000  | 0.110f          |
| u_core.u_uart.bvalid_NOR2BX1P4H7L_AN:Z (NOR2BX1P4H7L)         |        | 0.001       | 0.000      | 0.022      |             | 0.062  | 0.173f          |
| u_core.u_uart.bvalid_NOR2BX1P4H7L_AN_Z (net)                  | 1      |             |            |            | 0.000       |        |                 |
| u_core.u_uart.bvalid_reg_p_CK_ICGX0P5H7L_ECK:E (ICGX0P5H7L)   |        | 0.001       | 0.000      | 0.022      |             | 0.000  | 0.173f          |
|                                                               |        |             |            |            |             |        |                 |
| clk (port)                                                    |        | 0.307       | 0.000      | 0.000      |             | 0.000  | 0.000r          |
| clk (clock net)                                               | 275    |             |            |            | NA          |        |                 |
| u_core.u_uart.bvalid_reg_p_CK_ICGX0P5H7L_ECK:CK (ICGX0P5H7L)  |        | 0.002       | 0.000      | 0.000      |             | 0.000  | 0.000r          |
| clock core_clock (rise edge)                                  |        |             |            |            |             | 0      | 0               |
| clock network delay (ideal)                                   |        |             |            |            |             | 0.000  | 0.000           |
| u_core.u_uart.bvalid_reg_p_CK_ICGX0P5H7L_ECK:CK (ICGX0P5H7L)  |        |             |            |            |             |        | 0.000r          |
| library hold time                                             |        |             |            |            |             | -0.004 | -0.004          |
| clock reconvergence pessimism                                 |        |             |            |            |             | -0.000 | -0.004          |
|                                                               |        |             |            |            |             |        |                 |
| path cell delay                                               |        |             |            |            |             |        | 0.173(100.000%) |
| path net delay                                                |        |             |            |            |             |        | 0.000(0.000%)   |
|                                                               |        |             |            |            |             |        |                 |
| data require time                                             |        |             |            |            |             |        | -0.004          |
| data arrival time                                             |        |             |            |            |             |        | 0.173           |
| slack (MET)                                                   |        |             |            |            |             |        | 0.177           |
+---------------------------------------------------------------+--------+-------------+------------+------------+-------------+--------+-----------------+
+---------------------------------------------------------------+--------+-------------+------------+------------+-------------+--------+-----------------+
| Point                                                         | Fanout | Capacitance | Resistance | Transition | Delta Delay | Incr   | Path            |
+---------------------------------------------------------------+--------+-------------+------------+------------+-------------+--------+-----------------+
| clk (port)                                                    |        | 0.223       | 0.000      | 0.000      |             | 0.000  | 0.000r          |
| clk (clock net)                                               | 275    |             |            |            | NA          |        |                 |
| u_core.u_uart.rvalid_reg_p_CK_ICGX0P5H7L_ECK:CK (ICGX0P5H7L)  |        | 0.002       | 0.000      | 0.000      |             | 0.000  | 0.000r          |
| u_core.u_uart.rvalid_reg_p_CK_ICGX0P5H7L_ECK:ECK (ICGX0P5H7L) |        | 0.001       | 0.000      | 0.000      |             | 0.000  | 0.000r          |
| u_core.u_uart.rvalid_reg_p_CK (clock net)                     | 1      |             |            |            | NA          |        |                 |
| u_core.u_uart.rvalid_reg_p:CK (DFFQX1H7L)                     |        | 0.001       | 0.000      | 0.000      |             | 0.000  | 0.000r          |
| clock core_clock (rise edge)                                  |        |             |            |            |             | 0      | 0               |
| clock network delay (ideal)                                   |        |             |            |            |             | 0.000  | 0.000           |
| u_core.u_uart.rvalid_reg_p:CK (DFFQX1H7L)                     |        | 0.001       | 0.000      | 0.000      |             | 0.000  | 0.000r          |
| u_core.u_uart.rvalid_reg_p:Q (DFFQX1H7L)                      |        | 0.001       | 0.000      | 0.045      |             | 0.111  | 0.111f          |
| u_core.u_uart.rvalid (net)                                    | 2      |             |            |            | 0.000       |        |                 |
| u_core.u_uart.rvalid_NOR2BX1P4H7L_AN:AN (NOR2BX1P4H7L)        |        | 0.001       | 0.000      | 0.045      |             | 0.000  | 0.111f          |
| u_core.u_uart.rvalid_NOR2BX1P4H7L_AN:Z (NOR2BX1P4H7L)         |        | 0.001       | 0.000      | 0.023      |             | 0.063  | 0.174f          |
| u_core.u_uart.rvalid_NOR2BX1P4H7L_AN_Z (net)                  | 1      |             |            |            | 0.000       |        |                 |
| u_core.u_uart.rvalid_reg_p_CK_ICGX0P5H7L_ECK:E (ICGX0P5H7L)   |        | 0.001       | 0.000      | 0.023      |             | 0.000  | 0.174f          |
|                                                               |        |             |            |            |             |        |                 |
| clk (port)                                                    |        | 0.307       | 0.000      | 0.000      |             | 0.000  | 0.000r          |
| clk (clock net)                                               | 275    |             |            |            | NA          |        |                 |
| u_core.u_uart.rvalid_reg_p_CK_ICGX0P5H7L_ECK:CK (ICGX0P5H7L)  |        | 0.002       | 0.000      | 0.000      |             | 0.000  | 0.000r          |
| clock core_clock (rise edge)                                  |        |             |            |            |             | 0      | 0               |
| clock network delay (ideal)                                   |        |             |            |            |             | 0.000  | 0.000           |
| u_core.u_uart.rvalid_reg_p_CK_ICGX0P5H7L_ECK:CK (ICGX0P5H7L)  |        |             |            |            |             |        | 0.000r          |
| library hold time                                             |        |             |            |            |             | -0.004 | -0.004          |
| clock reconvergence pessimism                                 |        |             |            |            |             | -0.000 | -0.004          |
|                                                               |        |             |            |            |             |        |                 |
| path cell delay                                               |        |             |            |            |             |        | 0.174(100.000%) |
| path net delay                                                |        |             |            |            |             |        | 0.000(0.000%)   |
|                                                               |        |             |            |            |             |        |                 |
| data require time                                             |        |             |            |            |             |        | -0.004          |
| data arrival time                                             |        |             |            |            |             |        | 0.174           |
| slack (MET)                                                   |        |             |            |            |             |        | 0.178           |
+---------------------------------------------------------------+--------+-------------+------------+------------+-------------+--------+-----------------+
+-------------------------------------------------------------------------+--------+-------------+------------+------------+-------------+--------+-----------------+
| Point                                                                   | Fanout | Capacitance | Resistance | Transition | Delta Delay | Incr   | Path            |
+-------------------------------------------------------------------------+--------+-------------+------------+------------+-------------+--------+-----------------+
| clk (port)                                                              |        | 0.223       | 0.000      | 0.000      |             | 0.000  | 0.000r          |
| clk (clock net)                                                         | 275    |             |            |            | NA          |        |                 |
| u_core.u_pmem.state_0__reg_p_CK_ICGX0P5H7L_ECK:CK (ICGX0P5H7L)          |        | 0.002       | 0.000      | 0.000      |             | 0.000  | 0.000r          |
| u_core.u_pmem.state_0__reg_p_CK_ICGX0P5H7L_ECK:ECK (ICGX0P5H7L)         |        | 0.001       | 0.000      | 0.000      |             | 0.000  | 0.000r          |
| u_core.u_pmem.state_0__reg_p_CK (clock net)                             | 2      |             |            |            | NA          |        |                 |
| u_core.u_pmem.state_1__reg_p:CK (DFFQX1H7L)                             |        | 0.001       | 0.000      | 0.000      |             | 0.000  | 0.000r          |
| clock core_clock (rise edge)                                            |        |             |            |            |             | 0      | 0               |
| clock network delay (ideal)                                             |        |             |            |            |             | 0.000  | 0.000           |
| u_core.u_pmem.state_1__reg_p:CK (DFFQX1H7L)                             |        | 0.001       | 0.000      | 0.000      |             | 0.000  | 0.000r          |
| u_core.u_pmem.state_1__reg_p:Q (DFFQX1H7L)                              |        | 0.001       | 0.000      | 0.045      |             | 0.112  | 0.112f          |
| u_core.u_pmem.state_1_ (net)                                            | 2      |             |            |            | 0.000       |        |                 |
| u_core.u_pmem.state_1__INVX0P5H7L_A:A (INVX0P5H7L)                      |        | 0.001       | 0.000      | 0.045      |             | 0.000  | 0.112f          |
| u_core.u_pmem.state_1__INVX0P5H7L_A:Y (INVX0P5H7L)                      |        | 0.001       | 0.000      | 0.041      |             | 0.043  | 0.154r          |
| u_core.u_pmem.state_1__INVX0P5H7L_A_Y (net)                             | 2      |             |            |            | 0.000       |        |                 |
| u_core.u_pmem.state_1__INVX0P5H7L_A_Y_OAI32X0P5H7L_B0:B0 (OAI32X0P5H7L) |        | 0.001       | 0.000      | 0.041      |             | 0.000  | 0.154r          |
| u_core.u_pmem.state_1__INVX0P5H7L_A_Y_OAI32X0P5H7L_B0:Y (OAI32X0P5H7L)  |        | 0.001       | 0.000      | 0.033      |             | 0.035  | 0.190f          |
| u_core.dmem_bvalid_reg_p_CK_ICGX0P5H7L_ECK_E (net)                      | 1      |             |            |            | 0.000       |        |                 |
| u_core.dmem_bvalid_reg_p_CK_ICGX0P5H7L_ECK:E (ICGX0P5H7L)               |        | 0.001       | 0.000      | 0.033      |             | 0.000  | 0.190f          |
|                                                                         |        |             |            |            |             |        |                 |
| clk (port)                                                              |        | 0.307       | 0.000      | 0.000      |             | 0.000  | 0.000r          |
| clk (clock net)                                                         | 275    |             |            |            | NA          |        |                 |
| u_core.dmem_bvalid_reg_p_CK_ICGX0P5H7L_ECK:CK (ICGX0P5H7L)              |        | 0.002       | 0.000      | 0.000      |             | 0.000  | 0.000r          |
| clock core_clock (rise edge)                                            |        |             |            |            |             | 0      | 0               |
| clock network delay (ideal)                                             |        |             |            |            |             | 0.000  | 0.000           |
| u_core.dmem_bvalid_reg_p_CK_ICGX0P5H7L_ECK:CK (ICGX0P5H7L)              |        |             |            |            |             |        | 0.000r          |
| library hold time                                                       |        |             |            |            |             | -0.007 | -0.007          |
| clock reconvergence pessimism                                           |        |             |            |            |             | -0.000 | -0.007          |
|                                                                         |        |             |            |            |             |        |                 |
| path cell delay                                                         |        |             |            |            |             |        | 0.190(100.000%) |
| path net delay                                                          |        |             |            |            |             |        | 0.000(0.000%)   |
|                                                                         |        |             |            |            |             |        |                 |
| data require time                                                       |        |             |            |            |             |        | -0.007          |
| data arrival time                                                       |        |             |            |            |             |        | 0.190           |
| slack (MET)                                                             |        |             |            |            |             |        | 0.197           |
+-------------------------------------------------------------------------+--------+-------------+------------+------------+-------------+--------+-----------------+
+------------------------------------------------------------------------------------+--------+-------------+------------+------------+-------------+--------+-----------------+
| Point                                                                              | Fanout | Capacitance | Resistance | Transition | Delta Delay | Incr   | Path            |
+------------------------------------------------------------------------------------+--------+-------------+------------+------------+-------------+--------+-----------------+
| clk (port)                                                                         |        | 0.223       | 0.000      | 0.000      |             | 0.000  | 0.000r          |
| clk (clock net)                                                                    | 275    |             |            |            | NA          |        |                 |
| u_core.u_pmem.state_0__reg_p_CK_ICGX0P5H7L_ECK:CK (ICGX0P5H7L)                     |        | 0.002       | 0.000      | 0.000      |             | 0.000  | 0.000r          |
| u_core.u_pmem.state_0__reg_p_CK_ICGX0P5H7L_ECK:ECK (ICGX0P5H7L)                    |        | 0.001       | 0.000      | 0.000      |             | 0.000  | 0.000r          |
| u_core.u_pmem.state_0__reg_p_CK (clock net)                                        | 2      |             |            |            | NA          |        |                 |
| u_core.u_pmem.state_0__reg_p:CK (DFFQX1H7L)                                        |        | 0.001       | 0.000      | 0.000      |             | 0.000  | 0.000r          |
| clock core_clock (rise edge)                                                       |        |             |            |            |             | 0      | 0               |
| clock network delay (ideal)                                                        |        |             |            |            |             | 0.000  | 0.000           |
| u_core.u_pmem.state_0__reg_p:CK (DFFQX1H7L)                                        |        | 0.001       | 0.000      | 0.000      |             | 0.000  | 0.000r          |
| u_core.u_pmem.state_0__reg_p:Q (DFFQX1H7L)                                         |        | 0.001       | 0.000      | 0.045      |             | 0.112  | 0.112f          |
| u_core.u_pmem.state_0_ (net)                                                       | 2      |             |            |            | 0.000       |        |                 |
| u_core.u_pmem.state_0__INVX0P5H7L_A:A (INVX0P5H7L)                                 |        | 0.001       | 0.000      | 0.045      |             | 0.000  | 0.112f          |
| u_core.u_pmem.state_0__INVX0P5H7L_A:Y (INVX0P5H7L)                                 |        | 0.002       | 0.000      | 0.057      |             | 0.051  | 0.163r          |
| u_core.u_pmem.state_0__INVX0P5H7L_A_Y (net)                                        | 3      |             |            |            | 0.000       |        |                 |
| u_core.u_pmem.state_0__INVX0P5H7L_A_Y_NOR2X0P5H7L_A:A (NOR2X0P5H7L)                |        | 0.001       | 0.000      | 0.057      |             | 0.000  | 0.163r          |
| u_core.u_pmem.state_0__INVX0P5H7L_A_Y_NOR2X0P5H7L_A:Y (NOR2X0P5H7L)                |        | 0.001       | 0.000      | 0.030      |             | 0.034  | 0.198f          |
| u_core.u_pmem.state_0__INVX0P5H7L_A_Y_NOR2X0P5H7L_A_Y (net)                        | 1      |             |            |            | 0.000       |        |                 |
| u_core.u_pmem.state_0__INVX0P5H7L_A_Y_NOR2X0P5H7L_A_Y_ICGX0P5H7L_E:E (ICGX0P5H7L)  |        | 0.001       | 0.000      | 0.030      |             | 0.000  | 0.198f          |
|                                                                                    |        |             |            |            |             |        |                 |
| clk (port)                                                                         |        | 0.307       | 0.000      | 0.000      |             | 0.000  | 0.000r          |
| clk (clock net)                                                                    | 275    |             |            |            | NA          |        |                 |
| u_core.u_pmem.state_0__INVX0P5H7L_A_Y_NOR2X0P5H7L_A_Y_ICGX0P5H7L_E:CK (ICGX0P5H7L) |        | 0.002       | 0.000      | 0.000      |             | 0.000  | 0.000r          |
| clock core_clock (rise edge)                                                       |        |             |            |            |             | 0      | 0               |
| clock network delay (ideal)                                                        |        |             |            |            |             | 0.000  | 0.000           |
| u_core.u_pmem.state_0__INVX0P5H7L_A_Y_NOR2X0P5H7L_A_Y_ICGX0P5H7L_E:CK (ICGX0P5H7L) |        |             |            |            |             |        | 0.000r          |
| library hold time                                                                  |        |             |            |            |             | -0.006 | -0.006          |
| clock reconvergence pessimism                                                      |        |             |            |            |             | -0.000 | -0.006          |
|                                                                                    |        |             |            |            |             |        |                 |
| path cell delay                                                                    |        |             |            |            |             |        | 0.198(100.000%) |
| path net delay                                                                     |        |             |            |            |             |        | 0.000(0.000%)   |
|                                                                                    |        |             |            |            |             |        |                 |
| data require time                                                                  |        |             |            |            |             |        | -0.006          |
| data arrival time                                                                  |        |             |            |            |             |        | 0.198           |
| slack (MET)                                                                        |        |             |            |            |             |        | 0.204           |
+------------------------------------------------------------------------------------+--------+-------------+------------+------------+-------------+--------+-----------------+
